=== Term1 ASR start Fri Aug 28 00:05:53 PDT 2026 ===
[001] skip (txt exists)

=== [002] Fri Aug 28 00:05:53 PDT 2026 ===
  input: Audios/Tadabor_Sobohi/Manaee/Term1/002/002_آموزش مبانی تدبر - بخش اول فایل۲ از سطح۱ سال۱۳۹۸ - علی صبوحی طسو.mp3
Provider: ElevenLabs Scribe (scribe_v2)
Progress file (updated after each chunk): Audios/Tadabor_Sobohi/Manaee/Term1/002/002_آموزش مبانی تدبر - بخش اول فایل۲ از سطح۱ سال۱۳۹۸ - علی صبوحی طسو.partial.txt
  preparing audio (002_آموزش مبانی تدبر - بخش اول فایل۲ از سطح۱ سال۱۳۹۸ - علی صبوحی طسو.mp3)...
  28:52 → 1 request(s)
  progress file: Audios/Tadabor_Sobohi/Manaee/Term1/002/002_آموزش مبانی تدبر - بخش اول فایل۲ از سطح۱ سال۱۳۹۸ - علی صبوحی طسو.partial.txt
  [1/1] 0:00–28:52 (10149 KB)...
      → 16427 chars: به طور طبیعی هر دانشی رو که می‌خوایم واردش بشیم و درباره‌ش بحث بکنیم مقدماتی داره. تدبر تعریفش چیه؟ تدبر چه دلیلی داره که ما انجامش بدیم؟ در قرآن کریم چه دلیلی داره؟ در روایات ما چ…

============================================================
TRANSCRIPTION (preview)
============================================================
به طور طبیعی هر دانشی رو که می‌خوایم واردش بشیم و درباره‌ش بحث بکنیم مقدماتی داره. تدبر تعریفش چیه؟ تدبر چه دلیلی داره که ما انجامش بدیم؟ در قرآن کریم چه دلیلی داره؟ در روایات ما چه دلیلی وجود داره بر اینکه ما باید تدبر بکنیم؟ چه ضرورت و اهمیتی برای تدبر در قرآن قابل تصوره؟ جایگاه تدبر در میان انواع ارتباطی که ما با قرآن کریم می‌تونیم داشته باشیم چیه؟ آیا تدبر همان تفسیره؟ آیا غیر از تفسیره؟ تدبر با تفکر نسبتش چیه؟ با تفقه نسبتش چیه؟ و چیزای دیگه‌ای، فعالیت‌های دیگری که در حوزه قرآن میشه داشت و چه مراحلی داره و چه قواعدی داره. تمام این‌ها رو انشاالله باید ما در بخش مقدماتی بحث کنیم. ولی که ما تو بخش مقدماتی بنا نداریم که خیلی تو این مباحث وارد جزئیات بشیم. اگر بخواهیم قشنگ بحث‌های مقدماتی مبانی و مبادی تدبر رو کار بکنیم، این یک زمان را-راحت ده ساعت وقت می‌خواد حداقل. که یه بحث شسته رفته کامل بخواهیم ارائه کنیم. ولی وقتی هنوز شما وارد تدبر نشدید، خیلی ضرورتی به همچین بحث طولانی هم نمی‌بینیم. ما این بحث رو توضیح کردیم. در این ترم اول به اندازه یک ساعت دو ساعت بحث مبنایی می‌کنیم و دیگه انشاالله بقیه‌ش رو می‌گذاریم برای طول جلسات و برای ترم‌های بعدی به خواست خدا. [مکث] ببینید از کجا مسئله آغاز میشه. همه ما مکلف هستیم به اینکه قرآن را بخوانیم و بفهمیم. درسته؟ همه ما مسلمونا که این احساس تکلیف رو می‌کنیم. بنده می‌خوام بگم حتی غیر مسلمون‌ها هم وقتی می‌خوان با اسلام آشنا بشن به طور طبیعی میان سراغ چی؟ شما بگید. سراغ قرآن. آیا توقعی غیر از اینه؟ یعنی اگر الان یه مسیحی بخواد اسلام رو بشناسه، یک یهودی بخواد اسلام رو بشناسه، یک زرتشتی بخواد اسلام رو بشناسه، یه آدم بت‌پرست از ژاپن می‌خواد اسلام رو بشناسه، [مکث] کجا باید مراجعه کنه؟ باید بیاد سراغ کتاب ما که قرآنه. حالا اون بیاد سراغ قرآن بگیم ببخشید جناب عالی نمی‌تونید از قرآن ما استفاده بکنید. قرآن ما برای شما قابل فهم نیست. میگه ترجمه. میگیم نه ترجمه هم فایده نداره. باید شما بیاید در محضر علمای ما تلمذ بکنید. اونا به شما یکی یکی بگن که منظور از این قرآن چیه، با توضیحات اون‌ها. این خودش یه مانعیه. قرآن معجزه است. معجزه یعنی کتابی، یعنی سخنی، یعنی اقدامی، یعنی کاری که می‌خواد به همه ثابت بکنه آورنده این کتاب پیغمبر است. و در ادع
… (truncated; see saved file for full transcript)

============================================================
SUMMARY
============================================================
Input file      : 002_آموزش مبانی تدبر - بخش اول فایل۲ از سطح۱ سال۱۳۹۸ - علی صبوحی طسو.mp3
Provider        : ElevenLabs Scribe (scribe_v2)
Audio duration  : 28:52 (1731.96 s)
Requests        : 1
Billed duration : 1732 s (rounded up to nearest second)
Rate            : $0.22 / audio hour
Estimated cost  : $0.105842 USD
Transcript saved: Audios/Tadabor_Sobohi/Manaee/Term1/002/002_آموزش مبانی تدبر - بخش اول فایل۲ از سطح۱ سال۱۳۹۸ - علی صبوحی طسو.txt
============================================================
[002] OK

=== [003] Fri Aug 28 00:06:54 PDT 2026 ===
  input: Audios/Tadabor_Sobohi/Manaee/Term1/003/003_آموزش مبانی تدبر - بخش دوم فایل۳ از سطح۱ سال۱۳۹۸ - علی صبوحی طسو.mp3
Provider: ElevenLabs Scribe (scribe_v2)
Progress file (updated after each chunk): Audios/Tadabor_Sobohi/Manaee/Term1/003/003_آموزش مبانی تدبر - بخش دوم فایل۳ از سطح۱ سال۱۳۹۸ - علی صبوحی طسو.partial.txt
  preparing audio (003_آموزش مبانی تدبر - بخش دوم فایل۳ از سطح۱ سال۱۳۹۸ - علی صبوحی طسو.mp3)...
  56:21 → 1 request(s)
  progress file: Audios/Tadabor_Sobohi/Manaee/Term1/003/003_آموزش مبانی تدبر - بخش دوم فایل۳ از سطح۱ سال۱۳۹۸ - علی صبوحی طسو.partial.txt
  [1/1] 0:00–56:21 (19813 KB)...
      → 31508 chars: اعوذ بالله من الشيطان الرجيم. بسم الله الرحمن الرحيم. سؤال یادتون هست؟ سؤال این بود که قرآن کریم تو ذهن ما اینطوریه که قرآن نظمش به هم خورده و نظم واقعی قرآن کریم پیش امام زمان علی…

============================================================
TRANSCRIPTION (preview)
============================================================
اعوذ بالله من الشيطان الرجيم. بسم الله الرحمن الرحيم. سؤال یادتون هست؟ سؤال این بود که قرآن کریم تو ذهن ما اینطوریه که قرآن نظمش به هم خورده و نظم واقعی قرآن کریم پیش امام زمان علیه السلامه. یه روزی اون حضرت قرآن اصلی رو خواهند آورد. قرآن کنونی توسط صحابه پیامبر گرامی اسلام ترتیب و تنظیم داده شده و لذا نمیشه پذیرفت که ما دنبال وجه ارتباط مطالب مختلف در یک سوره باشیم. حضرت آیت الله خوئی رحمت الله علیه یک حدیث شناس بسیار قدر متاخر محسوب میشه. یعنی در میان حدیث شناسانی که ما در دوران‌های اخیر داریم کسی به قوت و قدرت حضرت آیت الله خوئی نیست. ایشون در این باره بحث مفصلی دارن در اول کتاب البیان‌شون. کتاب البیان. ایشون در این کتاب با ادله اربع یعنی قرآن، سنت، عقل و اجماع ثابت می‌کنند که نظم قرآن همون نظمیه که پیغمبر گرامی اسلام ایجاد کرده به فرمان جبرائیل علیه السلام و بر اساس وحی الهی بدون کمترین جابجایی و با ادله اربع باز هم اثبات می‌کنند که امکان نداره که نظم قرآن نظمی غیر الهی باشه. یعنی هر دوتاشو از دو طرف یک بحث رو ثابت می‌کنند. میگن نظم قرآن الهی‌ست. نظم وحیانی‌ست بدون کمترین جابجایی و نظم قرآن نمی‌تواند که الهی نباشد. هر دو را با ادله اربع ثابت می‌کنند. اما آیا بنده الان میخوام با استناد به نظر آیت الله خوئی بگم که تدبر اعتبار داره؟ نه. چرا؟ چون اصلاً بحث آیت الله خوئی یا کسانی که در نقطه مقابل ایشون خواستن بگن نظم قرآن الهی بگید نیست. بحث اینا با همدیگه درباره‌ی ترتیب، ترتیب سوره هاست نه آیات . بحثی که در کتاب‌های علوم قرآنی شما می‌بینید که جمع قرآن آیا جمع قرآن توقیفیه یا وحیانی-- یا اجتهادیه؟ توقیفی یعنی وحیانی یعنی الهی. اجتهادی یعنی بشری. آیا نظم قرآن جمع قرآن توقیفیه، وحیانیه و یا بشریه و اجتهادیه؟ این بحثی که شما در کتاب‌های علوم قرآنی می‌بینید این درباره‌ی ترتیب سوره هاست . که آیا اول حمد بعد بقره بعد آل عمران برو تا برسه به سوره ناس. این ترتیب را پیغمبر ایجاد کرده به و-- دستور وحی الهی و یا بعد از پیامبر گرامی اسلام این ترتیب را ایجاد کردند؟ که توی این بحث یه عده میگن این ترتیب را پیامبر گرامی اسلام ایجاد کرده مثل آیت الله خوئی. با ادله محکم میگن و ما هم همین نظرو قبول داریم چون دلایل آیت الله خوئی رو قبول داریم صد در صد. درست می‌دونیم. یه عده هم میگن نخیر
… (truncated; see saved file for full transcript)

============================================================
SUMMARY
============================================================
Input file      : 003_آموزش مبانی تدبر - بخش دوم فایل۳ از سطح۱ سال۱۳۹۸ - علی صبوحی طسو.mp3
Provider        : ElevenLabs Scribe (scribe_v2)
Audio duration  : 56:21 (3381.30 s)
Requests        : 1
Billed duration : 3382 s (rounded up to nearest second)
Rate            : $0.22 / audio hour
Estimated cost  : $0.206635 USD
Transcript saved: Audios/Tadabor_Sobohi/Manaee/Term1/003/003_آموزش مبانی تدبر - بخش دوم فایل۳ از سطح۱ سال۱۳۹۸ - علی صبوحی طسو.txt
============================================================
[003] OK

=== [004] Fri Aug 28 00:08:50 PDT 2026 ===
  input: Audios/Tadabor_Sobohi/Manaee/Term1/004/004_آموزش مبانی تدبر - بخش سوم فایل۴ از سطح۱ سال۱۳۹۸ - علی صبوحی طسو.mp3
Provider: ElevenLabs Scribe (scribe_v2)
Progress file (updated after each chunk): Audios/Tadabor_Sobohi/Manaee/Term1/004/004_آموزش مبانی تدبر - بخش سوم فایل۴ از سطح۱ سال۱۳۹۸ - علی صبوحی طسو.partial.txt
  preparing audio (004_آموزش مبانی تدبر - بخش سوم فایل۴ از سطح۱ سال۱۳۹۸ - علی صبوحی طسو.mp3)...
  15:45 → 1 request(s)
  progress file: Audios/Tadabor_Sobohi/Manaee/Term1/004/004_آموزش مبانی تدبر - بخش سوم فایل۴ از سطح۱ سال۱۳۹۸ - علی صبوحی طسو.partial.txt
  [1/1] 0:00–15:45 (5537 KB)...
      → 8914 chars: این مسئله اینه. ببینید اصلاً یک بحثی ما داریم تو روایات، احادیثی ما داریم در مجموعه احادیث اهل بیت علیهم السلام بهش میگن احادیث عرضه. عرضه. عرضه یعنی چی؟ یعنی اونچه را که از اهل بی…

============================================================
TRANSCRIPTION (preview)
============================================================
این مسئله اینه. ببینید اصلاً یک بحثی ما داریم تو روایات، احادیثی ما داریم در مجموعه احادیث اهل بیت علیهم السلام بهش میگن احادیث عرضه. عرضه. عرضه یعنی چی؟ یعنی اونچه را که از اهل بیت برای ما نقل میشه ما مکلفیم اون را عرضه کنیم به قرآن. احادیث عرضه جزء مه-- معدود احادیث متواتر ما هستند. فرق حدیث متواتر رو با خبر واحد میدونید دیگه. خبر واحد به حدیثی میگن که یک سند منفردی داره. میگیم فلانی از فلانی، از فلانی، از فلانی، از فلانی، از فلانی تا میرسه به امام معصوم. به این میگن خبر واحد. یعنی یه رشته این خبر را وصل میکنه به امام معصوم. یه رشته واحد وصلش میکنه به امام معصوم. به این میگن خبر واحد. متواتر یعنی خبری که نه یه نفر از یه نفر، از یه نفر، از یه نفر [مکث]. صدها نفر، از صدها نفر، از صدها نفر، از صدها نفر در تمام طبقات نقل این حدیث اونقدر جمعیت وجود داره که یقین میشود کرد که این جمعیت بر یک سخن دروغ با همدیگه جمع-- بگید نمیشن، توانایی نمی‌کنن. یقین حاصل میشه. اینو میگن خبر متواتر. یادم-- ممکنه حدیثی که یه رشته وصلش کرده به امام شما بالاخره شک کنی یه جاهایی‌ش. اما حدیثی که یک مجموعه صدتا رشته وصلش کرده به امام، صد و پنجاه تا رشته وصلش کرده به امام， دیگه این حدیث قطعیه که امام گفته. ما حدیث متواتر که قطع و یقین میاره خیلی کم داریم، خیلی کم داریم. بقیه احادیث ما خبر واحدن و در صورتی حجتن که کل اون مسیر درست باشه، همه عادل باشن، همه شناخته شده باشن. میشه حدیث حجت، حدیث صحیح. اما مثلاً یه جایی از اون رشته قطع شده باشه میگیم حدیث مرسل. یه جایی از اون رشته ارتباطش به امام قطع شده، ضعیفه. یه جایی از اون رشته آدم‌هایی هستند که اونا رو نمی‌شناسیم. حدیث تنزل پیدا میکنه یا اونا رو به بدی می‌شناسیم. حدیث ضعیف میشه. یه آدم پیدا بشه تو یه رشته‌ای که این آدم فاسق بوده، کل اون حدیث دیگه اعتبار حجیت نداره. حدیث ضعیف میشه. ما تو حدیث متواتر که دیگه اصلاً نمیشه درباره سندش هیچ بحثی کرد، قطعیه چند تا دونه بیشتر نداریم. یکیش همین احادیث عرضه است. که اهل بیت فرمودن حرفای ما را، اونی که از ما به شما نقل می‌کنند را به قرآن عرضه کنید. اگر موافق قرآن بود بگیرید، ما گفتیم. اگر مخالف قرآن بود بگید ما نگفتیم، ما نگفتیم اونو، اون از ما نیست. حالا بعضی از تعابیر سنگینه که بزنید به دیوار. میگن اصلاً از
… (truncated; see saved file for full transcript)

============================================================
SUMMARY
============================================================
Input file      : 004_آموزش مبانی تدبر - بخش سوم فایل۴ از سطح۱ سال۱۳۹۸ - علی صبوحی طسو.mp3
Provider        : ElevenLabs Scribe (scribe_v2)
Audio duration  : 15:45 (944.86 s)
Requests        : 1
Billed duration : 945 s (rounded up to nearest second)
Rate            : $0.22 / audio hour
Estimated cost  : $0.057741 USD
Transcript saved: Audios/Tadabor_Sobohi/Manaee/Term1/004/004_آموزش مبانی تدبر - بخش سوم فایل۴ از سطح۱ سال۱۳۹۸ - علی صبوحی طسو.txt
============================================================
[004] OK

=== [005] Fri Aug 28 00:09:27 PDT 2026 ===
  input: Audios/Tadabor_Sobohi/Manaee/Term1/005/005_آموزش تدبر در سوره انشقاق - بخش اول فایل۵ از سطح۱ سال۱۳۹۸ - علی.mp3
Provider: ElevenLabs Scribe (scribe_v2)
Progress file (updated after each chunk): Audios/Tadabor_Sobohi/Manaee/Term1/005/005_آموزش تدبر در سوره انشقاق - بخش اول فایل۵ از سطح۱ سال۱۳۹۸ - علی.partial.txt
  preparing audio (005_آموزش تدبر در سوره انشقاق - بخش اول فایل۵ از سطح۱ سال۱۳۹۸ - علی.mp3)...
  41:07 → 1 request(s)
  progress file: Audios/Tadabor_Sobohi/Manaee/Term1/005/005_آموزش تدبر در سوره انشقاق - بخش اول فایل۵ از سطح۱ سال۱۳۹۸ - علی.partial.txt
  [1/1] 0:00–41:07 (14458 KB)...
      → 22257 chars: از اینجا به بعد می‌خوایم وقتمون رو اختصاص بدیم و انشاالله سوره انشقاق رو شروع بکنیم. گام اول در تدبر سوره، فهم آیات سوره است و گام دوم دسته‌بندی سوره است. من قبل از اینکه بخوام آیه…

============================================================
TRANSCRIPTION (preview)
============================================================
از اینجا به بعد می‌خوایم وقتمون رو اختصاص بدیم و انشاالله سوره انشقاق رو شروع بکنیم. گام اول در تدبر سوره، فهم آیات سوره است و گام دوم دسته‌بندی سوره است. من قبل از اینکه بخوام آیه به آیه سوره را با دقت معنی کنم براتون، می‌خوام با همین مقدار که الان شما معنی آیات رو می‌فهمید، همین مقدار که می‌فهمید، من می‌خوام سوره انشقاق رو بخونم و بعد از شماها بخوام که به نظر خودتون دسته‌بندی سوره را برای من بگید. یعنی هم فهم آیات هم دسته‌بندی را می‌خوایم الان یکجا بریم جلو. أعوذ بالله من الشيطان الرجيم. بسم الله الرحمن الرحيم. فقط صدای منو گوش بدید و سعی کنید معنی آیات رو بفهمید و تو ذهن خودتون قضاوت کنید که بحث آیه اول تا کجا ادامه پیدا میکنه و بحث‌های بعدی در کدوم آیات شروع میشن. أعوذ بالله من الشيطان الرجيم. بسم الله الرحمن الرحيم. إذا السماء انشقت. وأذنت لربها وحقت. وإذا الأرض مدت. وألقت ما فيها وتخلت. وأذنت لربها وحقت. يا أيها الإنسان إنك كادحٌ إلى ربك كدحاً فملاقيه. يا أيها الإنسان إنك كادحٌ إلى ربك كدحاً فملاقيه. فأما من أوتي كتابه بيمينه فسوف يحاسب حساباً يسيراً. حساباً يسيراً. وينقلب إلى أهله مسروراً. وأما من أوتي كتابه وراء ظهره. وأما من أوتي كتابه وراء ظهره. فسوف يدعو ثبورا. ويصلى سعيرا. إنه كان في أهله مسرورا. اون قبلیه رو گفت ينقلب إلى أهله مسرورا. اینو می‌فرماید إنه كان في أهله مسرورا. إنه ظن أن لن يحور. بلى إن ربه كان به بصيرا. فلا أقسم بالشفق. والليل وما وسق. والقمر إذا اتسق. لتركبن طبقا عن طبق. لتركبن طبقا عن طبق. فما لهم لا يؤمنون. وإذا قرئ عليهم القرآن لا يسجدون. بل الذين كفروا يكذبون. والله أعلم بما يوعون. فبشرهم بعذاب أليم. إلا الذين آمنوا وعملوا الصالحات لهم أجر غير ممنون. صدق الله العلي العظيم. خب به نظر شما اولاً با این نوع خوندن بیشتر تونستید بفهمید؟ بیشتر تونستید ارتباط برقرار بکنید؟ حالا انشاالله باید سعی کنیم به تدریج با خود خوندنمون بتونیم معنا را منتقل کنیم و با نوع خوندن بتونیم معنا را بفهمیم. در روایت داریم امام معصوم علیه السلام وقتی قرآن میخوند کسی اگر از بیرون گوش میداد خیال میکرد داره با کسی حرف میزنه، صحبت میکنه. انقدر قرآن گویاست این حالت رو داشته. خب به نظرتون چند دسته داشت سوره؟ سه دسته. بفرمایید. از آیه اول تا سر يا أيها الإنسان دسته اول. 
… (truncated; see saved file for full transcript)

============================================================
SUMMARY
============================================================
Input file      : 005_آموزش تدبر در سوره انشقاق - بخش اول فایل۵ از سطح۱ سال۱۳۹۸ - علی.mp3
Provider        : ElevenLabs Scribe (scribe_v2)
Audio duration  : 41:07 (2467.48 s)
Requests        : 1
Billed duration : 2468 s (rounded up to nearest second)
Rate            : $0.22 / audio hour
Estimated cost  : $0.150790 USD
Transcript saved: Audios/Tadabor_Sobohi/Manaee/Term1/005/005_آموزش تدبر در سوره انشقاق - بخش اول فایل۵ از سطح۱ سال۱۳۹۸ - علی.txt
============================================================
[005] OK

=== [006] Fri Aug 28 00:10:49 PDT 2026 ===
  input: Audios/Tadabor_Sobohi/Manaee/Term1/006/006_آموزش تدبر در سوره انشقاق بخش دوم فایل۶ از سطح۱ سال۱۳۹۸ - علی صب.mp3
Provider: ElevenLabs Scribe (scribe_v2)
Progress file (updated after each chunk): Audios/Tadabor_Sobohi/Manaee/Term1/006/006_آموزش تدبر در سوره انشقاق بخش دوم فایل۶ از سطح۱ سال۱۳۹۸ - علی صب.partial.txt
  preparing audio (006_آموزش تدبر در سوره انشقاق بخش دوم فایل۶ از سطح۱ سال۱۳۹۸ - علی صب.mp3)...
  43:06 → 1 request(s)
  progress file: Audios/Tadabor_Sobohi/Manaee/Term1/006/006_آموزش تدبر در سوره انشقاق بخش دوم فایل۶ از سطح۱ سال۱۳۹۸ - علی صب.partial.txt
  [1/1] 0:00–43:06 (15155 KB)...
      → 23828 chars: ما در جلسه قبلی هم مبانی ارائه کردیم هم یه مقدار از سوره انشقاق اگه اشتباه نکنم دسته اول رو گفتیم. درسته؟ سیاق اول رو گفتیم. سؤالشون اینه شما گفتید در حساب یسیرای ممکنه بخشی از گنا…

============================================================
TRANSCRIPTION (preview)
============================================================
ما در جلسه قبلی هم مبانی ارائه کردیم هم یه مقدار از سوره انشقاق اگه اشتباه نکنم دسته اول رو گفتیم. درسته؟ سیاق اول رو گفتیم. سؤالشون اینه شما گفتید در حساب یسیرای ممکنه بخشی از گناهان ندیده گرفته بشه و حق الناس هم حق الناس‌های ریز ممکنه محاسبه نشه و یا آسون گرفته بشه. در حالی که ما شنیدیم حق الناس ریز و درشت و اینا نداره. انسان ریزترین اعمالی هم که انجام بده اون رو خواهد دید. جواب: اولا بنده اصلا اشاره‌ای یا تسری به حق الناس نکردم. تفکیک بین حق الناس، حق الله نکردم که بگم حق الناس اگر ریز باشه خداوند می‌بخشه. حق الناس اسمش روشه. کی باید ببخشه؟ ناس باید ببخشه. این ربطی به خدا نداره. ربطی نداره به این معناها. یعنی مستقیماً اولاً البته خداوند ما داریم در ادعیه مثلاً امام سجاد علیه السلام در صحیفه سجادیه دعایی هست حضرت خطاب به خدا عرض می‌دارد خدایا اون کسانی که من نمی‌توانم حق اون‌ها را ادا کنم، نمی‌تونم اون‌ها رو از خودم راضی کنم، حقوقی از اون‌ها ضایع کردم و دسترسی به اون‌ها ندارم و یا به هر ترتیب امکان راضی کردنشون برای من وجود نداره. خدایا تو خودت از خزانه غیبت اون‌ها را از من راضی کن. چرا؟ خداوند مالک مطلقه و می‌تونه انسان‌های دیگر رو از من راضی کنه. در صورتی که من نتونم در واقع به ادای به وظیفه خودم نسبت به انسان‌های دیگه نتونم به طور کامل عمل بکنم. نکته اینه چه حق الناس، چه حق الله ما یه ح-- یک کبائر داریم، گناهان کبیره، گناهان کبیره، گناهانی‌ست که در قرآن کریم خداوند برای اون گناهان وعده آتش داده. مستقیماً تو قرآن گفته که کسی این گناه رو انجام میده من می‌برمش جهنم یا عذابش می‌کنم. این میشه گناه کبیره. اما گناهان زیادی داریم که گناه هست ولی تو قرآن مستقیماً وعده عذاب برای اون گناه داده نشده. ما به اینا میگیم گناه صغیره. در سوره نجم خدا می‌فرماید اگر کسی از کبائر گناهان کبیره اجتناب کند یعنی سیره‌ او اینطور باشه که گناه کبیره انجام بگید نمیده. از فواحش هم اجتناب کند. فواحش چیه؟ فواحش، گناهان آشکاره. گناهانی که ولو کبیره هم نباشه ولی صاحب این گناه داره اون گناه رو چجوری انجام میده؟ بگید علنی یعنی ابایی از انجام اون گناه نداره. براش مهم نیست. اون رو کوچیک می‌شمره. اینم میشه فواحش. البته فواحش کبیره هم توش هستا. ولی فقط لازم نیست کبیره باشه تا بگیم فواحش. اگر یه گناهی
… (truncated; see saved file for full transcript)

============================================================
SUMMARY
============================================================
Input file      : 006_آموزش تدبر در سوره انشقاق بخش دوم فایل۶ از سطح۱ سال۱۳۹۸ - علی صب.mp3
Provider        : ElevenLabs Scribe (scribe_v2)
Audio duration  : 43:06 (2586.46 s)
Requests        : 1
Billed duration : 2587 s (rounded up to nearest second)
Rate            : $0.22 / audio hour
Estimated cost  : $0.158061 USD
Transcript saved: Audios/Tadabor_Sobohi/Manaee/Term1/006/006_آموزش تدبر در سوره انشقاق بخش دوم فایل۶ از سطح۱ سال۱۳۹۸ - علی صب.txt
============================================================
[006] OK

=== [007] Fri Aug 28 00:12:33 PDT 2026 ===
  input: Audios/Tadabor_Sobohi/Manaee/Term1/007/007_آموزش تدبر در سوره انشقاق - بخش سوم فایل۷ از سطح۱ سال۱۳۹۸ - علی.mp3
Provider: ElevenLabs Scribe (scribe_v2)
Progress file (updated after each chunk): Audios/Tadabor_Sobohi/Manaee/Term1/007/007_آموزش تدبر در سوره انشقاق - بخش سوم فایل۷ از سطح۱ سال۱۳۹۸ - علی.partial.txt
  preparing audio (007_آموزش تدبر در سوره انشقاق - بخش سوم فایل۷ از سطح۱ سال۱۳۹۸ - علی.mp3)...
  45:01 → 1 request(s)
  progress file: Audios/Tadabor_Sobohi/Manaee/Term1/007/007_آموزش تدبر در سوره انشقاق - بخش سوم فایل۷ از سطح۱ سال۱۳۹۸ - علی.partial.txt
  [1/1] 0:00–45:01 (15825 KB)...
      → 23746 chars: اعوذ بالله من الشيطان الرجيم. بسم الله الرحمن الرحيم. گفتيم در مقام جمع‌بندی عناصر معنا را به تفکیک بخواهیم بررسی کنیم. عنصر اول در این سیاق یه قسم بود با جواب قسم که اگر بخواهیم ا…

============================================================
TRANSCRIPTION (preview)
============================================================
اعوذ بالله من الشيطان الرجيم. بسم الله الرحمن الرحيم. گفتيم در مقام جمع‌بندی عناصر معنا را به تفکیک بخواهیم بررسی کنیم. عنصر اول در این سیاق یه قسم بود با جواب قسم که اگر بخواهیم از قسم و جواب قسم یک جمله را به عنوان لب معنا بگیم، کدومو باید بگیم قسمو یا جواب را؟ جواب جواب رو باید بگیم. جواب چیزیست که تأکید شده و قسم به خاطر اون آمده. در حقیقت آیه شونزده تا نوزده اگر بخواهیم تو یک کلمه خلاصه‌اش کنیم، میگیم تأکید بر حرکت مرحله به مرحله انسان. حالا دیگه نگفته به سوی چی. ما قبلاً میدونیم ولی به سوی؟ ملاقات به سوی پروردگار. خب اما مطلب بعد. "فَمَالَهُمْ لَا يُؤْمِنُونَ" این فا را میبینید؟ به این فا در زبان عربی گفته میشه فای فصیحه. فای فصیحه یعنی چی؟ یعنی فایی که میخواد یه جورایی از قبل نتیجه بگیره. اگر بخواهیم فای فصیحه را خوب معنی کنیم باید از جملات قبلی یه جمله شرطیه در بیاریم و بعد اونچه را که بعد از فای فصیحه می‌خونیم جواب اون شرط قرار بدیم. یعنی چی؟ یعنی اینطوری. حالا که دارید پله پله به سوی خدا می‌روید، حالا که "لَتَرْكَبُنَّ طَبَقًا عَنْ طَبَقٍ" "فَمَالَهُمْ لَا" بگید. پس چرا ایمان نمی‌آورند؟ یعنی اینایی که دارن پله پله میرن چرا ایمان نمیارن؟ سؤال اینه. یه وقت هست کسی ایمان نمی‌آورد که حرکتی هم بگید نمیکند. وایستاده. خب ایمانم نمیاره. خب نیاره. کسی که خودش میبینه، خودش لمس میکنه که داره مرحله به مرحله پیش میره. خودش میبینه که الان وضع ده سال پیش رو بگید نداره. و قطعاً اگر خدا به او عمر بده ده سال دیگه وضع امروز رو نداره. خب دارم من میرم. تو که در حال حرکت هستی چرا ایمان نمی‌آوری؟ این سؤاله. یعنی اظهار تعجب می‌کند خدا از ایمان نیاوردن کسانی که حرکت می‌کنند و حرکت را قطعاً میبینند داره اتفاق میفته ولی حاضر نیستند ایمان بیاورند. چرا باید کسی که حرکت میکنه ایمان بیاره؟ اصلاً به چی باید ایمان بیاره؟ کسی که حرکت میکنه باید ایمان بیاورد به اون چیزی که بتواند او را در این حرکت چه کند؟ راهنمایی کند، توجیه کند. خب ما تو دسته قبلی خونده بودیم حرکت چند جوره؟ دو نوعه. خب این دو نوع حرکتو من از کی یاد بگیرم؟ چطور میتونم اون نوع درست حرکت رو داشته باشم؟ چطور میتونم طوری حرکت کنم که وقتی به ملاقات با خدا میرسم سرفکنده نباشم؟ ایمان نیاوردن من به اون کتاب و به اون مکتبی که می‌توا
… (truncated; see saved file for full transcript)

============================================================
SUMMARY
============================================================
Input file      : 007_آموزش تدبر در سوره انشقاق - بخش سوم فایل۷ از سطح۱ سال۱۳۹۸ - علی.mp3
Provider        : ElevenLabs Scribe (scribe_v2)
Audio duration  : 45:01 (2700.76 s)
Requests        : 1
Billed duration : 2701 s (rounded up to nearest second)
Rate            : $0.22 / audio hour
Estimated cost  : $0.165046 USD
Transcript saved: Audios/Tadabor_Sobohi/Manaee/Term1/007/007_آموزش تدبر در سوره انشقاق - بخش سوم فایل۷ از سطح۱ سال۱۳۹۸ - علی.txt
============================================================
[007] OK

=== [008] Fri Aug 28 00:13:57 PDT 2026 ===
  input: Audios/Tadabor_Sobohi/Manaee/Term1/008/008_آموزش تدبر در سوره بروج - بخش اول فایل۸ از سطح۱ سال۱۳۹۸ - علی صب.mp3
Provider: ElevenLabs Scribe (scribe_v2)
Progress file (updated after each chunk): Audios/Tadabor_Sobohi/Manaee/Term1/008/008_آموزش تدبر در سوره بروج - بخش اول فایل۸ از سطح۱ سال۱۳۹۸ - علی صب.partial.txt
  preparing audio (008_آموزش تدبر در سوره بروج - بخش اول فایل۸ از سطح۱ سال۱۳۹۸ - علی صب.mp3)...
  59:26 → 1 request(s)
  progress file: Audios/Tadabor_Sobohi/Manaee/Term1/008/008_آموزش تدبر در سوره بروج - بخش اول فایل۸ از سطح۱ سال۱۳۹۸ - علی صب.partial.txt
  [1/1] 0:00–59:26 (20897 KB)...
      → 33091 chars: سوره بورج رو یک دور مباحثه می‌کنید به قصد اینکه مفاهیم آیاتش رو با هم مرور کنید و سیاق‌های سوره را پیشنهاد بدید. اگر هم کسی پیشنهادی داره که فکر می‌کنه با پیشنهادات ما در تعارضه بگ…

============================================================
TRANSCRIPTION (preview)
============================================================
سوره بورج رو یک دور مباحثه می‌کنید به قصد اینکه مفاهیم آیاتش رو با هم مرور کنید و سیاق‌های سوره را پیشنهاد بدید. اگر هم کسی پیشنهادی داره که فکر می‌کنه با پیشنهادات ما در تعارضه بگه تا ما اونا رو بحث کنیم، گفتگو کنیم و، و بعد از اون انشاالله بتونیم وارد مراحل بعدی بشیم. فعلاً پس فقط به دو منظور: یک مفاهیم آیات و دو ااا عرضم به خدمتتون بگید سیاق، تشخیص سیاق‌های سوره مبارکه بورج. حالا از الان شروع کنید حداقل ده دقیقه من فرصت بهتون میدم. رسیدیم به سوره دوم در مجموعه مباحثی که داریم. سوره مبارکه بورج. ابتدا می‌خوایم بحث مفاهیم آیات سوره بورج رو با هم کار بکنیم و بعدم می‌خوایم به دسته‌بندی یه مقدار بیشتر توجه داشته باشیم حین بررسی مفاهیم. حالا شماها که مطالعه کردید و مباحثه کردید در دسته‌بندی به چند نتیجه رسیدید؟ چه نتیجه‌ای رسیدید؟ پنج سیاق، دو سیاق، سه سیاق، دو، سه، پنج. خب اونایی که میگن پنج سیاق اول بگن. شما بس-بگید بفرمایید. آیه یک تا نه "والله على کل شیء شهيد" یک سیاق، خب. سیاق دوم "إن الذين فتنوا" و آیه بعدی "إن الذين آمنوا". "إن الذين فتنوا" و "إن الذين آمنوا" با هم یه سیاق. این دو. "تا فعال لما یرید" از "إن بطش ربك لشدید" تا "فعال لما یرید" سیاق سوم. "هل أتاك حديث الجنود" تا "والله من وراءهم محيط" سیاق چهارم. سیاق پنجم به آیه آخر "بل هو قرآن مجيد" "بل هو قرآن مجيد في لوح محفوظ" سیاق پنجم. حالا سه سیاق کی بود می‌گفت سه سیاق؟ بله بفرمایید. یک تا نه یه سیاق. این با ایشون مشترک، خب. آیه ده تا شونزده. شونزده چیه دقیقاً؟ آه ایشون ده تا شونزده رو با هم یه سیاق گرفتن، خب. از "هل أتاك حديث الجنود" تا آخر یه سیاق. سه سیاق. حالا دو سیاق کی بود؟ بفرمایید به عبارت دیگه. یک تا یازده. یک تا یازده یه سیاق. دوازده تا شونزده. دوازده تا شونزده یه سیاق. از هفده تا آخر هم یه سیاق. دو سیاق هم شما بفرمایید. یک تا یازده، دوازده- یک تا یازده، دوازده تا انتها. خب بگذارید من قبل از اینکه سیاق بندی این سوره رو مشخص بکنیم و شروع کنیم به بحث کردن، یه نکته‌ای درباره سیاق بندی خدمتتون عرض کنم. سیاق بندی یک سوره یعنی تشخیص سیر مفهومی آیات و تا جایی که سیر مفهومی آیات پیوسته است در یک سیاق هستیم و زمانی که سیر مفهومی جدیدی شروع میشه سیاق دوم شروع میشه. اما می‌دونید و متوجه می‌شید خودتون که این س
… (truncated; see saved file for full transcript)

============================================================
SUMMARY
============================================================
Input file      : 008_آموزش تدبر در سوره بروج - بخش اول فایل۸ از سطح۱ سال۱۳۹۸ - علی صب.mp3
Provider        : ElevenLabs Scribe (scribe_v2)
Audio duration  : 59:26 (3566.30 s)
Requests        : 1
Billed duration : 3567 s (rounded up to nearest second)
Rate            : $0.22 / audio hour
Estimated cost  : $0.217941 USD
Transcript saved: Audios/Tadabor_Sobohi/Manaee/Term1/008/008_آموزش تدبر در سوره بروج - بخش اول فایل۸ از سطح۱ سال۱۳۹۸ - علی صب.txt
============================================================
[008] OK

=== [009] Fri Aug 28 00:15:58 PDT 2026 ===
  input: Audios/Tadabor_Sobohi/Manaee/Term1/009/009_آموزش تدبر در سوره بروج - بخش دوم فایل۹ از سطح۱ سال۱۳۹۸ - علی صب.mp3
Provider: ElevenLabs Scribe (scribe_v2)
Progress file (updated after each chunk): Audios/Tadabor_Sobohi/Manaee/Term1/009/009_آموزش تدبر در سوره بروج - بخش دوم فایل۹ از سطح۱ سال۱۳۹۸ - علی صب.partial.txt
  preparing audio (009_آموزش تدبر در سوره بروج - بخش دوم فایل۹ از سطح۱ سال۱۳۹۸ - علی صب.mp3)...
  1:05:47 → 1 request(s)
  progress file: Audios/Tadabor_Sobohi/Manaee/Term1/009/009_آموزش تدبر در سوره بروج - بخش دوم فایل۹ از سطح۱ سال۱۳۹۸ - علی صب.partial.txt
  [1/1] 0:00–1:05:47 (23130 KB)...
      → 37104 chars: بحث ما در سوره مبارکه بروج. در جلسات قبلی مفاهیم آیات سوره بروج رو کار کردیم. دسته‌بندی سوره بروج انجام شد و دسته اول هم جمع‌بندی شد. درست میگم؟ و انشاالله می‌خوایم در این جلسه دست…

============================================================
TRANSCRIPTION (preview)
============================================================
بحث ما در سوره مبارکه بروج. در جلسات قبلی مفاهیم آیات سوره بروج رو کار کردیم. دسته‌بندی سوره بروج انجام شد و دسته اول هم جمع‌بندی شد. درست میگم؟ و انشاالله می‌خوایم در این جلسه دسته دوم رو جمع‌بندی کنیم و به ارتباط دسته‌ها که مرحله چهارم تدبر در سوره بروج هست بپردازیم. یادآوری می‌کنم تکالیفی که داده میشه در یک دفتری باید انجام بشه. اونایی که مطالعه‌ایه باید مطالعه کنید ثبت کنید که این مطالعه صورت گرفت. اونایی که نوشتنیه زحمت بکشید در همون دفتر بنویسید، تاریخ هم بزنید تا انشاالله در پایان دوره بخشی از امتیاز این دوره به همان تکالیف اختصاص پیدا میکنه. و البته خیلی به خاطر امتیاز نیست که تاکید بر تکالیف می‌کنم. اگر اون زحمتی که شما میکشید باشه در فرایند آموزش خب به مراتب بهتر می‌تونیم نتیجه بگیریم انشاالله. سوره بروج همونطور که صحبتش شد در جلسه قبل دو سیاق داره. البته مباحثاتی صورت گرفت که بعضی‌ها هر کدام از این سیاق‌ها رو هم به یه دسته‌های کوچک‌تری تقسیم کرده بودند که ما مباحثاتش رو انجام دادیم. در نهایت به این نتیجه رسیدیم که بهتر اینه که این سوره دو سیاق بدونیم. آیه یک تا یازده که در آیات یک تا یازده خداوند بعد از چند سوگند از کشته شدن اصحاب أخدود خبر داد و سپس شرحی درباره اصحاب أخدود و کاری که انجام می‌دادند یعنی شکنجه کردن و کشتن مؤمنان در گودال پر از آتش صحبت کرد و بعد همین مطلب رو تعمیم داد، توسعه داد که مسئله فقط اصحاب أخدود نیستند. تمام کسانی که با مردان مؤمن و زنان مؤمن فتنه می‌کنند همه اینها در گرفتار عذاب الهی خواهند بود و خداوند آنها را آتش خواهد زد. در نقطه مقابل فتنه گران از مؤمنانی صحبت شد که اهل عمل به برنامه‌های شایسته و صالح هستند. در مقام جمع‌بندی گفتیم اون لب مطلب را خود خدا در این فراز سوم چه کرده؟ بیان کرده. یعنی می‌تونیم بگیم اون از بین سه فرازی که این سیاق داره فراز اول قسم و جواب درباره اصحاب أخدود، فراز دوم شرح ماجرای اصحاب أخدود و فراز سوم بحث تهدید فتنه گران. این تهدید فتنه گران لب معنا و خلاصه مطلبی است که این سیاق میخواد بهش اشاره بکنه. و اما رسیدیم به سیاق دوم. آیه دوازده تا بیست و دو. أعوذ بالله من الشيطان الرجيم. إن بطش ربك لشديد. إنه هو يبدأ ويعيد. وهو الغفور الودود. ذو العرش المجيد. فعال لما يريد. این آیه دوازده تا شونزده تو یه فاز ص
… (truncated; see saved file for full transcript)

============================================================
SUMMARY
============================================================
Input file      : 009_آموزش تدبر در سوره بروج - بخش دوم فایل۹ از سطح۱ سال۱۳۹۸ - علی صب.mp3
Provider        : ElevenLabs Scribe (scribe_v2)
Audio duration  : 1:05:47 (3947.47 s)
Requests        : 1
Billed duration : 3948 s (rounded up to nearest second)
Rate            : $0.22 / audio hour
Estimated cost  : $0.241234 USD
Transcript saved: Audios/Tadabor_Sobohi/Manaee/Term1/009/009_آموزش تدبر در سوره بروج - بخش دوم فایل۹ از سطح۱ سال۱۳۹۸ - علی صب.txt
============================================================
[009] OK

=== [010] Fri Aug 28 00:18:11 PDT 2026 ===
  input: Audios/Tadabor_Sobohi/Manaee/Term1/010/010_آموزش تدبر در سوره طارق - بخش اول فایل ۱۰ از سطح۱ سال ۱۳۹۸ - علی.mp3
Provider: ElevenLabs Scribe (scribe_v2)
Progress file (updated after each chunk): Audios/Tadabor_Sobohi/Manaee/Term1/010/010_آموزش تدبر در سوره طارق - بخش اول فایل ۱۰ از سطح۱ سال ۱۳۹۸ - علی.partial.txt
  preparing audio (010_آموزش تدبر در سوره طارق - بخش اول فایل ۱۰ از سطح۱ سال ۱۳۹۸ - علی.mp3)...
  1:48:54 → 1 request(s)
  progress file: Audios/Tadabor_Sobohi/Manaee/Term1/010/010_آموزش تدبر در سوره طارق - بخش اول فایل ۱۰ از سطح۱ سال ۱۳۹۸ - علی.partial.txt
  [1/1] 0:00–1:48:54 (38286 KB)...
      → 63534 chars: [موسیقی] سوره مبارکه طارق. برای اینکه هر سوره ای رو تدبر کنید سعی کنید با این سوره انس بگیرید. یکی از مقدمات خیلی خوب برای تدبر کردن در هر سوره ای زیاد خوندن اون سوره است. بخونید، …

============================================================
TRANSCRIPTION (preview)
============================================================
[موسیقی] سوره مبارکه طارق. برای اینکه هر سوره ای رو تدبر کنید سعی کنید با این سوره انس بگیرید. یکی از مقدمات خیلی خوب برای تدبر کردن در هر سوره ای زیاد خوندن اون سوره است. بخونید، با الفاظش آشنا بشید، با آهنگش انس بگیرید، بهش دل بدید. این خودش خیلی موثره و زمینه رو آماده میکنه که بتونید مرحله اول رو که فهم معانی آیات سوره است، اون مرحله رو انجام بدید. اگر مرحله فهم معانی آیات سوره خوب انجام شد، خود به خود زمینه آماده میشه برای مرحله بعدی که دسته بندی رو خوب انجام بدید. دسته بندی خوب انجام شد خود به خود کمک میکنه جمع‌بندی خوب اتفاق بیفته. جمع‌بندی خوب اتفاق افتاد خود به خود کمک میکنه ارتباط سیاق‌ها خوب درک بشه. یعنی هر کدوم از مراحل به مرحله بعدی کمک می‌رسونن؛ شما رو آماده می‌کنند. و همین خوندن سوره هم شما رو برای اولین مرحله آماده میکنه. أعوذ بالله من الشيطان الرجيم. بسم الله الرحمن الرحيم. وَالسَّمَاءُ وَالطَّارِقُ. وَمَا أَدْرَاكَ مَا الطَّارِقُ. ببینید چقدر جالبه. شما آیه وَالسَّمَاءُ وَالطَّارِقُ رو که میخونی، سماعش برات روشنه؟ کدوم برات مبهمه؟ زود خدا راجع به همون طارق سؤال مطرح میکنه. وَمَا أَدْرَاكَ مَا الطَّارِقُ. چه میدونی طارق چیه؟ بعد خودش هم جواب میده. النَّجْمُ الثَّاقِبُ. اون طارقی که بهش قسم خوردم النَّجْمُ الثَّاقِبُ. نجم ثاقبه که حالا توضیح میدیم بعداً. وَالسَّمَاءُ وَالطَّارِقُ. وَمَا أَدْرَاكَ مَا الطَّارِقُ. النَّجْمُ الثَّاقِبُ. این سؤال و جواب که گفتیم وَمَا أَدْرَاكَ مَا الطَّارِقُ. النَّجْمُ الثَّاقِبُ. از یادت نبرده که قسم خوردم من تو آیه اول. گفتم وَالسَّمَاءُ وَالطَّارِقُ. درسته بعدش سؤال و جواب مطرح شد که طارق چیه؟ طارق اینه. اما قسمه هنوز جوابش داده نشده. جواب اون قسم اینه. إِنْ كُلُّ نَفْسٍ لَّمَّا عَلَيْهَا حَافِظٌ. هیچ کسی نیست، هیچ نفسی نیست، هیچ جانی نیست، جز اینکه حافظی بر اون قرار داده شده. نگهبانی، نگه دارنده‌ای بر اون گماشته شده. فَلْيَنظُرِ الْإِنسَانُ مِمَّ خُلِقَ. انسان نظر کند ببینه که از چی خلق شده. خُلِقَ مِن مَّاءٍ دَافِقٍ. يَخْرُجُ مِن بَيْنِ صُلْبٍ وَتَرَائِبَ. انسان خلق شده از آبی جهنده که از بین استخوانی سخت و استخوان‌هایی نرم خارج میشه. إِنَّهُ عَلَىٰ رَجْعِهِ لَقَادِرٌ. همانا او یعنی همونی که انسان رو از این آب جهند
… (truncated; see saved file for full transcript)

============================================================
SUMMARY
============================================================
Input file      : 010_آموزش تدبر در سوره طارق - بخش اول فایل ۱۰ از سطح۱ سال ۱۳۹۸ - علی.mp3
Provider        : ElevenLabs Scribe (scribe_v2)
Audio duration  : 1:48:54 (6534.14 s)
Requests        : 1
Billed duration : 6535 s (rounded up to nearest second)
Rate            : $0.22 / audio hour
Estimated cost  : $0.399309 USD
Transcript saved: Audios/Tadabor_Sobohi/Manaee/Term1/010/010_آموزش تدبر در سوره طارق - بخش اول فایل ۱۰ از سطح۱ سال ۱۳۹۸ - علی.txt
============================================================
[010] OK

=== [011] Fri Aug 28 00:21:33 PDT 2026 ===
  input: Audios/Tadabor_Sobohi/Manaee/Term1/011/011_آموزش تدبر در سوره طارق - بخش دوم فایل۱۱ از سطح۱ سال۱۳۹۸ - علی ص.mp3
Provider: ElevenLabs Scribe (scribe_v2)
Progress file (updated after each chunk): Audios/Tadabor_Sobohi/Manaee/Term1/011/011_آموزش تدبر در سوره طارق - بخش دوم فایل۱۱ از سطح۱ سال۱۳۹۸ - علی ص.partial.txt
  preparing audio (011_آموزش تدبر در سوره طارق - بخش دوم فایل۱۱ از سطح۱ سال۱۳۹۸ - علی ص.mp3)...
  12:11 → 1 request(s)
  progress file: Audios/Tadabor_Sobohi/Manaee/Term1/011/011_آموزش تدبر در سوره طارق - بخش دوم فایل۱۱ از سطح۱ سال۱۳۹۸ - علی ص.partial.txt
  [1/1] 0:00–12:11 (4286 KB)...
      → 6822 chars: اعوذ بالله من الشيطان الرجيم. بسم الله الرحمن الرحيم. الحمد لله رب العالمين وصلى الله على سيدنا ونبينا حبيب اله العالمين ابا القاسم المصطفى محمد. اللهم صل على محمد وال محمد وعجل فر…

============================================================
TRANSCRIPTION (preview)
============================================================
اعوذ بالله من الشيطان الرجيم. بسم الله الرحمن الرحيم. الحمد لله رب العالمين وصلى الله على سيدنا ونبينا حبيب اله العالمين ابا القاسم المصطفى محمد. اللهم صل على محمد وال محمد وعجل فرجه وعلى آله الطيبين الطاهرين ولعنة الله على أعدائهم أجمعين من الآن إلى قيام يوم الدين. عرضم به خدمت شما در فضای کلاس اگر سوالی براتون پیش میاد مثلاً می‌بینید بنده بحثی رو مطرح می‌کنم شما متوجه منظور من نشدید و وقتی متوجه منظور نمیشه آدم ادامه بحث ممکنه دیگه دریافت نداشته باشه. گویا یه خلایی پیش میاد. این خلاء تا آخر کلاس اثر خودشو میگذاره. ما این حقو برای شما قائلیم. همونجا دست بلند کنید بنده فرصتی باز می‌کنم سؤال کنید بنده توضیح بدم تا ابهام برطرف بشه راجع به عرض خودم. اما یه وقت نظری دارید یعنی نظری دارید غیر از نظری که ما تو کلاس مطرح کردیم. حالا یا در تفسیر مطالعه کردید، در ترجمه مطالعه کردید یا به ذهن خودتون مطلبی رسیده. اینا هم ارزشمنده. در جلسه قبلی خواستم که برای مطالبی که به نظرتون میرسه یه فرصتی به خودتون بدید. یعنی لازم نیست تو کلاس همون لحظه نظرتون رو بیان کنید. یه فرصت به خودتون بدید برید تو خونه یه بار دیگه مطالعه بکنید، بررسی بکنید. اگر تشخیص دادید که باید من در جریان قرار بگیرم لازمه که بدونم. اونوقت به شکل حالا فایلی که دوستان سؤالاتی که در اختیار ما قرار میدن یا کتبی به من میرسونید و منم انشاالله به اندازه بضاعتم جوابگو هستم. اگر یه وقت شما مطلبی رو بگید که من ببینم، من می‌تونم ردش کنم، نمی‌تونم قبولش کنم. صادقانه همین حرفو بهتون می‌زنم. میگم شما مطلبی رو فرمودید تشکر. من فعلاً نه ردش می‌کنم نه قبول. اگر ببینم مطلب درسته قبول می‌کنم. ببینم مطلب اشکال داره. اشکالی را که به ذهنم میرسه عرض خواهم کرد. خیلی شفاف و خلاصه رو راست. به این شکل انشاالله برنامه جلو میره. پس بنابراین از این به بعد تو کلاس فقط در صورتی که ابهامی براتون پیش بیاد، چی بود این مطلب؟ متوجه نشدیم شما چی گفتی؟ مثلاً گفتی الف لام جنس. جنس یعنی چی؟ مثلاً گفتی فلان آیه معنیش این میشه، من نفهمیدم. یه بار دیگه میشه توضیح بدید؟ این جور سؤالات. راجع به معنی کلمه. راجع به نمی‌دونم معنی آیه. و انشاالله به تدریج اینا رم کم می‌کنیم. یعنی ما باید بریم به سمتی که شماها خودتون با مطالعه کافی خیلی از این مسائل رو حل بکنید.
… (truncated; see saved file for full transcript)

============================================================
SUMMARY
============================================================
Input file      : 011_آموزش تدبر در سوره طارق - بخش دوم فایل۱۱ از سطح۱ سال۱۳۹۸ - علی ص.mp3
Provider        : ElevenLabs Scribe (scribe_v2)
Audio duration  : 12:11 (731.38 s)
Requests        : 1
Billed duration : 732 s (rounded up to nearest second)
Rate            : $0.22 / audio hour
Estimated cost  : $0.044695 USD
Transcript saved: Audios/Tadabor_Sobohi/Manaee/Term1/011/011_آموزش تدبر در سوره طارق - بخش دوم فایل۱۱ از سطح۱ سال۱۳۹۸ - علی ص.txt
============================================================
[011] OK

=== [012] Fri Aug 28 00:22:16 PDT 2026 ===
  input: Audios/Tadabor_Sobohi/Manaee/Term1/012/012_آموزش تدبر در سوره اعلی - بخش اول فایل۱۲ از سطح۱ سال۱۳۹۸ - علی ص.mp3
Provider: ElevenLabs Scribe (scribe_v2)
Progress file (updated after each chunk): Audios/Tadabor_Sobohi/Manaee/Term1/012/012_آموزش تدبر در سوره اعلی - بخش اول فایل۱۲ از سطح۱ سال۱۳۹۸ - علی ص.partial.txt
  preparing audio (012_آموزش تدبر در سوره اعلی - بخش اول فایل۱۲ از سطح۱ سال۱۳۹۸ - علی ص.mp3)...
  33:01 → 1 request(s)
  progress file: Audios/Tadabor_Sobohi/Manaee/Term1/012/012_آموزش تدبر در سوره اعلی - بخش اول فایل۱۲ از سطح۱ سال۱۳۹۸ - علی ص.partial.txt
  [1/1] 0:00–33:01 (11608 KB)...
      → 17320 chars: و اما سوره مبارکه اعلی را می‌خوایم شروع کنیم. کیا مطالعه کردن؟ الحمد لله. خیلی تشکر می‌کنم از خواهران و برادرانی که مطالعه کردن و تکالیف رو انجام دادن. تکلیف خاصی نداریم. عمده اینه…

============================================================
TRANSCRIPTION (preview)
============================================================
و اما سوره مبارکه اعلی را می‌خوایم شروع کنیم. کیا مطالعه کردن؟ الحمد لله. خیلی تشکر می‌کنم از خواهران و برادرانی که مطالعه کردن و تکالیف رو انجام دادن. تکلیف خاصی نداریم. عمده اینه که سوره رو خونده باشید. معانی آیات را یه بررسی کرده باشید. در حد توان خودتون سوره را سیاق‌بندی کرده باشید. سیاق‌های سوره را در حد توان جمع‌بندی کرده باشید. اگر فرصتتون رسیده ارتباط سیاق‌ها رو هم بررسی کنید. ببینید این کلاس تشکیل شده تا حد المقدور شماها متدبر بشید و راه بیفته اون توان تدبری تون در قرآن فعال بشه. این اتفاق بدون تمرین شما نمیفته. خیلی راحت، شفاف. کلاس زبان اگر شما بری تمرین نکنی زبان یاد می‌گیری؟ یه چیزایی آشنایی پیدا می‌کنی با زبان ولی زبان‌دان نمی‌شی. چون مهارته. تدبر هم مهارته. باید کار بکنیم، وقت بگذاریم. حداقل به ازای این سه ساعتی که کلاس میاید حداقل یه سه ساعتم خودتون بذارید. سه ساعت برای سه ساعت حداقل. اگر این وقتو نتونید بگذارید من فکر می‌کنم استفادتون از این کلاس کم خواهد بود. و اگرم بنده می‌بینید اصطلاحاتی میگم مطالبی میگم بعضاً ممکنه برای شما مفهوم نیست، سؤال کنید تا باز بشه و فکر نکنید که حالا که مفهوم نیست پس مطالب این کلاس به درد ما نمی‌خوره. نه اینا کم‌کم شما با این اصطلاحات آشنا می‌شید. شبیه استاد زبانی که همون روز اول اومده تو کلاس با همه داره انگلیسی حرف می‌زنه. هنوز هیچکس انگلیسی بلد نیست. او شما رو داره در فضا قرار میده. تو فضای انگلیسی شنیدن، انگلیسی حرف زدن. درسته؟ تجربه‌ش رو دارید. کلاس تدبرم همینه. من باید از اول شما رو بیام تو فضا قرار بدم. من باید فرض کنم شماها ادبیات می‌دونید. نمی‌دونم یه مقدار با منطق آشنایید. یه مقدار با اصول آشنایید. اگرم نیستید ایجاد میشه. شما سؤال می‌کنید کم‌کم روشن می‌شید. کم‌کم مسئله حل میشه. دو بار، سه بار، پنج بار یه اصطلاحی رو می‌شنوید براتون جا میفته. پس خیلی جای نگرانی نیست. و برعکس داریم باز کسانی ممکنه احساس کنن آقا ما اینا رو بلدیم. خب من که همون روز اول هم گفتم اگر کسی بلده که نباید وقتش گرفته بشه. اما اگه کسی خیال می‌کنه با مطالعات تفسیری‌ای که داشته از تدبر بی‌نیاز شده، اشتباه می‌کنه. چون تفسیر و تدبر یکی نیست. تدبر یه فهم جامع و منسجم و هماهنگه که باید تو سوره‌های کوچیک-- چرا ما سوره‌های آخر قرآن رو گذاشتیم ترم ا
… (truncated; see saved file for full transcript)

============================================================
SUMMARY
============================================================
Input file      : 012_آموزش تدبر در سوره اعلی - بخش اول فایل۱۲ از سطح۱ سال۱۳۹۸ - علی ص.mp3
Provider        : ElevenLabs Scribe (scribe_v2)
Audio duration  : 33:01 (1981.04 s)
Requests        : 1
Billed duration : 1982 s (rounded up to nearest second)
Rate            : $0.22 / audio hour
Estimated cost  : $0.121064 USD
Transcript saved: Audios/Tadabor_Sobohi/Manaee/Term1/012/012_آموزش تدبر در سوره اعلی - بخش اول فایل۱۲ از سطح۱ سال۱۳۹۸ - علی ص.txt
============================================================
[012] OK

=== [013] Fri Aug 28 00:23:19 PDT 2026 ===
  input: Audios/Tadabor_Sobohi/Manaee/Term1/013/013_آموزش تدبر در سوره اعلی - بخش دوم فایل۱۳ از سطح۱ سال۱۳۹۸ - علی ص.mp3
Provider: ElevenLabs Scribe (scribe_v2)
Progress file (updated after each chunk): Audios/Tadabor_Sobohi/Manaee/Term1/013/013_آموزش تدبر در سوره اعلی - بخش دوم فایل۱۳ از سطح۱ سال۱۳۹۸ - علی ص.partial.txt
  preparing audio (013_آموزش تدبر در سوره اعلی - بخش دوم فایل۱۳ از سطح۱ سال۱۳۹۸ - علی ص.mp3)...
  1:02:49 → 1 request(s)
  progress file: Audios/Tadabor_Sobohi/Manaee/Term1/013/013_آموزش تدبر در سوره اعلی - بخش دوم فایل۱۳ از سطح۱ سال۱۳۹۸ - علی ص.partial.txt
  [1/1] 0:00–1:02:49 (22085 KB)...
      → 33872 chars: سؤالی که راجع به آیات یک تا پنج سؤال داشتیم دو سه تا. بفرمایید. اصلاً تسبیح میگن در تسبیح چرا باید تنزیه رو در نظر بگیریم؟ تسبیح اصلاً یعنی تنزیه. تسبیح، کلمه تسبیح یعنی منزه دانست…

============================================================
TRANSCRIPTION (preview)
============================================================
سؤالی که راجع به آیات یک تا پنج سؤال داشتیم دو سه تا. بفرمایید. اصلاً تسبیح میگن در تسبیح چرا باید تنزیه رو در نظر بگیریم؟ تسبیح اصلاً یعنی تنزیه. تسبیح، کلمه تسبیح یعنی منزه دانستن از عیب، از نقص، از نیاز. شما وقتی میگی سبحان الله یعنی خدا عیب ندارد. وقتی میگی سبحان الله یعنی خدا نقص ندارد. وقتی میگی سبحان الله یعنی خدا نیاز ندارد. تسبیح جنبه‌ی سلبی داره نه جنبه‌ی اثباتی. تسبیح نمی‌خواد بگه خدا چیا دارد. می‌خواد بگه چیا ندارد. میگن اوصاف جلالی نه جمالی. یعنی می‌خواد بگه خدا منزه است از این که شریک داشته باشد. خدا منزه است از این که ناتوان باشد. خدا منزه است از این که جاهل باشد. هر چیزی که نقص به حساب میاد، عیب به حساب میاد، وقتی شما اقرار می‌کنی که اون نقص و عیب را خدا ندارد، این تسبیحه. حالا اقرار کنی با زبانت میشه تسبیح زبانی. توجه داری تو قلبت میشه تسبیح قلبی. تو رفتارت طوری رفتار می‌کنی که معلومه خدا را نیازمند نمی‌دونی. مثلاً دست نیاز به سوی غیر او دراز نمی‌کنی و توکل بر او می‌کنی. این میشه تسبیح رفتاری، تسبیح عملی. پس مفهوم تسبیح روشنه. اما یک نکته رو هم من بگم؟ اسم که در اینجا اومد سبح اسم ربک، یه سؤالی شد که چرا نگفت سبح ربک؟ گفت سبح اسم ربک. اسم یعنی هر اون چیزی که بر مسمى دلالت کند. اسم خدا چیه؟ اسم خدا با توجه به این سیاق، آفریدن، آفریدن، خود آفریدن‌ها. نه اسم آفریدگار، نه کلمه‌ی آفریدگار. خود آفریدن اسم خداست. خود اعتدال بخشیدن اسم خداست. خود قدرت را به کار گرفتن و حد و اندازه را معین کردن اسم خداست. خود هدایت کردن و به مقصد رساندن اسم خداست. اینا همه اسم خداست. پس این کلمه‌ی خالق و نمی‌دونم قادر و اینا چیه؟ در اصطلاح فلسفی بهش میگن اسم الاسم. کلمه‌ی خالق اسم خلق کردنه. خلق کردن اسم خداست. کلمه‌ی قادر اسم قدرت را به کار گرفتنه. خود قدرت را به کار گرفتن اسم خداست. وقتی میگه سبح اسم ربک یعنی بدان خلق کردن خدا، اعتدال بخشیدن خدا، قدرت به کار گرفتن خدا، هدایت کردن خدا توش عیب و نقص و نیاز نیست. نه اینکه تو کلمه‌ی خالق نیست، تو کلمه‌ی-- اینا که کلمه است. تو اون اسم خدا نقص و نیاز نیست. تو اون اسم خدا عیب و ایراد نیست. خب اینم یک سؤالی بود که بین کلاس پرسیده شد. خواستم به شما هم جواب بدم. بله؟ سؤالو تکرار می‌کنم. سبح خطاب به پیغمبر گرامی اسلامه. آیا پیغمبر گر
… (truncated; see saved file for full transcript)

============================================================
SUMMARY
============================================================
Input file      : 013_آموزش تدبر در سوره اعلی - بخش دوم فایل۱۳ از سطح۱ سال۱۳۹۸ - علی ص.mp3
Provider        : ElevenLabs Scribe (scribe_v2)
Audio duration  : 1:02:49 (3769.16 s)
Requests        : 1
Billed duration : 3770 s (rounded up to nearest second)
Rate            : $0.22 / audio hour
Estimated cost  : $0.230338 USD
Transcript saved: Audios/Tadabor_Sobohi/Manaee/Term1/013/013_آموزش تدبر در سوره اعلی - بخش دوم فایل۱۳ از سطح۱ سال۱۳۹۸ - علی ص.txt
============================================================
[013] OK

=== [014] Fri Aug 28 00:25:41 PDT 2026 ===
  input: Audios/Tadabor_Sobohi/Manaee/Term1/014/014_آموزش تدبر در سوره اعلی - بخش سوم فایل۱۴ از سطح۱ سال۱۳۹۸ - علی ص.mp3
Provider: ElevenLabs Scribe (scribe_v2)
Progress file (updated after each chunk): Audios/Tadabor_Sobohi/Manaee/Term1/014/014_آموزش تدبر در سوره اعلی - بخش سوم فایل۱۴ از سطح۱ سال۱۳۹۸ - علی ص.partial.txt
  preparing audio (014_آموزش تدبر در سوره اعلی - بخش سوم فایل۱۴ از سطح۱ سال۱۳۹۸ - علی ص.mp3)...
  33:26 → 1 request(s)
  progress file: Audios/Tadabor_Sobohi/Manaee/Term1/014/014_آموزش تدبر در سوره اعلی - بخش سوم فایل۱۴ از سطح۱ سال۱۳۹۸ - علی ص.partial.txt
  [1/1] 0:00–33:26 (11753 KB)...
      → 18555 chars: اینطور نیستش که هر جا ان بر سر فعل میاد تأکیدیه. نه، بله اصل اینه که ان بر سر فعل میاد شرطیه اما اینجا چون معنی شرطی درست در نمیاد تأکیدیه. آیا بین اسم سوره‌های قرآن و محتوای سوره‌…

============================================================
TRANSCRIPTION (preview)
============================================================
اینطور نیستش که هر جا ان بر سر فعل میاد تأکیدیه. نه، بله اصل اینه که ان بر سر فعل میاد شرطیه اما اینجا چون معنی شرطی درست در نمیاد تأکیدیه. آیا بین اسم سوره‌های قرآن و محتوای سوره‌ها ارتباطی هست یا نه؟ ببینید اسامی که الان در قرآن کریم شما می‌بینید روی سوره‌ها گذاشته شده، سوره حمد، سوره بقره، سوره آل عمران همینطور بیاد تا سوره ناس. خیلی از این اسم‌ها وضع تعینی ندارن. یعنی کسی این اسم را بر این سوره قرار نداده. اصطلاحاً میگن وضع تعینی داره. وضع تعینی یعنی در طول زمان به خاطر اینکه این کلمه خیلی به کار برده شده برای این سوره تبدیل شده به اسم. الان خیابون‌ها رو می‌بینید بعضی از خیابون‌ها رو یه اسمی براش گذاشتن اما مردم به یه اسم دیگری اون خیابون رو صدا می‌کنند. اینو میگن وضع تعینی یعنی در اثر کثرت کاربرد یک چیزی تبدیل شده به یه اسم. خیلی اسم‌هایی که الان شما توی قرآن می‌بینید برای سوره‌ها اینطوریه وضعشون. یعنی مردم می‌خواستن بگن اون سوره یه، یه کلمه‌ای رو دنبال یه کلمه‌ای بودند که تا اون کلمه رو میگن طرف بفهمه کدوم سوره رو میخوان بگن. آقا سوره بقره. حالا بقره یه جا تو قرآن اومده؟ من تا بگم سوره بقره می‌فهمه کدومو دارم میگم. سوره نمل، یه جا تو قرآن اومده. من بهش میگم واژه ویژه. یعنی اون کلمه‌هایی که تو سوره‌ها ویژه هستن اینا نامزد اسم‌های تعینی شدن. یعنی مردم این اسم‌ها رو خیلی به کار بردن این کلماتو شده اسم سوره. و الا این نیستش که خداوند گفته این سوره گاوه، این سوره مورچه است، این سوره زنبوره، این سوره دوده، این سوره نمی‌دونم چی چیه. اینجوری که نیست. یه نفر ندونه خیال می‌کنه مثلاً قرآن جانورشناسی چیزیه. کی-- اصلاً اینا نیست. آقا معروف شده به مورچه، معروف شده به زنبور، معروف شده به گاو، معروف شده به دود. ولا راجع به نمی‌دونم دود و دم و اینا صحبتی توش نبوده. خب اینو میگیم وضع تعینی. آیا سوره‌های قرآن اسم‌هایی که پیغمبر و اهل بیت علیهم السلام گذاشته باشنم دارن؟ بله دارن. ما در سوره ها برای بسیاری از سوره‌های قرآن اسم تعیین شده مثلاً برای سوره بقره اسم فُسْطاطُ القرآن، خیمهگاه قرآن، اسم سوره بقره است که پیغمبر خدا نهادن. زَهْرَةُ القرآن، درخشنده ستاره درخشان قرآن. سَنَامُ القرآن، قله قرآن. اینا اسامی‌ست که اهل بیت یا پیامبر گرامی اسلام گذاشتن. حتی استادی یک بار نقل می‌کرد
… (truncated; see saved file for full transcript)

============================================================
SUMMARY
============================================================
Input file      : 014_آموزش تدبر در سوره اعلی - بخش سوم فایل۱۴ از سطح۱ سال۱۳۹۸ - علی ص.mp3
Provider        : ElevenLabs Scribe (scribe_v2)
Audio duration  : 33:26 (2005.78 s)
Requests        : 1
Billed duration : 2006 s (rounded up to nearest second)
Rate            : $0.22 / audio hour
Estimated cost  : $0.122575 USD
Transcript saved: Audios/Tadabor_Sobohi/Manaee/Term1/014/014_آموزش تدبر در سوره اعلی - بخش سوم فایل۱۴ از سطح۱ سال۱۳۹۸ - علی ص.txt
============================================================
[014] OK

=== [015] Fri Aug 28 00:26:52 PDT 2026 ===
  input: Audios/Tadabor_Sobohi/Manaee/Term1/015/015_آموزش تدبر در سوره غاشیه - بخش اول فایل۱۵ از سطح۱ سال۱۳۹۸ - علی.mp3
Provider: ElevenLabs Scribe (scribe_v2)
Progress file (updated after each chunk): Audios/Tadabor_Sobohi/Manaee/Term1/015/015_آموزش تدبر در سوره غاشیه - بخش اول فایل۱۵ از سطح۱ سال۱۳۹۸ - علی.partial.txt
  preparing audio (015_آموزش تدبر در سوره غاشیه - بخش اول فایل۱۵ از سطح۱ سال۱۳۹۸ - علی.mp3)...
  12:10 → 1 request(s)
  progress file: Audios/Tadabor_Sobohi/Manaee/Term1/015/015_آموزش تدبر در سوره غاشیه - بخش اول فایل۱۵ از سطح۱ سال۱۳۹۸ - علی.partial.txt
  [1/1] 0:00–12:10 (4276 KB)...
      → 6942 chars: سوره مبارکه بعدی سوره قاشیه است. خب من با اجازتون تکلیف سوره قاشیه رو یه قدم می‌برم به جلو. اول دسته‌بندی سوره رو خودم میگم. دو دسته داره آیه یک تا شونزده، آیه هفده تا بیست و شش. د…

============================================================
TRANSCRIPTION (preview)
============================================================
سوره مبارکه بعدی سوره قاشیه است. خب من با اجازتون تکلیف سوره قاشیه رو یه قدم می‌برم به جلو. اول دسته‌بندی سوره رو خودم میگم. دو دسته داره آیه یک تا شونزده، آیه هفده تا بیست و شش. در آیات یک تا شونزده چه سیری طی شده؟ با یه سؤال بحث آغاز شده "هل أتاك حديث الغاشية" حکایت قاشیه به تو رسید یا نه؟ و بعد خود خدا "حديث الغاشية" را شرح داده. "حديث الغاشية" اینه. "وجوه يومئذ خاشعة". "عاملة ناصبة". "تسلی ناراً حامية". "تسقی من عين آنية". "ليس لهم طعام" بگید. [همهمه]. "إلا من ضريع". خار بخورن. خار. "لا يسمن ولا يغني من جوع". نه فربه می‌کنه، نه گرسنگی رو برطرف می‌کنه. ولی مثل شتر باید خار بجود. قرآنه ها. اما نقطه مقابل "وجوه يومئذ ناعمة". اینا "خاشعة" اینا "ناعمة". "لسعيها راضية". اینا "عاملة ناصبة" اینا "لسعيها". این هر کار کرده فقط خستگی براش مونده. این اما تلاشی که کرده به رضایت رسیده. چه شد؟ "في جنة عالية". اینا "تسلی ناراً حامية" اینا "في جنة عالية". اینم توصیفیه برای همون جنت. تو چه جنتی‌اند؟ تو جنتی که در اون لغز نمی‌شنوند. خب اونا "تسقی من عين آنية" اینا "فيها عين جارية". خب اونا "ليس لهم طعام إلا من ضريع" اینجا "فيها سرر مرفوعة وأكواب موضوعة ونمارق مصفوفة وزرابي مفروشة". دو تا گروه را در دو ستون با هم مقایسه کرده. این "حديث الغاشية" است. قاشیه یعنی پوشاننده. یعنی هیچکس از یکی از این دو ستون بیرون نیست. قاشیه حکایتی‌ست که همه را در بر می‌گیره. حالا یا تو این ستون یا بگید تو این ستون. کسی که بگه نه من نه اینجام نه اونجام نداریم. قاشیه یعنی این. یعنی هیشکی بیرون نیست. هیشکی حالت سومی نداره. به طور کلی دو حالته. یا خاشعة یا ناعمة، یا ناصبة یا راضية، یا ناراً حامية یا جنة عالية، یا عين آنية یا عين جارية، یا ليس لهم طعام یا سرر مرفوعة أكواب موضوعة نمارق مصفوفة زرابي مفروشة. یکی از این دو حالته. این حرف اول. این کلاً شده سیاق یک. خب اینام که ما خواستیم بگیم در واقع اینا به هم ارتباط دارن. این محورهای مقایسه‌ایه. در سیاق دو خدا آمده گفته "أفلا ينظرون". آیا توجه نمی‌کنن؟ آیا نگاه نمی‌کنن؟ چرا سیاق جدیدیه؟ چون دیگه ادامه "حديث الغاشية" نیست دیگه. یه بحث مطالعاتی خدا پیش کشیده. مثل اینکه خدا میگه دیدید دو تا ستون بود حالا می‌خوام یه تکلیف بدم. برید مطالعه کنید. خب خدایا چیو مطالعه
… (truncated; see saved file for full transcript)

============================================================
SUMMARY
============================================================
Input file      : 015_آموزش تدبر در سوره غاشیه - بخش اول فایل۱۵ از سطح۱ سال۱۳۹۸ - علی.mp3
Provider        : ElevenLabs Scribe (scribe_v2)
Audio duration  : 12:10 (729.65 s)
Requests        : 1
Billed duration : 730 s (rounded up to nearest second)
Rate            : $0.22 / audio hour
Estimated cost  : $0.044590 USD
Transcript saved: Audios/Tadabor_Sobohi/Manaee/Term1/015/015_آموزش تدبر در سوره غاشیه - بخش اول فایل۱۵ از سطح۱ سال۱۳۹۸ - علی.txt
============================================================
[015] OK

=== [016] Fri Aug 28 00:27:37 PDT 2026 ===
  input: Audios/Tadabor_Sobohi/Manaee/Term1/016/016_آموزش تدبر در سوره غاشیه - بخش دوم فایل۱۶ از سطح۱ سال۱۳۹۸ - علی.mp3
Provider: ElevenLabs Scribe (scribe_v2)
Progress file (updated after each chunk): Audios/Tadabor_Sobohi/Manaee/Term1/016/016_آموزش تدبر در سوره غاشیه - بخش دوم فایل۱۶ از سطح۱ سال۱۳۹۸ - علی.partial.txt
  preparing audio (016_آموزش تدبر در سوره غاشیه - بخش دوم فایل۱۶ از سطح۱ سال۱۳۹۸ - علی.mp3)...
  53:46 → 1 request(s)
  progress file: Audios/Tadabor_Sobohi/Manaee/Term1/016/016_آموزش تدبر در سوره غاشیه - بخش دوم فایل۱۶ از سطح۱ سال۱۳۹۸ - علی.partial.txt
  [1/1] 0:00–53:46 (18900 KB)...
      → 29198 chars: اعوذ بالله من الشيطان الرجيم. بسم الله الرحمن الرحيم. الحمد لله رب العالمين وصلى الله على سيدنا ونبينا حبيب اله العالمين ابا القاسم المصطفى محمد. اللهم صل على محمد وآل محمد وعجل فر…

============================================================
TRANSCRIPTION (preview)
============================================================
اعوذ بالله من الشيطان الرجيم. بسم الله الرحمن الرحيم. الحمد لله رب العالمين وصلى الله على سيدنا ونبينا حبيب اله العالمين ابا القاسم المصطفى محمد. اللهم صل على محمد وآل محمد وعجل فرجهم. وعلى آله الطيبين الطاهرين ولعنة الله على أعدائهم أجمعين من الآن إلى قيام يوم الدين. عرض سلام و ادب و احترام محضر برادران و خواهران گرامی. خدا رو شکر می‌کنیم که توفیق داریم در پیشگاه مقدس قرآن حاضر هستیم و آرزو می‌کنیم ساعت‌هایی که پیش رو داریم در محضر نورانی قرآن برای همه ما مفید و در مسیر انس و آشنایی بیشتر ما با قرآن کریم ان شاء الله مؤثر باشه به برکت صلوات بر محمد و آل محمد. اللهم صل على محمد وآل محمد وعجل فرجهم. هفته پنجمه، درسته؟ یعنی از مجموع سیزده هفته ان شاء الله امروز هفته پنجم تمام میشه. هشت هفته باقی می‌مونه از مرحله اول. و دیگه کم‌کم ان شاء الله باید خواهران و برادران خودشونو آماده بکنن برای اینکه بتونن مراحل تدبر در یک سوره رو به شکل نسبی حالا کامل بکنن. اگر هم کامل نمی‌تونیم نتیجه بگیریم به شکل نسبی بتونیم جلو بریم. احساس رضایت بکنید خودتون از پیشرفتی که داشتید. اگر احساس می‌کنید پیشرفت حاصل نشده، جا برای کار داره، اون مواردی که تصور می‌کنید نیاز داره به توضیح بیشتر من در خدمتم. البته توی مجموعه شش سطح آموزشی تدبر، سطح اول رو ما معمولاً میگیم آشنایی. خیلی توقعمون هم از اینکه میگم بتونید-- سلام علیکم. خودتون تدبر انجام بدید این نیستش که دقیقاً حالا اونچه را که ما تقدیم می‌کنیم یا در کتاب نوشته شده شما اینا رو از قبل بتونید بهش برسید. منظورم این نیست. اما آشناییتون کامل شده باشه. یعنی دیگه بدونید برای تدبر در یک سوره باید چیکار بکنید. یه مروری بکنیم. وقتی می‌خوایم در یک سوره تدبر بکنیم، گام اول اینه که چیه؟ گام اول آیات سوره را بفهمیم. برای فهمیدن آیات باید کلمه‌ها رو بفهمیم، جمله‌ها رو بفهمیم، عبارت‌ها رو بفهمیم. باید با صرف و نحو آشنا باشیم. اگر آشنا نیستیم با ترجمه معنوس باشیم. بتونیم ترجمه رو بر متن قرآن تطبیق بدیم و توضیحاتی که در این باب داده شده. گام دوم تشخیص سیاق‌هاست. این سوره چند تا سیاق داره. پاراگراف‌ها رو تشخیص بدیم. این بحث کجا شروع شد؟ کجا تمام شد؟ نقطه سر خط کجاست؟ اینم گام دومه. گام سوم جمع‌بندی هر سیاق. معلوم شد سوره دو سیاق داره، سه سیاق داره. این سیاق 
… (truncated; see saved file for full transcript)

============================================================
SUMMARY
============================================================
Input file      : 016_آموزش تدبر در سوره غاشیه - بخش دوم فایل۱۶ از سطح۱ سال۱۳۹۸ - علی.mp3
Provider        : ElevenLabs Scribe (scribe_v2)
Audio duration  : 53:46 (3225.56 s)
Requests        : 1
Billed duration : 3226 s (rounded up to nearest second)
Rate            : $0.22 / audio hour
Estimated cost  : $0.197118 USD
Transcript saved: Audios/Tadabor_Sobohi/Manaee/Term1/016/016_آموزش تدبر در سوره غاشیه - بخش دوم فایل۱۶ از سطح۱ سال۱۳۹۸ - علی.txt
============================================================
[016] OK

=== [017] Fri Aug 28 00:29:14 PDT 2026 ===
  input: Audios/Tadabor_Sobohi/Manaee/Term1/017/017_آموزش تدبر در سوره غاشیه - بخش سوم فایل۱۷ از سطح۱ سال۱۳۹۸ - علی.mp3
Provider: ElevenLabs Scribe (scribe_v2)
Progress file (updated after each chunk): Audios/Tadabor_Sobohi/Manaee/Term1/017/017_آموزش تدبر در سوره غاشیه - بخش سوم فایل۱۷ از سطح۱ سال۱۳۹۸ - علی.partial.txt
  preparing audio (017_آموزش تدبر در سوره غاشیه - بخش سوم فایل۱۷ از سطح۱ سال۱۳۹۸ - علی.mp3)...
  40:01 → 1 request(s)
  progress file: Audios/Tadabor_Sobohi/Manaee/Term1/017/017_آموزش تدبر در سوره غاشیه - بخش سوم فایل۱۷ از سطح۱ سال۱۳۹۸ - علی.partial.txt
  [1/1] 0:00–40:01 (14067 KB)...
      → 21964 chars: در سیاق دوم چهار تا دستور مطالعاتی بود که گفتیم همه در كيف مشترکن و اولیش بحث ابل بود، دومی سماع. والسماء كيف رفعت یعنی افلا ينظرون الى السماء كيف رفعت آیا نظر نکردند؟ مطالعه نکردن…

============================================================
TRANSCRIPTION (preview)
============================================================
در سیاق دوم چهار تا دستور مطالعاتی بود که گفتیم همه در كيف مشترکن و اولیش بحث ابل بود، دومی سماع. والسماء كيف رفعت یعنی افلا ينظرون الى السماء كيف رفعت آیا نظر نکردند؟ مطالعه نکردند؟ توجه نکردند به سوی آسمان که چگونه برافراشته شد؟ در ویژگی‌های برافراشته شدن آسمان خیلی چیزها قرآن نقل کرده. یک جا می‌فرماید این هفت آسمانی که بالای سر شماست که یه بار قبلاً هم گفتم این هفت آسمان چگونگی ساماندهی همان یک بگید آسمانه. فکر نکنیم من السما که میاد این یعنی فقط یه آسمون من السماوات یعنی هفت آسمون. السماوات هفت آسمونیه که طبقات یک آسمونه. یعنی آسمان یه حقیقت واحدی دارد که این حقیقت واحد خودش هفت طبقه و رتبه داره. شاهدش هم سوره مبارکه بقره است که خوندم آیه‌اش رو براتون در جلسات قبلی. هو الذي خلق لكم ما في الأرض جميعا ثم استوى إلى السماء. إلى السماء فسواهن سبع سماوات یعنی یک آسمون، هفت آسمون. خب. این آسمان در کیفیت رفعتش یه جایی خداوند فرموده که سبع فرائق، آسمان هفت تا راهه. شما یه نگاه می‌ندازی میگی آسمون. اما هفت اتوبان، هفت طریق که زمین را داره به عرش وصل می‌کنه، که ماده را داره به معنا چه می‌کنه؟ وصل می‌کنه. که ملک را داره به ملکوت وصل می‌کنه. این خیلی مسئله مهمیه. خیلی مسئله مهمیه. ما درکمون از اتصال ملک و ملکوت درک آسونی نیست چون ملکوت غیبه. چطور این مراتب تنظیم شده؟ آسمان. یه جایی خداوند فرموده سبع بله وبنى فوقكم سبعا شدادا. از شدت و استحکام آسمون صحبت کرده. یه بار فرموده که انسان نگاه بکنه، مقایسه بکنه خودشو با آسمان. أأنتم أشد خلقا أم السماء بناها رفع سمكها فسواها خداوند ستون‌های مستحکم بلند نامرئی برای آسمون قرار داده. آسمان رو معتدل خلق کرده. أغش الليلها وأخرج ضحاها شباشو تاریک کرده. روزاشو آشکار کرده. آسمان را زینت داده ولقد زينا السماء الدنيا بمصابيح با ستاره‌ها و سیاره‌ها زینتش داده. بعد همین ستاره‌ها و سیاره‌ها را مایه دفع شیاطین قرار داده. حفظاً مایه حفظ آسمان از دخالت و نفوذ شیاطین قرار داده. یه جا فرموده والسماء ذات الحبك آسمان پر دره که بسته است. یه جا فرموده آسمان یه روز باز میشه می‌بینی چه خبره. یه جا فرموده آسمان جایگاه رزقه. یه جا فرموده آسمان جایگاه ما توعدونه. یه آسمان است و یک اسم است و هزار هزار کتاب نانوشته و ناخوانده تو این اسم. آیا نگاه نکردند به آسما
… (truncated; see saved file for full transcript)

============================================================
SUMMARY
============================================================
Input file      : 017_آموزش تدبر در سوره غاشیه - بخش سوم فایل۱۷ از سطح۱ سال۱۳۹۸ - علی.mp3
Provider        : ElevenLabs Scribe (scribe_v2)
Audio duration  : 40:01 (2400.70 s)
Requests        : 1
Billed duration : 2401 s (rounded up to nearest second)
Rate            : $0.22 / audio hour
Estimated cost  : $0.146709 USD
Transcript saved: Audios/Tadabor_Sobohi/Manaee/Term1/017/017_آموزش تدبر در سوره غاشیه - بخش سوم فایل۱۷ از سطح۱ سال۱۳۹۸ - علی.txt
============================================================
[017] OK

=== [018] Fri Aug 28 00:30:30 PDT 2026 ===
  input: Audios/Tadabor_Sobohi/Manaee/Term1/018/018_آموزش تدبر در سوره فجر - بخش اول فایل۱۸ از سطح۱ سال۱۳۹۸ - علی.mp3
Provider: ElevenLabs Scribe (scribe_v2)
Progress file (updated after each chunk): Audios/Tadabor_Sobohi/Manaee/Term1/018/018_آموزش تدبر در سوره فجر - بخش اول فایل۱۸ از سطح۱ سال۱۳۹۸ - علی.partial.txt
  preparing audio (018_آموزش تدبر در سوره فجر - بخش اول فایل۱۸ از سطح۱ سال۱۳۹۸ - علی.mp3)...
  13:13 → 1 request(s)
  progress file: Audios/Tadabor_Sobohi/Manaee/Term1/018/018_آموزش تدبر در سوره فجر - بخش اول فایل۱۸ از سطح۱ سال۱۳۹۸ - علی.partial.txt
  [1/1] 0:00–13:13 (4645 KB)...
      → 8001 chars: خواهران و برادران، یک ربع فرصت مباحثه سوره فجر. تصور بنده بر این است که سوره فجر رو خوندید، آیاتش رو کار کردید، دسته‌بندی هم انجام دادید. ای بسا دسته‌ها را هم جمع‌بندی کردید. حالا …

============================================================
TRANSCRIPTION (preview)
============================================================
خواهران و برادران، یک ربع فرصت مباحثه سوره فجر. تصور بنده بر این است که سوره فجر رو خوندید، آیاتش رو کار کردید، دسته‌بندی هم انجام دادید. ای بسا دسته‌ها را هم جمع‌بندی کردید. حالا مطمئن نیستم به ارتباط دسته‌ها رسیدید یا نه. حداقل مفهوم آیات و دسته‌بندی سوره فجر رو تو این یک ربع مباحثه کنید. اگر فرصت ایجاد شد، برید جلوتر جمع‌بندی دسته‌ها رو هم کار کنید اگر نه حداقل این دو مورد رو انشاالله مباحثه کنید. از همین لحظه تا ساعت شش و ربع مباحثه است. لطفاً همه مباحثه کنند. کسی از این تکلیف مستثنی نیست حتی مهمانان محترم. اعوذ بالله من الشيطان الرجيم بسم الله الرحمن الرحيم و به نستعين. سوره مبارکه فجر رو می‌خوایم آغاز بکنیم. انشاالله کار کردید. هرکس که توصیه‌های بنده رو عمل کنه انشاالله نتیجه بهتری می‌گیره. اینکه میگم نگاه نکنید قبل از مطالعه کتابو می‌خوام جولان ذهنی‌تون حفظ بشه. یعنی ذهن خودتون فعالیت کنه. اگر شما نتیجه رو ببینید خودبه‌خود ذهن فعالیتش کم میشه. خودبه‌خود. یعنی یه چند درصدی کمتر فعالیت می‌کنه برای حل مسائل. زود عبور می‌کنه. میگه بابا این حاج آقا که آخرش حرف خودشو ثابت می‌کنه. ولش کن همین درسته. فهمیدید؟ پس خودتون اگر این مطالعه اولیه رو انجام بدید برای نتیجه بهتره. خب حالا مفاهیم آیات به خودتون واگذار میشه. من در دوری که میخوام جمع‌بندی کنم انشاالله مفاهیمو مرور می‌کنم. وارد بحث دسته‌بندی میشم. چند دسته است؟ چهار دسته. همه ماشالله کتابو ندیدن.[خنده] خدا رو شکر. اصلاً چنان یکصدا گفتید چهار دسته که من چهار ستونم لرزید و مطمئن شدم کتابو هیچکس ندیده. خیلی خوب شد. بله. سه دسته. سه دسته. آقا غیر چهار دسته هرکی هرچی داره بگه. سه دسته. شش دسته هم داریم. یک تا چهارده. آها خب پس یه خود متفاوته. فرمودن یک تا چهارده، پونزده تا بیست، بیست و شش تا بیست و ببخشید بیست و یک تا بیست و شش، بیست و هفت تا آخر. یک تا چهارده را چرا یک سیاق دونستید وقتی که آیه یک تا پنج چند تا قسمه و قسم‌ها اینجا تمام میشه و اول آیه شش شروع عاقبت قوم عاد و ثمود و فرعونه. جواب قسم. آیا أَلَمْ تَرَ كَيْفَ فَعَلَ رَبُّكَ بِعَادٍ از نظر ادبی، فنی جواب قسمه؟ نه. آیا از نظر مفهومی میشه ادعا کرد جواب قسمه؟ یه سؤاله که نمیشه جواب قسم دونست. پس با توجه به اینکه جواب قسم نیست آیه ششم، بله اگر آیه ششم و آیات بعد
… (truncated; see saved file for full transcript)

============================================================
SUMMARY
============================================================
Input file      : 018_آموزش تدبر در سوره فجر - بخش اول فایل۱۸ از سطح۱ سال۱۳۹۸ - علی.mp3
Provider        : ElevenLabs Scribe (scribe_v2)
Audio duration  : 13:13 (792.76 s)
Requests        : 1
Billed duration : 793 s (rounded up to nearest second)
Rate            : $0.22 / audio hour
Estimated cost  : $0.048446 USD
Transcript saved: Audios/Tadabor_Sobohi/Manaee/Term1/018/018_آموزش تدبر در سوره فجر - بخش اول فایل۱۸ از سطح۱ سال۱۳۹۸ - علی.txt
============================================================
[018] OK

=== [019] Fri Aug 28 00:31:18 PDT 2026 ===
  input: Audios/Tadabor_Sobohi/Manaee/Term1/019/019_آموزش تدبر در سوره فجر - بخش دوم فایل۱۹ از سطح۱ سال۱۳۹۸ - علی.mp3
Provider: ElevenLabs Scribe (scribe_v2)
Progress file (updated after each chunk): Audios/Tadabor_Sobohi/Manaee/Term1/019/019_آموزش تدبر در سوره فجر - بخش دوم فایل۱۹ از سطح۱ سال۱۳۹۸ - علی.partial.txt
  preparing audio (019_آموزش تدبر در سوره فجر - بخش دوم فایل۱۹ از سطح۱ سال۱۳۹۸ - علی.mp3)...
  47:40 → 1 request(s)
  progress file: Audios/Tadabor_Sobohi/Manaee/Term1/019/019_آموزش تدبر در سوره فجر - بخش دوم فایل۱۹ از سطح۱ سال۱۳۹۸ - علی.partial.txt
  [1/1] 0:00–47:40 (16755 KB)...
      → 27388 chars: بسم الله الرحمن الرحیم. سوره مبارکه فجر همونطور که خواهران و برادران زحمت کشیدن مطالعه و مباحثه کردن معلوم شد دارای چهار سیاقه. سیاق اولش آیه یک تا پنجه. در آیه یک تا پنج خداوند سو…

============================================================
TRANSCRIPTION (preview)
============================================================
بسم الله الرحمن الرحیم. سوره مبارکه فجر همونطور که خواهران و برادران زحمت کشیدن مطالعه و مباحثه کردن معلوم شد دارای چهار سیاقه. سیاق اولش آیه یک تا پنجه. در آیه یک تا پنج خداوند سوگند یاد کرده به چند تا پدیده که این پدیده‌ها به هم مرتبط هم هستن. ابتدا سوگند یاد کرده به فجر. فجر یعنی سپیده دم. اما با توجه به الف و لامی که این فجر داره و با توجه به عرضم به خدمتتون آیات بعدی که مثلاً می‌بینید بعد از فجر می‌فرماید "لیالی عشر" نشون میده یه فجر خاصی رو داره میگه. فجر خاصی که بعد از ده شب طلوع می‌کنه. "والفجر" و "لیالی عشر" و قسم به شب‌های ده گانه. یه فجر خاص و یک دهه خاص. ده شب مقدس. بعد می‌فرماید "والشفع والوتر". قسم به زوج و فرد. ببینید عشر عدده و صفت چیه اینجا؟ لیالی یعنی شب‌ها. وقتی خدا از بین این ده تا عدد به یک زوج سوگند یاد کرده و به یک فرد، ما می‌فهمیم بازم این زوج صفت یک شبه، اون فرد هم صفت یک شبه. یعنی گویا تو این ده تا شب قبل از اون فجری که خدا بهش سوگند یاد کرد، تو این ده تا شب، یه شب زوجه که ویژه است. قسم به اون یه شب زوج و یه شب فرده که اونم ویژه است. قسم به اون یک شب فرد "والشفع والوتر". بعد می‌فرماید "والليل اذا یسر". لیل یک تک شبه. قسم به یه شب. از اون ده تا شب به یکیش قسم یاد کرده. قسم به یک شب. اون وقتی که "یسر". اذا یعنی آن هنگامی که "یسر" سپری می‌شود. حالا شماها باید کمک برسونید. وقتی خدا می‌فرماید قسم به یه فجری که بعد از ده تا شب طلوع می‌کنه و قسم به اون ده تا شب. خب حالا میخواد تو این ده تا شب به یه شب مخصوص سوگند یاد کنه. "والليل" قسم به اون یه شب. "اذا یسر" وقتی که چی میشه؟ می‌گذره. از بین اون ده تا شب کدومش از همه مهم‌تره؟ و واسه سپری شدنش شب دهم. یعنی شب دهمه که وقتی سپری میشه اون فجره چی میشه؟ طلوع می‌کنه. لذا اون فلش رو ما اینجا طراحی کردیم "والليل اذا یسر" که وقتی این شب سپری میشه فجر طلوع می‌کنه. خب اگر پذیرفتیم که از ده تا شب یک شب اگر بخواهیم اسمشو ببریم، اون یک شب، شب دهمه. اون وقت این شفع و وتر هم تکلیفش معلوم میشه. باز یه درجه کمتر از شب دهم اگر یه شب مهم بخواهیم بگیم میشه شب چندم؟ شب نهم. والوتر شب نهمه. باز یه درجه کمتر از شب نهم مهم‌ترین شب کدوم میشه؟ شب هشتم. یعنی مثل این که تو این ده تا شب خدا به سه تا شب قسم ویژه یاد کرده. قسم به
… (truncated; see saved file for full transcript)

============================================================
SUMMARY
============================================================
Input file      : 019_آموزش تدبر در سوره فجر - بخش دوم فایل۱۹ از سطح۱ سال۱۳۹۸ - علی.mp3
Provider        : ElevenLabs Scribe (scribe_v2)
Audio duration  : 47:40 (2859.55 s)
Requests        : 1
Billed duration : 2860 s (rounded up to nearest second)
Rate            : $0.22 / audio hour
Estimated cost  : $0.174750 USD
Transcript saved: Audios/Tadabor_Sobohi/Manaee/Term1/019/019_آموزش تدبر در سوره فجر - بخش دوم فایل۱۹ از سطح۱ سال۱۳۹۸ - علی.txt
============================================================
[019] OK

=== [020] Fri Aug 28 00:33:04 PDT 2026 ===
  input: Audios/Tadabor_Sobohi/Manaee/Term1/020/020_آموزش تدبر در سوره فجر - بخش سوم فایل۲۰ از سطح۱ سال۱۳۹۸ - علی.mp3
Provider: ElevenLabs Scribe (scribe_v2)
Progress file (updated after each chunk): Audios/Tadabor_Sobohi/Manaee/Term1/020/020_آموزش تدبر در سوره فجر - بخش سوم فایل۲۰ از سطح۱ سال۱۳۹۸ - علی.partial.txt
  preparing audio (020_آموزش تدبر در سوره فجر - بخش سوم فایل۲۰ از سطح۱ سال۱۳۹۸ - علی.mp3)...
  49:35 → 1 request(s)
  progress file: Audios/Tadabor_Sobohi/Manaee/Term1/020/020_آموزش تدبر در سوره فجر - بخش سوم فایل۲۰ از سطح۱ سال۱۳۹۸ - علی.partial.txt
  [1/1] 0:00–49:35 (17433 KB)...
      → 28499 chars: این و صل الله علی سیدنا و نبینا حبیب اله العالمین ابالقاسم المصطفی محمد اللهم صل علی محمد. و آله الطیبین الطاهرين و لعنت الله علی اعدائهم اجمعین من الآن الی قیام يوم الدين. عرض سلا…

============================================================
TRANSCRIPTION (preview)
============================================================
این و صل الله علی سیدنا و نبینا حبیب اله العالمین ابالقاسم المصطفی محمد اللهم صل علی محمد. و آله الطیبین الطاهرين و لعنت الله علی اعدائهم اجمعین من الآن الی قیام يوم الدين. عرض سلام و ادب و احترام محضر خواهران و برادران گرامی. خدا رو شکر می‌کنیم که توفیق داریم در پیشگاه مقدس قرآن کریم حاضر می‌شیم و از قرآن کریم درس می‌گیریم برای اندیشیدن‌مون، برای عواطف و احساساتمون و برای رفتارهامون. از خدا می‌خوام که این توفیق رو تا آخرین لحظه زندگی از ما سلب نکنه. به برکت صلوات بر محمد و آل محمد. اللهم صل علی محمد و آل محمد و عجل فرجهم. در جلسه قبلی سوره مبارکه فجر رو آغاز کردیم تدبرش رو. مرحله دسته بندی سوره هم انجام شد و مشخص شد که سوره فجر دارای چهار سیاق. سیاق اول آیه یک تا پنج بود که مرحله سوم یعنی جمع‌بندی رو هم درباره این سیاق انجام دادیم و گفته شد که آیه یک تا پنج برای تأکید اومده اما تأکید چه چیز؟ فعلاً قضاوتی نداریم چون جواب قسم برای آیات یک تا پنج خداوند جواب قسم مطرح نکرده بود، ما هم فعلاً نمی‌دونیم این آیات چی رو می‌خواد تأکید بکنه و باید صبر بکنیم. گفتیم در مواردی که در ابتدای یک سوره چند تا سوگند می‌بینیم ولی برای این سوگندها جوابی مطرح نمی‌شه، می‌تونیم نتیجه بگیریم که این سوگندها می‌خواد کل سوره را تأکید بکنه. پس وقتی می‌تونیم خوب بفهمیم که این آیات چه چیز رو می‌خوان تأکید بکنند که سوره فجر رو فهمیده باشیم. پس فعلاً به همین اندازه تأکید. در دسته دوم هم جمع‌بندی رو انجام دادیم. سوالی بود و جوابی. سؤال درباره عاقبت عاد و ثمود و فرعون بود و این که اینا چه وضعیتی دارند خدا توصیفاتی مطرح فرمود و بعد وصف اصلی یعنی جرم اصلی یعنی طغیان و فساد رو هم مطرح کرد. کلش این بود خدا با عاد و ثمود و فرعون برخوردار طغیانگر مفسد چگونه رفتار کرد؟ برخوردار بودند. نشانه‌اش ارم. نشانه‌اش الذین جابوا الصخر بالواد. نشانه‌اش ذي الأوتاد. پس برخوردار بودند اما طغیان کردند و فساد کردند. خدا با این برخورداران، قدرتمندان، ثروتمندان که مفسد بودند و طاغی بودند چگونه رفتار کرد؟ جواب هم خود خدا داد که عذابشون کردم چون من در کمین بودم. من اونها رو می‌دیدم، اونها منو نمی‌دیدن. من عذابشون کردم. در اون بزنگاهی که باید خلاصه گوشمالی داده می‌شدن این اتفاق افتاد. [سرفه] اون ثروت، اون قدرت جلوی عذاب خدا را 
… (truncated; see saved file for full transcript)

============================================================
SUMMARY
============================================================
Input file      : 020_آموزش تدبر در سوره فجر - بخش سوم فایل۲۰ از سطح۱ سال۱۳۹۸ - علی.mp3
Provider        : ElevenLabs Scribe (scribe_v2)
Audio duration  : 49:35 (2975.15 s)
Requests        : 1
Billed duration : 2976 s (rounded up to nearest second)
Rate            : $0.22 / audio hour
Estimated cost  : $0.181815 USD
Transcript saved: Audios/Tadabor_Sobohi/Manaee/Term1/020/020_آموزش تدبر در سوره فجر - بخش سوم فایل۲۰ از سطح۱ سال۱۳۹۸ - علی.txt
============================================================
[020] OK

=== [021] Fri Aug 28 00:34:58 PDT 2026 ===
  input: Audios/Tadabor_Sobohi/Manaee/Term1/021/021_آموزش تدبر در سوره فجر - بخش چهارم فایل۲۱ از سطح۱ سال۱۳۹۸ - علی.mp3
Provider: ElevenLabs Scribe (scribe_v2)
Progress file (updated after each chunk): Audios/Tadabor_Sobohi/Manaee/Term1/021/021_آموزش تدبر در سوره فجر - بخش چهارم فایل۲۱ از سطح۱ سال۱۳۹۸ - علی.partial.txt
  preparing audio (021_آموزش تدبر در سوره فجر - بخش چهارم فایل۲۱ از سطح۱ سال۱۳۹۸ - علی.mp3)...
  52:59 → 1 request(s)
  progress file: Audios/Tadabor_Sobohi/Manaee/Term1/021/021_آموزش تدبر در سوره فجر - بخش چهارم فایل۲۱ از سطح۱ سال۱۳۹۸ - علی.partial.txt
  [1/1] 0:00–52:59 (18628 KB)...
      → 27972 chars: اعوذ بالله من الشيطان الرجيم. بسم الله الرحمن الرحيم . كلا اذا. حالا سوره مبارکه فجر سیاق سوم مشکل مشخصه انسان ابتلا را نمی‌بیند یا میگه اكرم یا میگه اهاناً نعمت خدا میده میگه اكرم…

============================================================
TRANSCRIPTION (preview)
============================================================
اعوذ بالله من الشيطان الرجيم. بسم الله الرحمن الرحيم . كلا اذا. حالا سوره مبارکه فجر سیاق سوم مشکل مشخصه انسان ابتلا را نمی‌بیند یا میگه اكرم یا میگه اهاناً نعمت خدا میده میگه اكرم نعمت را میگیره میگه اهاناً علت حب دنیا. حب دنیا محصول سه رفتار غلطه. می‌خوایم حب دنیا از بین بره باید یتیم نواز باشیم. باید به فکر فقرا باشیم. باید مال حرام نخوریم تا حب دنیا مهار بشه. حالا خداوند می‌خواد یه کمک دیگه به ما بده. كلا دوباره میگه كلا یعنی انسان اشتباه می‌کنی میگی اكرم اشتباه می‌کنی میگی اهاناً هرگز اینجوری نگو. اذا اون وقت، اون وقتی را نگاه کن. اون وقتی را ببین که چی میشه که دكت الارض دكا دكا. اون وقتی را نگاه کن که زمین در هم کوبیده می‌شود، در هم کوبیده شدنی. دیگه رو زمین نه برج می‌مونه، نه کارخونه می‌مونه، نه حتی کوه می‌مونه، نه جنگلی می‌مونه. تمام سطح زمین طوری می‌لرزه و در هم شکسته میشه که ریز ریز خواهد شد. کوه ها که مثل غبار خواهند شد در مرحله نهایی‌شون. اذا دكت الارض دكا دكا نگاه رو می‌خواد بدوزه به آخرت. توجه دادن مخاطب به آخرت کمک می‌کنه که راحت‌تر از حب دنیا بگید فاصله بگیره. آخرتی هست. تو میخوای به چی دلخوش کنی؟ به ارم؟ مثل قوم عاد که به ارم دلخوش کرد. اون که نمی‌مونه. میخوای به چی خ دلخوش کنی؟ به این حفره‌هایی که تو کوه ها کَندی؟ میخوای به ساختمان‌ها و برج و باروهای بلندی که ساختی دلخوش کنی؟ به چی میخوای دلخوش کنی؟ كلا اذا دكت الارض دكا دكا وجاء ربك والملك صفا صفا. اون وقتی که پروردگارت بیاید، پروردگار که جسم نیست حرکت کنه. وقتی میگه پروردگارت بیاید، اون توجه ربوبی خدا را میگه. یعنی این پروردگار توجه کنه به این مسئله. لذا مفسران میگن جاء ربك یعنی جاء امر ربك منظور اینه خدا به این مقوله توجه کند. به کدوم مقوله؟ مقوله حسابرسی. وجاء ربك والملك صفا صفا فرشتگان صف در صف بایستند. وجیء يومئذ بجحنم و آن روز جهنم آورده شود. اون وقتی که زمین در هم کوبیده شود و پروردگار تو و فرشتگان صف در صف بیایند و اون وقتی که جهنم آورده شود. جیء يومئذ بجحنم یعنی معلومه دادگاه برپا شده، جهنم هم-- جهنم در فرهنگ قرآن موجود زنده است ها. موجود زنده است. جهنم یه چهار دیواری مرده‌ای نیست که توش آتشه. موجود زنده ایست. غرّان و سیری ناپذیر. سوره مبارکه ملک انشاالله یه وقتی رسیدیم اونجا خداوند توصیف
… (truncated; see saved file for full transcript)

============================================================
SUMMARY
============================================================
Input file      : 021_آموزش تدبر در سوره فجر - بخش چهارم فایل۲۱ از سطح۱ سال۱۳۹۸ - علی.mp3
Provider        : ElevenLabs Scribe (scribe_v2)
Audio duration  : 52:59 (3179.09 s)
Requests        : 1
Billed duration : 3180 s (rounded up to nearest second)
Rate            : $0.22 / audio hour
Estimated cost  : $0.194278 USD
Transcript saved: Audios/Tadabor_Sobohi/Manaee/Term1/021/021_آموزش تدبر در سوره فجر - بخش چهارم فایل۲۱ از سطح۱ سال۱۳۹۸ - علی.txt
============================================================
[021] OK

=== [022] Fri Aug 28 00:36:43 PDT 2026 ===
  input: Audios/Tadabor_Sobohi/Manaee/Term1/022/022_آموزش تدبر در سوره بلد - بخش اول فایل۲۲ از سطح۱ سال۱۳۹۸ - علی.mp3
Provider: ElevenLabs Scribe (scribe_v2)
Progress file (updated after each chunk): Audios/Tadabor_Sobohi/Manaee/Term1/022/022_آموزش تدبر در سوره بلد - بخش اول فایل۲۲ از سطح۱ سال۱۳۹۸ - علی.partial.txt
  preparing audio (022_آموزش تدبر در سوره بلد - بخش اول فایل۲۲ از سطح۱ سال۱۳۹۸ - علی.mp3)...
  48:00 → 1 request(s)
  progress file: Audios/Tadabor_Sobohi/Manaee/Term1/022/022_آموزش تدبر در سوره بلد - بخش اول فایل۲۲ از سطح۱ سال۱۳۹۸ - علی.partial.txt
  [1/1] 0:00–48:00 (16875 KB)...
      → 27209 chars: اعوذ بالله من الشيطان الرجيم. بسم الله الرحمن الرحيم وبه نستعين. سوره مبارکه بلد رو می‌خوایم آغاز بکنیم. گفتیم مرحله اول از تدبر هر سوره ای فهم آیات این سوره است که امیدوارم شما را…

============================================================
TRANSCRIPTION (preview)
============================================================
اعوذ بالله من الشيطان الرجيم. بسم الله الرحمن الرحيم وبه نستعين. سوره مبارکه بلد رو می‌خوایم آغاز بکنیم. گفتیم مرحله اول از تدبر هر سوره ای فهم آیات این سوره است که امیدوارم شما راجع به سوره بلد مطالعه کرده باشید و مفاهیم آیات این سوره رو کار کرده باشید. این کار انجام شده؟ become الحمدالله. دومین مرحله دسته‌بندی سوره است که با توجه به مفاهیم آیات، هر آیه رو با قبل بررسی می‌کنیم تا ببینیم که اون زمین بحث رو شناسایی کنیم. یعنی بتونیم بفهمیم که مثلا در سوره مبارکه بلد چند تا مبحث مطرحه، چند دسته مفهومی وجود داره. بتونیم تشخیص بدیم دسته‌بندی رو. خب این کار رو روی سوره بلد انجام دادید؟ بله؟ بله چند دسته داره؟ سه تا. سی و یک دو دسته. سه تا. سه تا. خب حالا اینا رو ما باید بشنویم و تحلیل بکنیم. دسته اول از آیه یکم تا چندم؟ چهارم تا چهارم. خب. اصلاً وقتی می‌بینم بعضیا اونی که ما تو کتاب نگفتیم و یه چیز دیگه دارن میگن اصلاً خوشحال میشم. میگم یه سوژه گیر اومد که الان میخوام رد کنم. چه خوش می‌گذره. خب شوخی کردم. از یک تا هفت، چهار، پنج بالاخره چند؟ پنج، شش، هفت، هشت، نه، ده. یک تا چهار گفتن. یک تا هفت هم گفتن. گزینه دیگه ای هم داریم؟ یک تا ده. دیگه؟ تا هشت هم گفتن تا هشت هم داریم. یک تا هشت، یک تا چهار، یک تا هفت، یک تا هشت، یک تا ده. خب بعد از اونی که میگه یک تا چهار از پنج تا چند برم؟ تا هفت تا هفت، خب. پنج تا بیست پنج تا بیست. یک تا چهار. بعد یه گزینه دیگه هم میشه پنج تا بیست. خب حالا یک تا هفت بعدشم برم؟ هشت هشت تا بیست. باز می‌خوام. بله. پنج تا، پنج تا ده پنج تا ده. خب بعدش یازده تا بیست. یازده تا آخر آخر، آخر چنده؟ بیسته؟ بیست خب هشت تا بیست، یک تا ده هم که میشه یازده تا بیست. درسته؟ یک تا هشتیا بعدش؟ نه تا نه تا بیست. خب. اونچه که در کتابه و در کلاس ازش دفاع خواهد شد یک تا هفت، هشت تا بیست هست. خب یعنی دو سیاق داره سوره ما یکی یک تا هفت و این در واقع صحیح و صحیح. اما بریم ببینیم اون مرزهای دیگری که شناسایی شده چه تحلیلی می‌تونیم از اون‌ها ارائه بدیم که یه مقدار تو بحث تشخیص سیاق‌ها پیش بریم. بسم الله الرحمن الرحیم. لا اقسم بهذا البلد وانتحل بهذا البلد ووالد وما ولد. تا اینجا همه چی‌ان؟ قسم جواب لقد خلقنا الانسان في كبد. پس اینی که یک تا چهار گفته ملاحظش اینه که آقا از یک
… (truncated; see saved file for full transcript)

============================================================
SUMMARY
============================================================
Input file      : 022_آموزش تدبر در سوره بلد - بخش اول فایل۲۲ از سطح۱ سال۱۳۹۸ - علی.mp3
Provider        : ElevenLabs Scribe (scribe_v2)
Audio duration  : 48:00 (2880.00 s)
Requests        : 1
Billed duration : 2880 s (rounded up to nearest second)
Rate            : $0.22 / audio hour
Estimated cost  : $0.176000 USD
Transcript saved: Audios/Tadabor_Sobohi/Manaee/Term1/022/022_آموزش تدبر در سوره بلد - بخش اول فایل۲۲ از سطح۱ سال۱۳۹۸ - علی.txt
============================================================
[022] OK

=== [023] Fri Aug 28 00:38:27 PDT 2026 ===
  input: Audios/Tadabor_Sobohi/Manaee/Term1/023/023_آموزش تدبر در سوره بلد - بخش دوم فایل۲۳ از سطح۱ سال۱۳۹۸ - علی.mp3
Provider: ElevenLabs Scribe (scribe_v2)
Progress file (updated after each chunk): Audios/Tadabor_Sobohi/Manaee/Term1/023/023_آموزش تدبر در سوره بلد - بخش دوم فایل۲۳ از سطح۱ سال۱۳۹۸ - علی.partial.txt
  preparing audio (023_آموزش تدبر در سوره بلد - بخش دوم فایل۲۳ از سطح۱ سال۱۳۹۸ - علی.mp3)...
  59:33 → 1 request(s)
  progress file: Audios/Tadabor_Sobohi/Manaee/Term1/023/023_آموزش تدبر در سوره بلد - بخش دوم فایل۲۳ از سطح۱ سال۱۳۹۸ - علی.partial.txt
  [1/1] 0:00–59:33 (20938 KB)...
      → 34447 chars: اعوذ بالله من الشيطان الرجيم. بسم الله الرحمن الرحيم. الحمد لله رب العالمين وصلى الله على سيدنا ونبينا حبيب اله العالمين ابا القاسم المصطفى محمد. اللهم صل على محمد وآل محمد وعجل فر…

============================================================
TRANSCRIPTION (preview)
============================================================
اعوذ بالله من الشيطان الرجيم. بسم الله الرحمن الرحيم. الحمد لله رب العالمين وصلى الله على سيدنا ونبينا حبيب اله العالمين ابا القاسم المصطفى محمد. اللهم صل على محمد وآل محمد وعجل فرجهم. وعلى آله الطيبين الطاهرين ولعنة الله على أعدائهم أجمعين من الآن إلى قيام يوم الدين. عرض سلام و ادب و احترام محضر خواهران و برادران گرامی. خدا را شاکریم که توفیق عطا می‌کند در پیشگاه مقدس قرآن زانوى تعلم می‌زنیم و آرزو می‌کنیم که خدای بزرگ شایستگی فهم قرآن و تمسک به آموزه‌های نورانی قرآن کریم را به ما عطا کنه به برکت صلوات بر محمد و آل محمد. اللهم صل على محمد وآل محمد وعجل فرجهم. سوره مبارکه بلد رو در جلسه قبل تدبرش رو آغاز کردیم و مشخص شد که این سوره مبارکه دارای دو سیاق آیه یک تا هفت و هشت تا بیست. در حقیقت هم مفاهیم این آیات و هم جمع‌بندی دسته‌ها، هم ارتباط دسته‌ها در جلسه قبلی بیان شد. ما فقط چند تا ریزه‌کاری و دقت نظر لازم داشتیم هنوز در سوره بلد باقی مونده بود که خواستیم در این جلسه به اون هم بپردازیم. یک بار دیگه مرور می‌کنیم تا اون ریزه‌کاری‌ها را بهش توجه بکنیم. خود دسته‌بندی رو بحث کرده بودیم. دیگه ما نیازی نیست راجع به دسته‌بندی مجدداً بحث کنیم. بله یه چیزی بود که گفتم به معنا و مفهوم ألم نجعل له عينين ولسانا وشفتين وهديناه النجدين که برسیم، یه ابهامی هم که در دسته‌بندی احیاناً شاید باشه اونم برطرف میشه. اما دسته اول رو می‌خوایم جمع‌بندی کنیم. ابتدا چند تا سوگنده و بعد یه جواب سوگند. حالا این سوگندها اعوذ بالله من الشيطان الرجيم. بسم الله الرحمن الرحيم. لا أقسم بهذا البلد وأنت حل بهذا البلد. به این شهر یعنی مکه سوگند یاد نمی‌کنم در حالی که تو در این شهر حلول داری. مادامی که تو در این شهر حلول داری، من به این شهر سوگند یاد نمی‌کنم که گفتیم سوگند یاد نکردن تأکیدش از خود سوگندم بیشتره. یعنی این هم نوعی قسمه. این هم یه جور قسم خوردنه. این هم یه جور تأکید کردنه. قسم هدفش چیه؟ تأکید. خب این تأکیدش بالاتره. قسم نمی‌خورم ظاهر مسئله. اما حقیقت مسئله اینه که اصلاً قسم نمی‌خواد. اصلاً چرا قسم بخورم؟ یه نکته‌ای رو من عرض کرده بودم که یه وقتایی در نفی قسم که لا میاد اول أقسم، یه وقتایی خدا می‌خواد بگه که این قسم چیز ساده‌ای نیست. اگر من این قسم رو یاد کنم و اگر شما به نتیجه این قسم احترا
… (truncated; see saved file for full transcript)

============================================================
SUMMARY
============================================================
Input file      : 023_آموزش تدبر در سوره بلد - بخش دوم فایل۲۳ از سطح۱ سال۱۳۹۸ - علی.mp3
Provider        : ElevenLabs Scribe (scribe_v2)
Audio duration  : 59:33 (3573.29 s)
Requests        : 1
Billed duration : 3574 s (rounded up to nearest second)
Rate            : $0.22 / audio hour
Estimated cost  : $0.218368 USD
Transcript saved: Audios/Tadabor_Sobohi/Manaee/Term1/023/023_آموزش تدبر در سوره بلد - بخش دوم فایل۲۳ از سطح۱ سال۱۳۹۸ - علی.txt
============================================================
[023] OK

=== [024] Fri Aug 28 00:40:35 PDT 2026 ===
  input: Audios/Tadabor_Sobohi/Manaee/Term1/024/024_آموزش تدبر در سوره شمس - بخش اول فایل۲۴ از سطح۱ سال۱۳۹۸ - علی.mp3
Provider: ElevenLabs Scribe (scribe_v2)
Progress file (updated after each chunk): Audios/Tadabor_Sobohi/Manaee/Term1/024/024_آموزش تدبر در سوره شمس - بخش اول فایل۲۴ از سطح۱ سال۱۳۹۸ - علی.partial.txt
  preparing audio (024_آموزش تدبر در سوره شمس - بخش اول فایل۲۴ از سطح۱ سال۱۳۹۸ - علی.mp3)...
  56:53 → 1 request(s)
  progress file: Audios/Tadabor_Sobohi/Manaee/Term1/024/024_آموزش تدبر در سوره شمس - بخش اول فایل۲۴ از سطح۱ سال۱۳۹۸ - علی.partial.txt
  [1/1] 0:00–56:53 (19997 KB)...
      → 31134 chars: بسم الله الرحمن الرحیم. نکته‌ای رو عرض کنم خدمت خواهران و برادران و سوره شمس رو آغاز کنیم ان شاءالله. [مکث] ببینید دو جور میشه قرآن خوند و دو جور میشه قرآن فهمید. [مکث] یه مدل اینه…

============================================================
TRANSCRIPTION (preview)
============================================================
بسم الله الرحمن الرحیم. نکته‌ای رو عرض کنم خدمت خواهران و برادران و سوره شمس رو آغاز کنیم ان شاءالله. [مکث] ببینید دو جور میشه قرآن خوند و دو جور میشه قرآن فهمید. [مکث] یه مدل اینه که انسان قرآن می‌خونه و می‌فهمه و هیچ چیزی رو در ذهن او، در فکر او، قلب او، زندگی او جابجا نمی‌کنه. هیچ خلاصه تجدید نظری رو رقم نمی‌زنه. هیچ تغییر وضعیتی رو به دنبالش شاهد نیستیم. خنثی اصطلاحاً. خنثی قرآن خوندن دردی رو دوا نمی‌کنه. ثوابم نداره. من راحت بهتون بگم کسی قرآن می‌خونه اگر نیتش این نباشه که از قرآن چیزی بفهمه و رشد و هدایت براش حاصل بشه، این ثوابم نمی‌بره. قرآن کتاب کاسبی نیست، کتاب هدایت و زندگی‌ست. آقا ما شنیدیم در روایات فرمودن اگر شما قرآن رو بخونی نفهمی هم ثواب داره. بله بخواهی بفهمی ولی نفهمی. حالا دیگه خداوند دست خالی ردت نمی‌کنه. آقا من می‌خواستم بفهمم نه اینقدر فهمیدم، کم فهمیدم یا نفهمیدم. خدا نمیگه حالا که نفهمیدی برو هیچ‌چی بهت نمیدم. میگه چرا بیا حالا جایزت رو فعلاً بگیر [مکث]. ان شاءالله می‌فهمی. ولی اینکه طرف بگه حالا که به قرآن خوندن بدون فهمیدن ثواب میدن من فقط می‌خونم، فقط می‌خونم. دیگه برام مهم نیست می‌فهمم، نمی‌فهمم. برام مهم نیست که زندگیمو عوض می‌کنه، نمی‌کنه. این دیگه، این بازی کردنه با یک مفهومه. مفهوم ثواب بردن از قرآن تابعی‌ست از استفاده کردن. بخواهی استفاده کنی از قرآن. آخرت تجلی دنیاست. شما تو دنیا اگر از قرآن نتونستی راهت رو پیدا کنی، تو آخرت هم با قرآن راهت رو پیدا نمی‌کنی. این نیستش که تو قرآن، تو دنیا می‌فرماید من کان فی هذا أعمى فهو في الآخرة أعمى کسی اینجا کور بود، اونجا هم کوره. قرآن باید ما رو از کوری نجات بده [مکث]. اون نور رو در مقابل ما قرار بده. جایی قرآن می‌خوندیم، سوره ای رو می‌گفتیم کسی اومد به من مراجعه کرد و گفت که فلانی ما قرآن، کلاس قرآن میایم و سوره‌ها رو می‌خونیم به آرامش برسیم. ولی اینجوری که میایم سر کلاس و سوره‌ها رو به این شکل می‌فهمیم تازه آرامش ما چی میشه؟ از بین میره. ما تازه راحت بودیم. خیالمون راحت بود که یه مسلمونی صاف-- درست و حسابی داریم که اونم شما داری خرابش می‌کنی این شکلی. گفتم ببین قرآن می‌خواد انسان را به آرامش برساند. ولی کدام آرامش؟ ما در قرآن دو تا آرامش مطرحه یکی اینه: "الذین رضوا بالحیاة الدنيا واتمعنوا بها"
… (truncated; see saved file for full transcript)

============================================================
SUMMARY
============================================================
Input file      : 024_آموزش تدبر در سوره شمس - بخش اول فایل۲۴ از سطح۱ سال۱۳۹۸ - علی.mp3
Provider        : ElevenLabs Scribe (scribe_v2)
Audio duration  : 56:53 (3412.76 s)
Requests        : 1
Billed duration : 3413 s (rounded up to nearest second)
Rate            : $0.22 / audio hour
Estimated cost  : $0.208558 USD
Transcript saved: Audios/Tadabor_Sobohi/Manaee/Term1/024/024_آموزش تدبر در سوره شمس - بخش اول فایل۲۴ از سطح۱ سال۱۳۹۸ - علی.txt
============================================================
[024] OK

=== [025] Fri Aug 28 00:42:30 PDT 2026 ===
  input: Audios/Tadabor_Sobohi/Manaee/Term1/025/025_آموزش تدبر در سوره شمس - بخش دوم فایل۲۵ از سطح۱ سال۱۳۹۸ - علی.mp3
Provider: ElevenLabs Scribe (scribe_v2)
Progress file (updated after each chunk): Audios/Tadabor_Sobohi/Manaee/Term1/025/025_آموزش تدبر در سوره شمس - بخش دوم فایل۲۵ از سطح۱ سال۱۳۹۸ - علی.partial.txt
  preparing audio (025_آموزش تدبر در سوره شمس - بخش دوم فایل۲۵ از سطح۱ سال۱۳۹۸ - علی.mp3)...
  11:20 → 1 request(s)
  progress file: Audios/Tadabor_Sobohi/Manaee/Term1/025/025_آموزش تدبر در سوره شمس - بخش دوم فایل۲۵ از سطح۱ سال۱۳۹۸ - علی.partial.txt
  [1/1] 0:00–11:20 (3985 KB)...
      → 7168 chars: اونجا تعبیر ید السهو في التراب داریم. ید السهو دس، یدس، دسن یعنی دفن کردن. [مکث] یه چیزی را زیر خاک پنهان کردن، دفن کردن. [مکث] دست نفس یعنی اینکه این نفس ملهمه را گویا تشبیه کرده …

============================================================
TRANSCRIPTION (preview)
============================================================
اونجا تعبیر ید السهو في التراب داریم. ید السهو دس، یدس، دسن یعنی دفن کردن. [مکث] یه چیزی را زیر خاک پنهان کردن، دفن کردن. [مکث] دست نفس یعنی اینکه این نفس ملهمه را گویا تشبیه کرده به آینه‌ای که هر بار شما به اون بی‌اعتنایی می‌کنی غبار می‌گیره. غبار گناه می‌شینه رو این آینه. تکرار این گناه، تکرار غباره. این غبار وقتی متراکم می‌شه مثل خاکی که رو این آینه رو چی کار کرده کامل؟ پوشونده. آینه، آینه‌ست ولی دیگه چیزی رو نشون نمی‌ده. تا پاکش نکنی نشون نمی‌ده. نفس هم همین‌طوره. گناه‌هایی که انسان انجام می‌ده بر خلاف نفسش، یعنی اون پا گذاشتن رو وجدان که انسان تکرار می‌کنه پا گذاشتن رو وجدان رو، این مثل غبار می‌نشینه رو آینه‌ی نفس و نفس به تدریج دفن می‌شه. این می‌شه دست نفس. نقطه‌ی مقابلش تزکیه‌ی نفسه، زکاها یعنی اینکه دستمال وردار آینه رو چی‌کار کنی؟ پاکش کنی. مثل اینکه اگر گناه کردی، اگر خلاف وجدانت کار کردی، جبرانش کنی. گناه رو، اون خطای خلاف وجدان را توبه کنی، جبران کنی. [زیر لب] انسان موجود عجیبیه. وقتی اشتباه می‌کنه یه وقتایی برای اینکه وجدان‌درد خود را درمان کنه دوباره اشتباه می‌کنه. [مکث] یعنی این یک پیچیدگیه در نفس انسانه ها. یعنی با تکرار اشتباه می‌خواد به خودش بگه این اشتباه نیست. فرض کنید [مکث] آمده یه حرفی رو، نامربوطی رو زده. [مکث] بعد خودش متوجه شده، وجدانش داره بهش میگه آخه چرا این حرف رو زدی؟ میگه بازم میگم. یه دونه گنده‌ترشو میگه. آقا، خانم، بابا کوتاه بیا. نخیر از اینم، یکی بدترشو میگه. نفس پیچیده‌ست. یعنی وجدان‌درد هم می‌خواد با بدتر خلاف وجدان عمل کردن درمان کنه. در حالی که فرمول اینه آقا تا نفست داره آلارم میده، وقتی این نفس ملهمه داره آلارم میده میگه اشتباس، خطاس، نرو، نگو، همونجا قبول کن. [مکث] همونجا قبول کن. برگرد. این سرمایه‌ی توئه. سرمایه‌تو باید محترم بشمری. اساسا دین آمده تا انسان رو رشد بده. [مکث] دین آمده تا انسان رو حرکت بده. ما خیلی از بار، باری را که باید نفس ما به دوش می‌کشیده می‌ندازیم رو دوش کی؟ دین. یعنی کارکرد دین تازه می‌خواد برای ما بشه جایگزین چی؟ بگید نفس خودمون. بعد عملا در جا می‌زنیم خیلی وقت‌ها. یعنی از دین به جای اینکه استفاده کنیم برای ترقی، تعالی، تکامل، گویا کارکرد دین اینه که ما فقط کارهای غیرانسانی نکنیم. بابا کار غیرانسانی ن
… (truncated; see saved file for full transcript)

============================================================
SUMMARY
============================================================
Input file      : 025_آموزش تدبر در سوره شمس - بخش دوم فایل۲۵ از سطح۱ سال۱۳۹۸ - علی.mp3
Provider        : ElevenLabs Scribe (scribe_v2)
Audio duration  : 11:20 (680.08 s)
Requests        : 1
Billed duration : 681 s (rounded up to nearest second)
Rate            : $0.22 / audio hour
Estimated cost  : $0.041560 USD
Transcript saved: Audios/Tadabor_Sobohi/Manaee/Term1/025/025_آموزش تدبر در سوره شمس - بخش دوم فایل۲۵ از سطح۱ سال۱۳۹۸ - علی.txt
============================================================
[025] OK

=== [026] Fri Aug 28 00:43:09 PDT 2026 ===
  input: Audios/Tadabor_Sobohi/Manaee/Term1/026/026_آموزش تدبر در سوره لیل - بخش اول فایل۲۶ از سطح۱ سال۱۳۹۸ - علی.mp3
Provider: ElevenLabs Scribe (scribe_v2)
Progress file (updated after each chunk): Audios/Tadabor_Sobohi/Manaee/Term1/026/026_آموزش تدبر در سوره لیل - بخش اول فایل۲۶ از سطح۱ سال۱۳۹۸ - علی.partial.txt
  preparing audio (026_آموزش تدبر در سوره لیل - بخش اول فایل۲۶ از سطح۱ سال۱۳۹۸ - علی.mp3)...
  34:53 → 1 request(s)
  progress file: Audios/Tadabor_Sobohi/Manaee/Term1/026/026_آموزش تدبر در سوره لیل - بخش اول فایل۲۶ از سطح۱ سال۱۳۹۸ - علی.partial.txt
  [1/1] 0:00–34:53 (12266 KB)...
      → 20237 chars: اعوذ بالله من الشيطان الرجيم. بسم الله الرحمن الرحيم. [مکث] والليل إذا يغشى. والنهار إذا تجلى. وما خلق الذكر والأنثى. اینا قسمه. قسم به شب اون وقتی که می‌پوشاند و قسم به روز اون وق…

============================================================
TRANSCRIPTION (preview)
============================================================
اعوذ بالله من الشيطان الرجيم. بسم الله الرحمن الرحيم. [مکث] والليل إذا يغشى. والنهار إذا تجلى. وما خلق الذكر والأنثى. اینا قسمه. قسم به شب اون وقتی که می‌پوشاند و قسم به روز اون وقتی که جلوه‌گر می‌شود و قسم به اون قدرتی که آفرید مذکر را و مؤنث را، مرد را و زن را. قسم به همه اینا که چی؟ که إنا سعيكم لشتى. سعی و تلاش شما قطعاً چیه؟ متفاوته. یعنی سعی و تلاش شماها متفاوته. طبیعتاً ما اینجا منتظریم خدا این تفاوت رو توضیح بده. فأما من أعطى. یه مدل از سعی و تلاش اینه. اما به این میگن عمای تفصیلیe یعنی می‌خواد اون سعی و تلاش متفاوت را باز کنه. چیه اون متفاوت؟ یکیش اینه. أما من أعطى کسی که اعطا کند، عطا کند. واتقى و تقوا پیشه کند. وصدق بالحسنى و عاقبت نیکو را تصدیق کند. خب چیکار می‌کنیم ما؟ فسنيسره لليسرى ما او را مهیا می‌کنیم برای پیمودن راه آسان. ما او را مهیا می‌کنیم برای پیمودن راه آسان. وأما من بخل اما کسی که بخل بورزه. نقطه مقابل چیه؟ أعطى اون اعطا می‌کنه این بخل می‌ورزه. واستغنى این نقطه مقابل چیه؟ تقوی. او تقوی پیشه می‌کنه این میگه من نیازی به تقوی ندارم. وكذب بالحسنى این نقطه مقابل چیه؟ صدق بالحسنى او تصدیق می‌کنه عاقبت نیکو را، این تصدیق نمی‌کنه عاقبت نیکو را. چیکار می‌کنیم ما؟ فسنيسره للعسرى ما او را مهیا می‌کنیم برای پیمودن راه سخت. گروه اول را آماده می‌کنیم برای پیمودن راه آسان. گروه دوم را آماده می‌کنیم برای پیمودن راه سخت. وما يغني عنه ماله إذا تردى و اون وقتی که این راه سختو میره به پرتگاه می‌رسه و وقتی می‌خواد سقوط کنه تو لحظه سقوط مالش به دردش بگید نمی‌خورد. وما يغني عنه ماله إذا تردى اون وقتی که سقوط می‌کند مالش به دردش نمی‌خورد. إن علينا للهدى وإن لنا للآخرة والأولى همانا هدایت بر عهده ماست. همانا آخرت و دنیا متعلق به ماست. فأنذرتكم نارا تلظى پس شما را انذار می‌دهم، هشدار می‌دهم از آتشی که زبانه می‌کشد. لا يصلاها إلا الأشقى جز شقی‌ترین انسان‌ها کسی به اون آتش گرفتار نمی‌شود. أشقى کیه پس؟ خدای اساس شدیم. الذي كذب وتولى أشقى اونیه که تکذیب می‌کنه. اونیه که میگه دروغه. چی دروغه؟ كذب بالحسنى عاقبت نیکو دروغه. تولى پشت می‌کنه. وسيجنبهها الأتقى و از این آتش دوری می‌خ-- دوری می‌جوید، پهلو می‌گیرد. کی؟ انسان باتقوی. باتقوی کیه؟ الذي يؤتي ماله يتزكى کسی‌ست که مالش
… (truncated; see saved file for full transcript)

============================================================
SUMMARY
============================================================
Input file      : 026_آموزش تدبر در سوره لیل - بخش اول فایل۲۶ از سطح۱ سال۱۳۹۸ - علی.mp3
Provider        : ElevenLabs Scribe (scribe_v2)
Audio duration  : 34:53 (2093.33 s)
Requests        : 1
Billed duration : 2094 s (rounded up to nearest second)
Rate            : $0.22 / audio hour
Estimated cost  : $0.127926 USD
Transcript saved: Audios/Tadabor_Sobohi/Manaee/Term1/026/026_آموزش تدبر در سوره لیل - بخش اول فایل۲۶ از سطح۱ سال۱۳۹۸ - علی.txt
============================================================
[026] OK

=== [027] Fri Aug 28 00:44:16 PDT 2026 ===
  input: Audios/Tadabor_Sobohi/Manaee/Term1/027/027_آموزش تدبر در سوره لیل - بخش دوم فایل۲۷ از سطح۱ سال۱۳۹۸ - علی.mp3
Provider: ElevenLabs Scribe (scribe_v2)
Progress file (updated after each chunk): Audios/Tadabor_Sobohi/Manaee/Term1/027/027_آموزش تدبر در سوره لیل - بخش دوم فایل۲۷ از سطح۱ سال۱۳۹۸ - علی.partial.txt
  preparing audio (027_آموزش تدبر در سوره لیل - بخش دوم فایل۲۷ از سطح۱ سال۱۳۹۸ - علی.mp3)...
  45:14 → 1 request(s)
  progress file: Audios/Tadabor_Sobohi/Manaee/Term1/027/027_آموزش تدبر در سوره لیل - بخش دوم فایل۲۷ از سطح۱ سال۱۳۹۸ - علی.partial.txt
  [1/1] 0:00–45:14 (15903 KB)...
      → 25637 chars: اعوذ بالله من الشيطان الرجيم. بسم الله الرحمن الرحيم. الحمد لله رب العالمين وصلى الله على سيدنا ونبينا حبيب اله العالمين ابى القاسم المصطفى محمد. اللهم صل على محمد وآل محمد وعلى آل…

============================================================
TRANSCRIPTION (preview)
============================================================
اعوذ بالله من الشيطان الرجيم. بسم الله الرحمن الرحيم. الحمد لله رب العالمين وصلى الله على سيدنا ونبينا حبيب اله العالمين ابى القاسم المصطفى محمد. اللهم صل على محمد وآل محمد وعلى آله الطيبين الطاهرين ولعنة الله على اعدائهم اجمعين من الآن الى قيام يوم الدين. عرض سلام و ادب و احترام محضر خواهران و برادران گرامی. خدا رو شکر میکنیم که توفیق داریم در پیشگاه مقدس و نورانی قرآن کریم حاضریم و آرزو میکنیم خدای بزرگ توفیق بهره‌مندی از قرآن رو تا آخرین لحظه زندگی از ما سلب نکنه. شایستگی قرآن خوندن، قرآن فهمیدن و عمل به آموزه‌های نورانی قرآن کریم رو به ما عطا کنه به برکت صلوات بر محمد و آل محمد. اللهم صل على محمد و آل محمد و عجل فرجه. خب ما بحثمون رسیده به سوره مبارکه لیل و در این سوره نورانی مراحلی از تدبر رو پیش رفتیم. مشخص شد که این سوره نورانی دارای دو سیاقه. آیه یک تا یازده که در آیات یک تا یازده بعد از یه قسم و جواب اون قسم، خداوند دو گروه از انسان‌ها و دو نوع سعی و تلاش رو مشخص کرد و عاقبت هر کدام رو هم تبیین کرد و از آیه دوازده تا بیست و یک هم باز مطلبیست ناظر به همون سخن سیاق اول ولی با یک بیان دیگری که وارد خواهیم شد ان‌شاءالله. یه مروری بکنیم بر آنچه در سیاق اول گذشت. بسم الله الرحمن الرحیم. والليل اذا یغشى والنهار اذا تجلى وما خلق الذکر والأنثى إن سعیکم لشتى. قسم به طور کلی اینو به خاطر بسپاریم برای همیشه. قسم به طور کلی خاصیتش تأکیده. تأکید میکنه. یه چیزی رو که به هر حال مخاطب نسبت به اون در غفلته یا نسبت به اون در شکه، با تأکید میخواد اون غفلتو از بین ببره، اون شک رو زائل بکنه. اما در قرآن کریم علاوه بر تأکید، قسم یه نسبتی هم با جواب قسم داره. یعنی یه جور مقدمه‌چینی هم میکنه. گاهی با یک استدلال یعنی تو ذات قسم یک استدلال وجود داره. گاهی یک تشبیه وجود داره در ذات قسم. به هر حال یک نوع زمینه‌سازی، فراهم کردن یک مقدمه‌ای برای زدن حرف اصلی. وقتی خدا فرمود والليل والنهار خب دو تا آیه‌ای کاملاً با همدیگه چی؟ کاملاً متضاد. یکی تاریک، یکی روشن، یکی پوشاننده، یکی جلوه کننده. این دو تا آیه زمینه‌سازی میکنه، ذهن رو آماده میکنه که وقتی خدا میگه إن سعیکم لشتى شما متوجه بشی گویا یکی از این انواع سعی مثل روز جلوه‌گره، دیگری مثل شب چیه؟ تاریکه. خب؟ یه جور تناظره، تشابهه. بعد وما خ
… (truncated; see saved file for full transcript)

============================================================
SUMMARY
============================================================
Input file      : 027_آموزش تدبر در سوره لیل - بخش دوم فایل۲۷ از سطح۱ سال۱۳۹۸ - علی.mp3
Provider        : ElevenLabs Scribe (scribe_v2)
Audio duration  : 45:14 (2713.97 s)
Requests        : 1
Billed duration : 2714 s (rounded up to nearest second)
Rate            : $0.22 / audio hour
Estimated cost  : $0.165854 USD
Transcript saved: Audios/Tadabor_Sobohi/Manaee/Term1/027/027_آموزش تدبر در سوره لیل - بخش دوم فایل۲۷ از سطح۱ سال۱۳۹۸ - علی.txt
============================================================
[027] OK

=== [028] Fri Aug 28 00:46:00 PDT 2026 ===
  input: Audios/Tadabor_Sobohi/Manaee/Term1/028/028_آموزش تدبر در سوره ضحی - بخش اول فایل۲۸ از سطح۱ سال۱۳۹۸ - علی.mp3
Provider: ElevenLabs Scribe (scribe_v2)
Progress file (updated after each chunk): Audios/Tadabor_Sobohi/Manaee/Term1/028/028_آموزش تدبر در سوره ضحی - بخش اول فایل۲۸ از سطح۱ سال۱۳۹۸ - علی.partial.txt
  preparing audio (028_آموزش تدبر در سوره ضحی - بخش اول فایل۲۸ از سطح۱ سال۱۳۹۸ - علی.mp3)...
  9:25 → 1 request(s)
  progress file: Audios/Tadabor_Sobohi/Manaee/Term1/028/028_آموزش تدبر در سوره ضحی - بخش اول فایل۲۸ از سطح۱ سال۱۳۹۸ - علی.partial.txt
  [1/1] 0:00–9:25 (3313 KB)...
      → 5747 chars: سوره مبارکه زها. خب کیا کار کردن سوره زها؟ به تکالیف عمل نمی‌کنید؟ چرا؟ [مکث] دیگه خب حاج آقا میاد اینجا میگه دیگه. ما برای چی خودمون رو زحمت بدیم؟ یه هفته برو مطالعه کن یا تو کتاب…

============================================================
TRANSCRIPTION (preview)
============================================================
سوره مبارکه زها. خب کیا کار کردن سوره زها؟ به تکالیف عمل نمی‌کنید؟ چرا؟ [مکث] دیگه خب حاج آقا میاد اینجا میگه دیگه. ما برای چی خودمون رو زحمت بدیم؟ یه هفته برو مطالعه کن یا تو کتابم هست. چه کاریه که ما بریم این سلول‌های خاکستری عزیز رو که استراحت می‌کنن اینا رو از خواب بیدار کنیم. کیا اینجا تصمیم دارن راه رو ادامه بدن؟ [صدای خنده] "إن علينا للهدى" و "إن لنا للآخرة والأولى". سبک زندگی با شماست، نتیجه با کیه؟ سبک زندگی عدم مطالعه و عدم تلاش و منتظر موندن برای آخر هفته که بیایم اینجا بشنویم، اون سبک زندگی "فسنيسر هول ال" [مکث] دیگه حالا. اما سبک زندگی که می‌خواد برسد به ادامه راه، بره جلو بشه معلم قرآن، بشه مروج قرآن، بشه مبلغ قرآن، می‌خواد قرآن را به هر حال تو زندگی خودش و تو جامعه خودش جلو ببره، اون دیگه با مطالعه نکردن و کار رو به کلاس واگذار کردن و اینا جور در... انتخاب با شماست اما نتیجه دیگه با شما نیست. بله، شما می‌تونید که مطالعه نکنید. هیچ مشکلی نیست اما دیگه نمی‌تونید توقع داشته باشید فردا معلم قرآن بشید. دیگه نمی‌تونید توقع داشته باشید فردا مروج و مبلغ قرآن باشید. نمیشه. میگه یه بنده خدایی [مکث] استاد خیلی قوی و قدر پیانو بود داشت پیانو می‌زد. خیلی عالی و زیبا هم داشت پیانو می‌زد. بعد یه نفر از این مخاطبین بعد از اینکه پیانو او رو می‌شنوه و اینا خیلی خوشش میاد، میاد جلو میگه که استاد من حاضر بودم همه زندگیمو بدم یه بار مثل شما پیانو بزنم. اینم میگه اتفاقا منم همه زندگیمو دادم دارم این پیانو رو می‌زنم. شما خیال کردی اینجور پیانو زدن با یک ساعت دو ساعت تمرین به دست اومده؟ همه زندگیم خرجش شده. [مکث] اگر کسی می‌خواد تو راهی که میره اون حد عالی را بزنه، تدریس عالی قرآن داشته باشه، تبلیغ عالی قرآن داشته باشه، جای، جای قرآن رو بفهمه، بتونه شرح کنه، بتونه جلو ببره بحث رو باید کار کنه. حالا من مگه چقدر در هفته تکلیف کردم؟ برای دو ساعت چقدر؟ چقدر برای دو ساعت؟ دو ساعت. یعنی گفتم برای این دو ساعت، دو ساعتم شما کار کنید. این دو ساعتی که ما گفتیم، این دو ساعت فقط برای اینه که همین کلاسه به دردتون بخوره و الا اگر کسی راه مربی‌گری رو بخواد دنبال بکنه دیگه دو ساعت نیست. هر روز دو ساعت کار کنه، اقلش. اقلش هر روز دو ساعت باید مطالعه کنه. به هر حال خواهش می‌کنم از اون خواهران 
… (truncated; see saved file for full transcript)

============================================================
SUMMARY
============================================================
Input file      : 028_آموزش تدبر در سوره ضحی - بخش اول فایل۲۸ از سطح۱ سال۱۳۹۸ - علی.mp3
Provider        : ElevenLabs Scribe (scribe_v2)
Audio duration  : 9:25 (565.34 s)
Requests        : 1
Billed duration : 566 s (rounded up to nearest second)
Rate            : $0.22 / audio hour
Estimated cost  : $0.034549 USD
Transcript saved: Audios/Tadabor_Sobohi/Manaee/Term1/028/028_آموزش تدبر در سوره ضحی - بخش اول فایل۲۸ از سطح۱ سال۱۳۹۸ - علی.txt
============================================================
[028] OK

=== [029] Fri Aug 28 00:46:40 PDT 2026 ===
  input: Audios/Tadabor_Sobohi/Manaee/Term1/029/029_آموزش تدبر در سوره ضحی - بخش دوم فایل۲۹ از سطح۱ سال۱۳۹۸ - علی.mp3
Provider: ElevenLabs Scribe (scribe_v2)
Progress file (updated after each chunk): Audios/Tadabor_Sobohi/Manaee/Term1/029/029_آموزش تدبر در سوره ضحی - بخش دوم فایل۲۹ از سطح۱ سال۱۳۹۸ - علی.partial.txt
  preparing audio (029_آموزش تدبر در سوره ضحی - بخش دوم فایل۲۹ از سطح۱ سال۱۳۹۸ - علی.mp3)...
  59:03 → 1 request(s)
  progress file: Audios/Tadabor_Sobohi/Manaee/Term1/029/029_آموزش تدبر در سوره ضحی - بخش دوم فایل۲۹ از سطح۱ سال۱۳۹۸ - علی.partial.txt
  [1/1] 0:00–59:03 (20762 KB)...
      → 32401 chars: اعوذ بالله من الشيطان الرجيم. بسم الله الرحمن الرحيم. سوره مبارکه ضحی را می‌خواهیم تدبر کنیم. از اینجا به بعد دیگه کمتر سوره‌ای تا آخر جزء سی که ما داریم کار می‌کنیم به سمت سوره نا…

============================================================
TRANSCRIPTION (preview)
============================================================
اعوذ بالله من الشيطان الرجيم. بسم الله الرحمن الرحيم. سوره مبارکه ضحی را می‌خواهیم تدبر کنیم. از اینجا به بعد دیگه کمتر سوره‌ای تا آخر جزء سی که ما داریم کار می‌کنیم به سمت سوره ناس میریم، دیگه سوره‌ها نوعاً تک‌دسته‌ای هستند و ما، شما از اینجا به بعد بیشتر می‌تونید به کارتون جمعه- جنبه‌ی تمرینی بدید. یعنی چکار بکنید؟ بیشتر تمرین به جمع‌بندی. یه سیاق را هر سوره‌ای از اینجا به بعد تقریباً اینطوریه. هر سوره‌ای یه سیاقه. خب این سیاق رو می‌خوایم جمع‌بندی کنیم. اگر این تمرین رو به خوبی انجام بدیم تا پایان، دیگه انشاالله در سطوح بعدی برای جمع‌بندی سیاق‌ها مشکل چندانی نداریم. می‌تونیم به مسائل دیگر بپردازیم تو آموزش روش. حالا سوره مبارکه ضحی. درسته که یک سیاقه اما اگر نگاه کنیم خیلی واضحه که این یک سیاق چند فراز داره؟ سه تا فراز داره. سه فراز. فراز اول، فراز قسم‌ها و جواب قسمه. خیلی مشخص. بسم الله الرحمن الرحيم. والضحى. والليل إذا سجى. ما ودعك ربك وما قلى. وللآخرة خير لك من الأولى. ولسوف يعطيك ربك فترضى. این فراز اوله. قسم یاد کرده به ضحی. ضحی وضعیت روز در اوج روشنایی. ظهر. که دیگه خورشید بالای آسمونه، بیشترین تابش رو داره، بیشترین نور و گرما رو میده. این حالت ضحی. والليل إذا سجى. قسم به شبه اون وقتی که آروم میشه. شب کی آروم میشه؟ وقتی که دیگه تاریکیش به حداکثر خودش میرسه. یعنی تمام اون ذرات نوری هم هنوز شعاع‌های نوری هم که در آسمانه دیگه اونا چی شدن؟ جمع شدن. کامل شبه که مستقر شده. این آرامش شبه. یعنی گویا قسم خورده خدا به روز در اوج روشنایی اون و به شب در نهایت تاریکیش. قسم به ضحی و قسم به شب، اون وقتی که آروم می‌گیره. در جواب قسم چند تا جمله را تأکید کرده. جمله‌ی اول: ما ودعك ربك. ودع، يودع، تودیع. مراسم تودیع شنیدید؟ تودیع معارفه. تودیع یعنی کسی را از یه سمتی برکنار کردن، با او خداحافظی کردن، وداع کردن. منتها وقتی خطاب پیامبر گرامی اسلام گفته میشه ما ودعك ربك، پروردگارت تو را تودیع نکرد، یعنی تو همچنان رسول پروردگار هستی. از رو همین جمله میشه فهمید که توی فضای سخن این آیات یه تصوری گویا هست. نکند دیگه او بگید، از رسالت عزل شده، برکنار شده، کنار گذاشته شده، تودیع شده اصطلاحاً. تا حالا گویا رسول بوده و رسالتش را اون مافوق قبول داشته، با او ارتباط رسالت برقرار می‌شده. اما 
… (truncated; see saved file for full transcript)

============================================================
SUMMARY
============================================================
Input file      : 029_آموزش تدبر در سوره ضحی - بخش دوم فایل۲۹ از سطح۱ سال۱۳۹۸ - علی.mp3
Provider        : ElevenLabs Scribe (scribe_v2)
Audio duration  : 59:03 (3543.34 s)
Requests        : 1
Billed duration : 3544 s (rounded up to nearest second)
Rate            : $0.22 / audio hour
Estimated cost  : $0.216537 USD
Transcript saved: Audios/Tadabor_Sobohi/Manaee/Term1/029/029_آموزش تدبر در سوره ضحی - بخش دوم فایل۲۹ از سطح۱ سال۱۳۹۸ - علی.txt
============================================================
[029] OK

=== [030] Fri Aug 28 00:48:45 PDT 2026 ===
  input: Audios/Tadabor_Sobohi/Manaee/Term1/030/030_آموزش تدبر در سوره ضحی - بخش سوم فایل۳۰ از سطح۱ سال۱۳۹۸ - علی.mp3
Provider: ElevenLabs Scribe (scribe_v2)
Progress file (updated after each chunk): Audios/Tadabor_Sobohi/Manaee/Term1/030/030_آموزش تدبر در سوره ضحی - بخش سوم فایل۳۰ از سطح۱ سال۱۳۹۸ - علی.partial.txt
  preparing audio (030_آموزش تدبر در سوره ضحی - بخش سوم فایل۳۰ از سطح۱ سال۱۳۹۸ - علی.mp3)...
  34:15 → 1 request(s)
  progress file: Audios/Tadabor_Sobohi/Manaee/Term1/030/030_آموزش تدبر در سوره ضحی - بخش سوم فایل۳۰ از سطح۱ سال۱۳۹۸ - علی.partial.txt
  [1/1] 0:00–34:15 (12043 KB)...
      → 20618 chars: سوالو من تکرار می‌کنم. میگن چرا با توجه به اهمیت "والاً فهدى" اون مقدم نشده؟ من فکر می‌کنم در وهله اول که خدا استشهاد می‌کنه به الطاف خودش برای پیغمبر گرامی اسلام ترتیب وقوعی رو رع…

============================================================
TRANSCRIPTION (preview)
============================================================
سوالو من تکرار می‌کنم. میگن چرا با توجه به اهمیت "والاً فهدى" اون مقدم نشده؟ من فکر می‌کنم در وهله اول که خدا استشهاد می‌کنه به الطاف خودش برای پیغمبر گرامی اسلام ترتیب وقوعی رو رعایت می‌کنه. یعنی می‌خواد بگه در تاریخ زندگیت از اولش که یتیم بودی حساب بکنی تا امروز که اینجا هستی یتیم بودی ما پناهت دادیم. مرحله بعد زال بودی ما هدایتت کردیم. مرحله بعد عائل شدی ما غنی‌ات کردیم. یعنی به ترتیب تاریخ زندگی تو اگر یه مطالعه بکنی می‌بینی همیشه ما تو رو به سمت بهتر بردیم جلو. یعنی همین وقوعش م-موضوعیت داره، ترتیب تاریخیش موضوعیت داره که هیچ مرحله‌ای از مراحل زندگی تو از زیر نظر ما غافل-- از زیر نظر ما جدا نبودی، دور نبودی. همواره این حمایت ما شامل حال تو بوده در تمام مراحل زندگیت. اما توی قسمت دوم که می‌خواد به تناسب این مراحل دستورات رو بگه، اینجا دستورات رو میاد نامرتبش می‌کنه. خودبه‌خود با اون لفظ و نشر نامرتبی که اتفاق میفته سوره با چه جمله‌ای تمام میشه؟ "وأما بنعمة ربك فحدث". یعنی این ختم بحث میشه که مسئله اصلی، رسالت اصلی تو که قرآن خوندن و حدیث کردن قرآن برای مردمه، این باید با قوت ادامه پیدا کنه. قرآن کریم به زبان قوم داره با بشر صحبت می‌کنه. یعنی اینکه بگیم بشر اینا رو استخراج کرده، نه این شکلی نیست. قرآن نوع حرف زدنش سؤال ایجاد می‌کنه، جواب میده، قسم می‌خوره، تأکید می‌کنه، ابهام ایجاد می‌کنه، ابهام رو روشن می‌کنه. به انواع صناعت‌های بلاغی سعی می‌کنه خدا سخن خودش را در جان مخاطب چیکار کنه؟ بنشونه. ما هم به عنوان یه مخاطب عاقل جلوی قرآن می‌شینیم. مخاطب عاقل وقتی می‌بینه خداوند گفته "ألم يجدك يتيماً فأوى" تو دستورات گفته "أما اليتيم فلا تقهر" با همون عبارت یتیم، یتیم. می‌فهمه که پس این دستوره که اینجا خدا داره بار می‌کنه بر پیغمبر یه ربطی داره با همون لطفی که قبلاً خدا به پیغمبر داشته. چون ف داره دیگه، "فأما اليتيم". پس یعنی حالا که اینا بوده، پس از این به بعد تو هم اینا رو داشته باش. این نشون میده که پس این در ازای اینه. اینم که میاد میگه سائل، سائل. گفت "عائلاً فأغنى". عیال‌وار تو را یافت پس غنی کرد. حالا سائل را دور نکن. در قرآن "للسائل والمحروم" تعبیر سائل به عنوان نیازمند در قرآن بارها مطرح شده. خب این نیازمند بودن با غنایی که پیغمبر دارد در ارتباطه. پس اینم میشه 
… (truncated; see saved file for full transcript)

============================================================
SUMMARY
============================================================
Input file      : 030_آموزش تدبر در سوره ضحی - بخش سوم فایل۳۰ از سطح۱ سال۱۳۹۸ - علی.mp3
Provider        : ElevenLabs Scribe (scribe_v2)
Audio duration  : 34:15 (2055.35 s)
Requests        : 1
Billed duration : 2056 s (rounded up to nearest second)
Rate            : $0.22 / audio hour
Estimated cost  : $0.125605 USD
Transcript saved: Audios/Tadabor_Sobohi/Manaee/Term1/030/030_آموزش تدبر در سوره ضحی - بخش سوم فایل۳۰ از سطح۱ سال۱۳۹۸ - علی.txt
============================================================
[030] OK

=== [031] Fri Aug 28 00:50:01 PDT 2026 ===
  input: Audios/Tadabor_Sobohi/Manaee/Term1/031/031_آموزش تدبر در سوره شرح - بخش اول فایل۳۱ از سطح۱ سال۱۳۹۸ - علی.mp3
Provider: ElevenLabs Scribe (scribe_v2)
Progress file (updated after each chunk): Audios/Tadabor_Sobohi/Manaee/Term1/031/031_آموزش تدبر در سوره شرح - بخش اول فایل۳۱ از سطح۱ سال۱۳۹۸ - علی.partial.txt
  preparing audio (031_آموزش تدبر در سوره شرح - بخش اول فایل۳۱ از سطح۱ سال۱۳۹۸ - علی.mp3)...
  22:10 → 1 request(s)
  progress file: Audios/Tadabor_Sobohi/Manaee/Term1/031/031_آموزش تدبر در سوره شرح - بخش اول فایل۳۱ از سطح۱ سال۱۳۹۸ - علی.partial.txt
  [1/1] 0:00–22:10 (7794 KB)...
      → 11351 chars: سوره شرح هم مثل سوره ذاریات یه سیاق بیشتر نداره و این سیاق فقط چند تا فراز داره. شما بگید بسم الله الرحمن الرحیم. ألم نشرح لك صدرك ووضعنا عنك وزرك الذي أنقض ظهرك ورفعنا لك ذكرك فإن…

============================================================
TRANSCRIPTION (preview)
============================================================
سوره شرح هم مثل سوره ذاریات یه سیاق بیشتر نداره و این سیاق فقط چند تا فراز داره. شما بگید بسم الله الرحمن الرحیم. ألم نشرح لك صدرك ووضعنا عنك وزرك الذي أنقض ظهرك ورفعنا لك ذكرك فإنا مع العسر يسرا. این فراز اول خداوند شاهد آورده ما شرح صدر به تو دادیم. وزر را از بار از دوش تو برداشتیم، ذکر تو را بالا بردیم. نتیجه اینکه فإنا مع العسر يسرا همراه سختی آسانی این معیت، معیت طولیه. یعنی بلافاصله چسبیده به سختی چی میاد؟ آسانی میاد. خب فراز دوم. إن مع العسر يسرا. همونی رو که از فراز اول نتیجه گرفت در فراز دوم مقدمه قرارش میده. إن مع العسر يسرا. خب چه چه استفاده‌ای میخوایم از این بکنیم؟ فإذا فرغت فانصب وإلى ربك فارغب. چیه مسئله؟ سوره چی میخواد بگه؟ ألم يجدك ألم نشرح لك صدرك ألم نشرح لك صدرك. آیا برای تو صدر تو را گشاده نساختیم؟ آیا شرح صدر به تو ندادیم؟ شرح صدر هممون میدونیم یعنی چی. انسان یه بار ظرفیت نداره، سینه او تنگه. گاهی سینه فراخه. شرح صدر داره یعنی ظرفیت بالا. آیا ما ظرفیت به تو ندادیم؟ شرح صدر به تو ندادیم؟ سینه تو را فراخ نکردیم. بعد خدا ذیل این شرح صدر از یک رفعی صحبت می‌کند. از یک وضعی صحبت می‌کند و یک رفعی. وضع چی؟ رفع چی؟ بگید. وضع چی؟ وزر. رفع چی؟ ذکر. شرح صدر ذیل خودش یک وضعی دارد و یک رفعی. خوب دقت کنید چی میگم. شرح صدر یک وضعی دارد، یک رفعی. وضع و رفع در قرآن مقابل همه. در سوره مبارکه یاسین می فرماید والسماء بگید رفعها و وضع المیزان. رفع وضع. گویا شرح صدر یک بالا بردنی داره، یک پایین آوردنی، نهادنی. یه بالا بردن، یه نهادن. نهادن چی؟ بالا بردن چی؟ می فرماید ووضعنا عنك وزرك الذي أنقض ظهرك. وضع وزر. وزر بار سنگینی‌ست که شما تحملشو نداری. وزر که ما بار سنگینی که تحملش سختی داره، ملالت داره. اینو میگیم وزر. میگه وزر تو را نهادیم. یعنی گویا این بار سنگین تو آوردیم از رو دوشت بگید پایین. کدوم وزر؟ همون وزری که الذي أنقض ظهرك همون وزری که کمرت را بگید شکست. وزر کمرشکن. وزر کمرشکن تو را نهادیم. مثل اینکه از دوشت برداشتیم. برات تحملشو آسون کردیم. نهادن وزر. خیلیا گفتن منظور از این وزر بار رسالته و اینکه میگه نهادیم این تابعی از شرح صدره. وقتی به تو شرح صدر دادیم، این شرح صدر اینه که دیگه از اون باری که رو دوشت بود احساس سنگینی دیگه نکردی. تا قبل از شرح صدر گویا این ب
… (truncated; see saved file for full transcript)

============================================================
SUMMARY
============================================================
Input file      : 031_آموزش تدبر در سوره شرح - بخش اول فایل۳۱ از سطح۱ سال۱۳۹۸ - علی.mp3
Provider        : ElevenLabs Scribe (scribe_v2)
Audio duration  : 22:10 (1330.09 s)
Requests        : 1
Billed duration : 1331 s (rounded up to nearest second)
Rate            : $0.22 / audio hour
Estimated cost  : $0.081283 USD
Transcript saved: Audios/Tadabor_Sobohi/Manaee/Term1/031/031_آموزش تدبر در سوره شرح - بخش اول فایل۳۱ از سطح۱ سال۱۳۹۸ - علی.txt
============================================================
[031] OK

=== [032] Fri Aug 28 00:50:58 PDT 2026 ===
  input: Audios/Tadabor_Sobohi/Manaee/Term1/032/032_آموزش تدبر در سوره شرح - بخش دوم فایل۳۲ از سطح۱ سال۱۳۹۸ - علی.mp3
Provider: ElevenLabs Scribe (scribe_v2)
Progress file (updated after each chunk): Audios/Tadabor_Sobohi/Manaee/Term1/032/032_آموزش تدبر در سوره شرح - بخش دوم فایل۳۲ از سطح۱ سال۱۳۹۸ - علی.partial.txt
  preparing audio (032_آموزش تدبر در سوره شرح - بخش دوم فایل۳۲ از سطح۱ سال۱۳۹۸ - علی.mp3)...
  24:34 → 1 request(s)
  progress file: Audios/Tadabor_Sobohi/Manaee/Term1/032/032_آموزش تدبر در سوره شرح - بخش دوم فایل۳۲ از سطح۱ سال۱۳۹۸ - علی.partial.txt
  [1/1] 0:00–24:34 (8635 KB)...
      → 13681 chars: اعوذ بالله من الشيطان الرجيم. بسم الله الرحمن الرحيم. الحمد لله رب العالمين وصلى الله على سيدنا ونبينا حبيب اله العالمين ابى القاسم المصطفى محمد. اللهم صل على محمد وآل محمد وعلى آل…

============================================================
TRANSCRIPTION (preview)
============================================================
اعوذ بالله من الشيطان الرجيم. بسم الله الرحمن الرحيم. الحمد لله رب العالمين وصلى الله على سيدنا ونبينا حبيب اله العالمين ابى القاسم المصطفى محمد. اللهم صل على محمد وآل محمد وعلى آله الطيبين الطاهرين ولعنة الله على أعدائهم أجمعين من الآن إلى قيام يوم الدين. عرض سلام و ادب و احترام محضر خواهران و برادران گرامی. حالا ما تو این کلاسای سوره نحل دیگه به همه این عادتو دادیم که بابا این سلامه جواب داره جواب بدین. [پچپچ] علیکم السلام. از بس رسمی ما سلام میکنیم فکر میکنن مثلا مجری تلویزیونه که دیگه جوابش نمیدن. عرض سلام که میکنیم لطف کنید شما هم جواب بدید بذارید انرژی مضاعف برگرده به سمت ما و بتونیم انشاالله بهتر به قرآن خدمت کنیم. یک بار دیگه عرض سلام دارم خدمت خواهران و برادران گرامی. ما حتی احتیاطاً به مجریای تلویزیون هم سلام میدیم. اگه یه وقت سلام میکنن ما میگیم علیکم السلام. از راه دور هم انشاالله میره یه چیزی میرسه. [خنده] آره. خدا رو شکر میکنیم که توفیق داریم در پیشگاه مقدس و نورانی قرآن کریم حاضریم و آرزو میکنیم ساعتی رو که ساعاتی رو که در محضر قرآن خواهیم بود ساعاتی نورانی و پر از فیض و معنویت و همینطور یادگیری باشه برای همه ما در محضر قرآن به برکت صلوات بر محمد و آل محمد. اللهم صل على محمد وآل محمد وعجل فرجه. خب سوره مبارکه شرح در جلسه گذشته بحثش به شکل کامل ارائه شد ولی وعده کردم یک بار دیگه در مقام جمع‌بندی توضیحی درباره این سوره شریفه خدمتتون تقدیم کنم و بعد بحث سوره‌های جدید رو انشاالله دنبال بکنیم. در سوره مبارکه شرح دو فراز وجود داره. فراز اول این سوره فرازی‌ست که با یک مقدمه می‌رسد به این نتیجه که "فإن مع العسر يسرا". این ببین فا، فا نتیجه‌ست. این فا، فا نتیجه‌ست. یعنی خداوند قاعده "إن مع العسر يسرا" را داره از این مقدمه نتیجه می‌گیرد. این مقدمه چیه؟ این مقدمه چطور داره میفهمونه که "إن مع العسر يسرا"؟ یعنی شما باید عسر را تو این مقدمه پیدا کنی یسر را هم بگید تو همین مقدمه پیدا کنی تا بگی بله "إن مع العسر يسرا". اون عسره چی بوده؟ "وزرک الذي أنقض ظهرک". یعنی یه باری رو دوش پیغمبر گرامی اسلام که کمر او را شکسته. نمیگه داشت می‌شکست، کمر او را شکست. این میشه اون عسره. یسرش چی بوده؟ یسرش "رفعنا لك ذكرك" بوده. رفع ذکر پیغمبر یسر ماجراست. که خدا از این انم در واقع ای
… (truncated; see saved file for full transcript)

============================================================
SUMMARY
============================================================
Input file      : 032_آموزش تدبر در سوره شرح - بخش دوم فایل۳۲ از سطح۱ سال۱۳۹۸ - علی.mp3
Provider        : ElevenLabs Scribe (scribe_v2)
Audio duration  : 24:34 (1473.59 s)
Requests        : 1
Billed duration : 1474 s (rounded up to nearest second)
Rate            : $0.22 / audio hour
Estimated cost  : $0.090053 USD
Transcript saved: Audios/Tadabor_Sobohi/Manaee/Term1/032/032_آموزش تدبر در سوره شرح - بخش دوم فایل۳۲ از سطح۱ سال۱۳۹۸ - علی.txt
============================================================
[032] OK

=== [033] Fri Aug 28 00:52:01 PDT 2026 ===
  input: Audios/Tadabor_Sobohi/Manaee/Term1/033/033_آموزش تدبر در سوره تین - بخش اول فایل۳۳ از سطح۱ سال۱۳۹۸ - علی.mp3
Provider: ElevenLabs Scribe (scribe_v2)
Progress file (updated after each chunk): Audios/Tadabor_Sobohi/Manaee/Term1/033/033_آموزش تدبر در سوره تین - بخش اول فایل۳۳ از سطح۱ سال۱۳۹۸ - علی.partial.txt
  preparing audio (033_آموزش تدبر در سوره تین - بخش اول فایل۳۳ از سطح۱ سال۱۳۹۸ - علی.mp3)...
  37:22 → 1 request(s)
  progress file: Audios/Tadabor_Sobohi/Manaee/Term1/033/033_آموزش تدبر در سوره تین - بخش اول فایل۳۳ از سطح۱ سال۱۳۹۸ - علی.partial.txt
  [1/1] 0:00–37:22 (13139 KB)...
      → 19784 chars: اما سوره مبارکه تین. خب کیا فرصت کردن مطالعه کنن سوره تین رو؟ [مکث]، کم دست میره بالا. خب چرا بقیه مطالعه نمی‌کنن؟ چرا نمی‌رسن؟ بله. تنبلی. حداقل صداقت هست. دیگه آدم چی بگه؟ [خنده]…

============================================================
TRANSCRIPTION (preview)
============================================================
اما سوره مبارکه تین. خب کیا فرصت کردن مطالعه کنن سوره تین رو؟ [مکث]، کم دست میره بالا. خب چرا بقیه مطالعه نمی‌کنن؟ چرا نمی‌رسن؟ بله. تنبلی. حداقل صداقت هست. دیگه آدم چی بگه؟ [خنده]. نه من می‌دونم که تنبلی علتش نیست. ببینید برای وارد کردن یک برنامه داخل برنامه‌های روتینی که وجود داشته، یه مقدار این تغییر وضعیت، تغییر شرایط مستلزمِ اِاِاِ یه دقت‌های کارشناسی برنامه‌ریزیه. یعنی شما باید پیدا کنید که این قطعه پازل رو کجا باید بذاریش. اگه جاشو پیدا کردید این دیگه مسیر خودشو پیدا می‌کنه. ببینید کی باید مطالعه کنید. اون وقتشو بشناسید. خیلی از ماها وقتی می‌خوایم برای مطالعه‌مون برنامه‌ریزی کنیم با توجه به کم تجربه بودن‌مون در علم برنامه‌ریزی، ما میایم چیکار می‌کنیم؟ میایم یه وقت‌هایی رو تنظیم می‌کنیم که اصلا امکان نداره. مثلا میگه خب از این به بعد صبح‌ها ساعت شش من مطالعه می‌کنم. حالا هر روز ساعت شش تا نه خوابه‌ها. بابا تو که همیشه تا نه خوابی چرا حالا این مطالعه قرآن بیچاره [خنده] رو گذاشتی شش صبح؟ یه روز بلند میشه حالا این چشما رو می‌شوره هر طور شده می‌شینه و خیلی هم روز خوبیه تجربه می‌کنه ولی شب طوری خسته می‌خوابه که دیگه فردا حالا نماز صبحش هم مجبوره حاشیه طلایی بخونه. [خنده]. چی مثلا من تصمیم گرفتم شش صبح مطالعه-- ببینید باید نگاه کنید کوک بدنتون چیه، کوک برنامه‌تون چیه. آسون‌ترین گزینه را، توی اون تنظیم برنامه آسون‌ترین گزینه رو پیدا کنید. اون ساعتی که خوابت نمیاد، خیلی مشغله نداری، حوصله داری، ساعتته. اون ساعت می‌تونی یه نیم ساعت وقت بذاری. بدون مشکل. نه بچه‌ای هست نق نق کنه، نه آقا قراره از سر کار بیاد بگه ناهار کو، نه نمی‌دونم ارباب رنجو دارم که در اتاقو باز کنه مزاحمم بشه، نه خا-- نه صبح اول وقته که خوابم میاد، یه ساعت آزاد. اون ساعت آزادو بهش پایبند بشید. اگر راضی‌تون نمی‌کنه کمیتش یا موقعیت زمانیش به تدریج جابجاش کنید. اونی که همیشه تا هشت و نه صبح می‌خوابه نباید شش برنامه بریزه. باید بگه مثلا اگه نه می‌خوابیده بگه هشت و نیم پا میشم امکان نداره تا نه کار می‌کنم. یه دفعه نیاد توی شش. این تدریج رو در جابجایی برنامه و قرار دادن یک برنامه جدید اگر رعایت بکنیم بهش می‌رسیم. به همین آسونی. و اگر رعایت نکنیم و با ایده‌آل‌گرایی صرفا با تصمیم بخوایم درستش کنیم، درست نمیشه
… (truncated; see saved file for full transcript)

============================================================
SUMMARY
============================================================
Input file      : 033_آموزش تدبر در سوره تین - بخش اول فایل۳۳ از سطح۱ سال۱۳۹۸ - علی.mp3
Provider        : ElevenLabs Scribe (scribe_v2)
Audio duration  : 37:22 (2242.26 s)
Requests        : 1
Billed duration : 2243 s (rounded up to nearest second)
Rate            : $0.22 / audio hour
Estimated cost  : $0.137027 USD
Transcript saved: Audios/Tadabor_Sobohi/Manaee/Term1/033/033_آموزش تدبر در سوره تین - بخش اول فایل۳۳ از سطح۱ سال۱۳۹۸ - علی.txt
============================================================
[033] OK

=== [034] Fri Aug 28 00:53:26 PDT 2026 ===
  input: Audios/Tadabor_Sobohi/Manaee/Term1/034/034_آموزش تدبر در سوره تین - بخش دوم فایل۳۴ از سطح۱ سال۱۳۹۸ - علی.mp3
Provider: ElevenLabs Scribe (scribe_v2)
Progress file (updated after each chunk): Audios/Tadabor_Sobohi/Manaee/Term1/034/034_آموزش تدبر در سوره تین - بخش دوم فایل۳۴ از سطح۱ سال۱۳۹۸ - علی.partial.txt
  preparing audio (034_آموزش تدبر در سوره تین - بخش دوم فایل۳۴ از سطح۱ سال۱۳۹۸ - علی.mp3)...
  42:32 → 1 request(s)
  progress file: Audios/Tadabor_Sobohi/Manaee/Term1/034/034_آموزش تدبر در سوره تین - بخش دوم فایل۳۴ از سطح۱ سال۱۳۹۸ - علی.partial.txt
  [1/1] 0:00–42:32 (14951 KB)...
      → 24703 chars: ولی اونجا که انسان رو خدا مخاطب قرار نداده، خدا یه حرفی راجع به انسان زد. الان که داره میگه "یکذبک" می‌تونه مخاطبش پیغمبر باشه با توجه به اینکه مخاطب قرآن پیغمبره در درجه اول. مثل …

============================================================
TRANSCRIPTION (preview)
============================================================
ولی اونجا که انسان رو خدا مخاطب قرار نداده، خدا یه حرفی راجع به انسان زد. الان که داره میگه "یکذبک" می‌تونه مخاطبش پیغمبر باشه با توجه به اینکه مخاطب قرآن پیغمبره در درجه اول. مثل "إنا أعطیناک الكوثر". می‌تونه مخاطبش پیغمبر باشه، می‌تونه انسان باشه. ما باید ببینیم کdam معنا درست در میاد. اگر این باشه که ای انسان چه چیز تو را به تکذیب وامی‌دارد، این "یکذبک" معنی کلمه اون نمی‌رسونه. باید بگیم مثلاً فرض کنید "ما جعلك تكذب" چه چیز تو را به تکذیب وامی‌دارد؟ یا مثلاً "ما الحاق على التکذیب" چه چیز تو را به تکذیب وامی‌دارد؟ اما "ما يكذبك" یعنی چه چیز تو را تکذیب می‌کند. این لغت، این جمله‌ای که من عرض می‌کنم رو برید به هر ادیبی میدید بدید، بیا این جمله رو معنی کن. ما می‌خوایم به یه نفر بگیم که تو را تکذیب می‌کند. تو را تکذیب می‌کند میشه چی عربیش؟ میشه "یکذبک". "ما يكذبك" میشه چه چیز تو را تکذیب می‌کند؟ چه کس تو را تکذیب می‌کند؟ بذارید نکته‌ای عرض بکنم. [مکث] در بسیاری از ترجمه‌ها با توجه به اینکه این ترجمه‌ها بر اساس نگاه تدبری سامان پیدا نکرده. یعنی اون مترجم کاری نداشته به اینکه این آیه ارتباطش با قبل چیه، با بعد چیه. فقط ترجمه‌اش کرده. لذا خیلی از جاها که ما توجه می‌کنیم به ارتباط با قبل، ارتباط با بعد، یه وقتایی ناچار می‌شیم به اصلاح ترجمه. [مکث] یعنی الان اینکه چه چیز تو را به تکذیب وامی‌دارد به سبب دین، چه چیز تو را به تکذیب وامی‌دارد به سبب دین، حالا دین رو بگیم سبب نگیریم اصلاً تکذیب دین وامی‌دارد، به تکذیب جزا وامی‌دارد یا به تکذیب دین وامی‌دارد. این وا داشتن بر تکذیب، این چه کار داره با قبل؟ چه کار داره با بعد؟ چه صحبتی از اجبار کسی بر تکذیبه که الان سؤال کنیم که چه چیز تو را به تکذیب وامی‌دارد؟ به‌خصوص تو یه سری جاها هست که حتی قواعد ادبیات، من الان به این خواهرمون عرض کردم، به شما هم میگم، به هر ادیبی می‌خواید مراجعه کنید. یه جمله فارسی من بهتون میدم، به هر ادیبی دوست دارید بدید بگید این جمله رو معنی کن، عربیش کن. بگیم آقا تکذیب می‌کند تو را. این چی میشه عربیش؟ "یکذبک". خب چطور شد اینجا یه دفعه شد به تکذیب وامی‌دارد تو را؟ این وامی‌دارد از کجا اومد؟ چه چیز تو را به تکذیب وامی‌دارد؟ یعنی نه ادبیات همراهی میکنه، نه سیاق همراهی میکنه، ولی یه چیزی مشهور شده افتاده سر
… (truncated; see saved file for full transcript)

============================================================
SUMMARY
============================================================
Input file      : 034_آموزش تدبر در سوره تین - بخش دوم فایل۳۴ از سطح۱ سال۱۳۹۸ - علی.mp3
Provider        : ElevenLabs Scribe (scribe_v2)
Audio duration  : 42:32 (2551.61 s)
Requests        : 1
Billed duration : 2552 s (rounded up to nearest second)
Rate            : $0.22 / audio hour
Estimated cost  : $0.155932 USD
Transcript saved: Audios/Tadabor_Sobohi/Manaee/Term1/034/034_آموزش تدبر در سوره تین - بخش دوم فایل۳۴ از سطح۱ سال۱۳۹۸ - علی.txt
============================================================
[034] OK

=== [035] Fri Aug 28 00:55:04 PDT 2026 ===
  input: Audios/Tadabor_Sobohi/Manaee/Term1/035/035_آموزش تدبر در سوره علق - بخش اول فایل۳۵ از سطح۱ سال۱۳۹۸ - علی.mp3
Provider: ElevenLabs Scribe (scribe_v2)
Progress file (updated after each chunk): Audios/Tadabor_Sobohi/Manaee/Term1/035/035_آموزش تدبر در سوره علق - بخش اول فایل۳۵ از سطح۱ سال۱۳۹۸ - علی.partial.txt
  preparing audio (035_آموزش تدبر در سوره علق - بخش اول فایل۳۵ از سطح۱ سال۱۳۹۸ - علی.mp3)...
  6:13 → 1 request(s)
  progress file: Audios/Tadabor_Sobohi/Manaee/Term1/035/035_آموزش تدبر در سوره علق - بخش اول فایل۳۵ از سطح۱ سال۱۳۹۸ - علی.partial.txt
  [1/1] 0:00–6:13 (2188 KB)...
      → 3755 chars: فقط یه دور بخونیم ببینیم جاییش گیر دارین. بسم الله الرحمن الرحیم. اقرأ. من اینو بگم حالا احیاناً اگر کسی ما در جمع داریم که چون سوره سجده واجب داره با کسب اجازه و البته عذرخواهی از…

============================================================
TRANSCRIPTION (preview)
============================================================
فقط یه دور بخونیم ببینیم جاییش گیر دارین. بسم الله الرحمن الرحیم. اقرأ. من اینو بگم حالا احیاناً اگر کسی ما در جمع داریم که چون سوره سجده واجب داره با کسب اجازه و البته عذرخواهی از برادران و خواهران، کسانی که عذر شرعی دارن حتی یک حرف از این سوره رو نباید بخونن. ولی گوش دادنش هیچ مانعی نداره. آیه سجده‌دارم من نمی‌خونم چون اینجا امکان سجده نداریم. انشاالله اون آیه رو نمی‌خونم. ترجمه‌ش رو فقط میگم تا سجده هم واجب نشه براتون. پس فقط خودتون اونایی که عذر شرعی دارن نخونن فقط گوش بدن. بقیه اگه بخونن هم اشکال نداره. بسم الله الرحمن الرحیم. اقرأ باسم ربك الذي خلق. بخوان به اسم پروردگارت همونی که خلق کرد. خلق الإنسان من علق. خلق یعنی چی؟ یعنی خلق کرد انسان را از علق، خون بسته. اقرأ بخوان. وربك الأکرم و پروردگار تو کریم‌تر است، کریم‌ترین است. الذي علم بالقلم. یعنی چی اکرم؟ یعنی که علم یعنی یاد داد با چی؟ با قلم. اون کسی‌ست که یاد داد با قلم. چی یاد داد؟ علم الإنسان ما لم يعلم. یاد داد به انسان آنچه را که انسان یاد نگرفت. آنچه را که انسان ندانست. آنچه را که انسان ندانست به او تعلیم داد. كلا إن الإنسان ليطغى. هرگز، هرگز یعنی چی هرگز؟ یعنی متأسفانه انسان از تعلیم الهی استقبال نکرد بلکه چه می‌کند؟ طغیان می‌کند. علم الإنسان ما لم يعلم ولی إن الإنسان ليطغى. خدا به انسان یاد داد اونی رو که انسان بلد نبود. ولی انسان به جای اینکه بگه به دستت درد نکنه چه خوب شد یادم دادی، انسان طغیان می‌کند، سرکشی می‌کند. إن الإنسان ليطغى. چرا سرکشی می‌کند؟ أن رآه استغنى. چون خود را از تعلیم پروردگارش بی‌نیاز دیده. میگه من می‌خوام چیکار؟ حالا یاد دادی که چی؟ یاد نمی‌دادی اصلاً. زحمت کشیدی یاد دادی. ولمون کن بذار راحت باشیم. أن رآه استغنى. خداوند می‌فرماید غصه نخور إن إلى ربك الرجعى. همه اینایی که می‌بینی اینجور پرروگری می‌کنند به سوی پروردگار تو بر می‌گردن. آخرش سر کارشون با خود پروردگار توئه که ما باشیم. أَرَأَيْتَ الَّذِي يَنْهى. می‌بینی این کسی را که نهی می‌کند؟ گویا خدا می‌خواد این انسان طغیانگر رو نشون بده. بگه انسان طغیانگر نمونه‌شو ببینید. می‌بینی این انسانی را که نهی می‌کند، کیو نهی می‌کند؟ عبداً بنده‌ای را. از چی نهی می‌کند؟ إذا صلى از نماز. می‌بینی این انسانی که یه بنده‌ای را وقتی نماز می‌خونه
… (truncated; see saved file for full transcript)

============================================================
SUMMARY
============================================================
Input file      : 035_آموزش تدبر در سوره علق - بخش اول فایل۳۵ از سطح۱ سال۱۳۹۸ - علی.mp3
Provider        : ElevenLabs Scribe (scribe_v2)
Audio duration  : 6:13 (373.36 s)
Requests        : 1
Billed duration : 374 s (rounded up to nearest second)
Rate            : $0.22 / audio hour
Estimated cost  : $0.022816 USD
Transcript saved: Audios/Tadabor_Sobohi/Manaee/Term1/035/035_آموزش تدبر در سوره علق - بخش اول فایل۳۵ از سطح۱ سال۱۳۹۸ - علی.txt
============================================================
[035] OK

=== [036] Fri Aug 28 00:55:43 PDT 2026 ===
  input: Audios/Tadabor_Sobohi/Manaee/Term1/036/036_آموزش تدبر در سوره علق - بخش دوم فایل۳۶ از سطح۱ سال۱۳۹۸ - علی.mp3
Provider: ElevenLabs Scribe (scribe_v2)
Progress file (updated after each chunk): Audios/Tadabor_Sobohi/Manaee/Term1/036/036_آموزش تدبر در سوره علق - بخش دوم فایل۳۶ از سطح۱ سال۱۳۹۸ - علی.partial.txt
  preparing audio (036_آموزش تدبر در سوره علق - بخش دوم فایل۳۶ از سطح۱ سال۱۳۹۸ - علی.mp3)...
  55:15 → 1 request(s)
  progress file: Audios/Tadabor_Sobohi/Manaee/Term1/036/036_آموزش تدبر در سوره علق - بخش دوم فایل۳۶ از سطح۱ سال۱۳۹۸ - علی.partial.txt
  [1/1] 0:00–55:15 (19427 KB)...
      → 30247 chars: بسم الله الرحمن الرحیم. ادامه بحث رو در سوره مبارکه علق داشته باشیم. مشخص شد که این سوره فقط یک سیاق داره و معنا و مفهوم آیات این یک سیاق هم تقریباً روشنه. یعنی اون معنای اولیه روش…

============================================================
TRANSCRIPTION (preview)
============================================================
بسم الله الرحمن الرحیم. ادامه بحث رو در سوره مبارکه علق داشته باشیم. مشخص شد که این سوره فقط یک سیاق داره و معنا و مفهوم آیات این یک سیاق هم تقریباً روشنه. یعنی اون معنای اولیه روشنه. حالا یک دور می‌خوایم با نگاه جمع‌بندی به این سوره نگاه بکنیم. "اقرأ بسم ربک الذي خلق". بخوان به اسم پروردگارت همان کسی که خلق کرد. خود این آیه در ذات خودش یک استدلال داره و در واقع میشه گفت اولین آیه‌ای که شروع کننده وحی الهی به پیغمبر اکرم بوده، استدلالیست بر ربوبیت پروردگار. یعنی اگر می‌بینید که قرار است پیغمبر مبعوث شود به رسالت و از جانب خدا بخواند برای مردم، این به خاطر اینه که اون کسی که خلق کرد پروردگاره. "اقرأ بسم ربک". رب کیه؟ رب کیه؟ "الذي خلق". آقا اونی که خالقه، رب هم هست دیگه. اونی که خالقه، ربه و چون ربه این حق برای او محفوظه که پیغمبر مبعوث کنه و بندگان خودش رو بخواد هدایت بکنه، تدبیر امور بندگان کنه. آقا از کجا بفهمیم خالق همون ربه؟ شما ادعا می‌کنی میگی کسی که خلق کرد ربه، شاید هم نباشه. چطور میشه ثابتش کرد؟ آیات بعدی باز میکنه. میگه خب "خلق الإنسان من علق". انسان را از علق یعنی خون بسته خلق کرد. آقا اگر خدا خالقه الا ولا بد ربه. چرا؟ چون خالق اینطوری نبوده که فرض بفرمایید انسان یه موجود بسیطی باشه که در یک لحظه خلق شده باشه. انسان از یه خون بسته خلقش آغاز شده. همتونم اینو می‌دونید. این خون بسته که همون سلول اول وجود انسانه که تبدیل شده به یه تیکه خونی، یه لخته خونی. این لخته خون به تدریج چی پیدا کرده؟ [مکث] پرورش داده شده، پرورش داده شده. اون لخته خون پرورش داده شده، تبدیل شده به مزغه. مزغه یه مقدار از لخته خون جلوتره. یه تیکه گوشته انگار گوشتی که جویده باشیش. یه گوشت لهیده‌ای. بعد اون مزغه یه مقدار پرورش داده شده، تبدیل شده به یه سیستم استخوانی. نه علق اولشه. آره نطفه است، علقه، بعد مزغه است، بعد عظامه. یعنی همون گوشت جویده، رگه رگه، اون شده استخوان. یه استخوان‌بندی درست شده. بعد اون کم‌کم روش گوشت رویده "كسبنا العظام لحما". روش گوشت رویده شده، بعد جهاز تفکیک شده، مغز درست شده، قلب درست شده، [خنده] شکم درست شده، جهاز هاضمه درست شده، سیستم عصبی درست شده، دست، پا، شکم، چشم، گوش، بینی، دهان، مو انسان شده انسان. این یک [مکث] لخته خون بسته تا بیاد تبدیل به یک انسانی بشه که
… (truncated; see saved file for full transcript)

============================================================
SUMMARY
============================================================
Input file      : 036_آموزش تدبر در سوره علق - بخش دوم فایل۳۶ از سطح۱ سال۱۳۹۸ - علی.mp3
Provider        : ElevenLabs Scribe (scribe_v2)
Audio duration  : 55:15 (3315.42 s)
Requests        : 1
Billed duration : 3316 s (rounded up to nearest second)
Rate            : $0.22 / audio hour
Estimated cost  : $0.202609 USD
Transcript saved: Audios/Tadabor_Sobohi/Manaee/Term1/036/036_آموزش تدبر در سوره علق - بخش دوم فایل۳۶ از سطح۱ سال۱۳۹۸ - علی.txt
============================================================
[036] OK

=== [037] Fri Aug 28 00:57:46 PDT 2026 ===
  input: Audios/Tadabor_Sobohi/Manaee/Term1/037/037_آموزش تدبر در سوره علق - بخش سوم فایل۳۷ از سطح۱ سال۱۳۹۸ - علی.mp3
Provider: ElevenLabs Scribe (scribe_v2)
Progress file (updated after each chunk): Audios/Tadabor_Sobohi/Manaee/Term1/037/037_آموزش تدبر در سوره علق - بخش سوم فایل۳۷ از سطح۱ سال۱۳۹۸ - علی.partial.txt
  preparing audio (037_آموزش تدبر در سوره علق - بخش سوم فایل۳۷ از سطح۱ سال۱۳۹۸ - علی.mp3)...
  26:17 → 1 request(s)
  progress file: Audios/Tadabor_Sobohi/Manaee/Term1/037/037_آموزش تدبر در سوره علق - بخش سوم فایل۳۷ از سطح۱ سال۱۳۹۸ - علی.partial.txt
  [1/1] 0:00–26:17 (9238 KB)...
      → 14932 chars: اعوذ بالله من الشيطان الرجيم. بسم الله الرحمن الرحيم. الحمد لله رب العالمين وصلى الله على سيدنا ونبينا حبيب اله العالمين ابا القاسم المصطفى محمد اللهم صل على محمد وآل محمد و على آل…

============================================================
TRANSCRIPTION (preview)
============================================================
اعوذ بالله من الشيطان الرجيم. بسم الله الرحمن الرحيم. الحمد لله رب العالمين وصلى الله على سيدنا ونبينا حبيب اله العالمين ابا القاسم المصطفى محمد اللهم صل على محمد وآل محمد و على آله الطيبين الطاهرين و لعنة الله على أعدائهم أجمعين من الآن إلى قيام يوم الدين. عرض سلام و ادب و احترام محضر برادران و خواهران گرامی. امیدوارم که خدای بزرگ توفیق عطا بکنه جلسه‌ای که پیش رو داریم جلسه‌ای نورانی در پیشگاه مقدس قرآن کریم باشه و ذخیره‌ای باشه برای زندگی همراه با بصیرت ما در این دنیا و محشور شدن ما با قرآن کریم و اهل بیت علیهم السلام در آخرت به برکت صلوات بر محمد و آل محمد. اللهم صل على محمد و آل محمد خب ما در جلسه گذشته سوره علق رو تدبر کردیم و یک دور کامل در واقع جمع‌ بندیش هم انجام دادیم. منتها وعده کردیم که در ابتدای این جلسه یه مرور دوباره‌ای بر این سوره داشته باشیم که اگر ابهامی اشکالی وجود داشت اون‌ها برطرف بشه و بتونیم به سوره‌های بعدی وارد بشیم. یه نکته‌ای رو مقدمتا عرض کنم. [سرفه] اونم اینه که یکی از خاصیت‌های نگاه تدبری، منسجم فهمیدن معارف یک سوره و عناصر یک سوره در کنار همه. اینا رو کنار هم ببینیم، با هم ببینیم. خیلی وقت‌ها این با هم دیدن مباحث یک سوره سبب میشه ما یه نگاه جدیدی پیدا کنیم. یه فهم جدیدی از سوره پیدا کنیم. که وقتی میریم در تفاسیر مثلا مطالعه می‌کنیم می‌بینیم از این فهم ما تو تفاسیر خبری نیست یا کم پیدا میشه مثلا تفسیری که این جنس مطالب رو توش داشته باشه. اگر یه مطلبی از یه سوره ای فهمیدید با نگاه منسجم و این مطلب رو در تفسیر نرفتیم یا رفتیم پیدا نکردیم، دلیل بر این نیستش که این حرف مثلا چون تازه‌ست چون نگاه جدیدیه پس اعتبار نداره. اگر حرف مدقنی بود تا حالا تفاسیر باید بگید می‌گفتن. نه، اینطوری نیست. [سرفه] تدبر می‌کنیم که چیزی بیشتری از قرآن یاد بگیریم. از قرآن سلام علیکم. از قرآن با روش‌های مختلف میشه مطالب جدیدی استفاده کرد. یکی از روش‌هایی که کمک میکنه ما قرآن رو ازش مطالب بیشتری بفهمیم همین تدبره. همین کنار هم دیدن عناصر یک سوره است. حالا سوره مبارکه علق رو دقت بفرمایید. در سوره مبارکه علق فراز اول آیه یکه تا آیه پنج. این فراز اوله. که در این آیات خداوند فرمان قرائت را به پیغمبر گرامی اسلام صادر میکنه. هممونم می‌دونیم که این آیات سرآغاز وحی اون حضرته
… (truncated; see saved file for full transcript)

============================================================
SUMMARY
============================================================
Input file      : 037_آموزش تدبر در سوره علق - بخش سوم فایل۳۷ از سطح۱ سال۱۳۹۸ - علی.mp3
Provider        : ElevenLabs Scribe (scribe_v2)
Audio duration  : 26:17 (1576.58 s)
Requests        : 1
Billed duration : 1577 s (rounded up to nearest second)
Rate            : $0.22 / audio hour
Estimated cost  : $0.096347 USD
Transcript saved: Audios/Tadabor_Sobohi/Manaee/Term1/037/037_آموزش تدبر در سوره علق - بخش سوم فایل۳۷ از سطح۱ سال۱۳۹۸ - علی.txt
============================================================
[037] OK

=== [038] Fri Aug 28 00:59:02 PDT 2026 ===
  input: Audios/Tadabor_Sobohi/Manaee/Term1/038/038_آموزش تدبر در سوره قدر - بخش اول فایل۳۸ از سطح۱ سال۱۳۹۸ - علی.mp3
Provider: ElevenLabs Scribe (scribe_v2)
Progress file (updated after each chunk): Audios/Tadabor_Sobohi/Manaee/Term1/038/038_آموزش تدبر در سوره قدر - بخش اول فایل۳۸ از سطح۱ سال۱۳۹۸ - علی.partial.txt
  preparing audio (038_آموزش تدبر در سوره قدر - بخش اول فایل۳۸ از سطح۱ سال۱۳۹۸ - علی.mp3)...
  27:44 → 1 request(s)
  progress file: Audios/Tadabor_Sobohi/Manaee/Term1/038/038_آموزش تدبر در سوره قدر - بخش اول فایل۳۸ از سطح۱ سال۱۳۹۸ - علی.partial.txt
  [1/1] 0:00–27:44 (9751 KB)...
      → 13815 chars: بسم الله الرحمن الرحیم. سوره قدر از نظر مفاهیم به نظر میاد که هممون باهاش آشنا هستیم خیلی سریع می‌تونیم رو مفاهیمش عبور کنیم. انا انزلناه في ليلة القدر. همانا ما نازل کردیم آن را، …

============================================================
TRANSCRIPTION (preview)
============================================================
بسم الله الرحمن الرحیم. سوره قدر از نظر مفاهیم به نظر میاد که هممون باهاش آشنا هستیم خیلی سریع می‌تونیم رو مفاهیمش عبور کنیم. انا انزلناه في ليلة القدر. همانا ما نازل کردیم آن را، آن چیه؟ [همهمه] در شب قدر. وما ادراک ما ليلة القدر و چه چیز تو را آگاه کرد که چیست شب قدر. ليلة القدر خير من الف شهر. شب قدر از هزار ماه بهتر است. تنزل الملائكة والروح فيها با اذن ربهم من کل امر。 ملائکه و روح نازل می‌شوند فيها یعنی در شب قدر. با اذن ربهم با اذن، با اذن و اجازه پروردگارشان من کل امر یعنی از هر امر و فرمانی، از هر امر و فرمانی ملائکه و روح نازل می‌شوند در شب قدر به اذن پروردگارشان. سلام هي حتى مطلع الفجر。 سلام هي یعنی، هي به چی بر می‌گرده؟ [همهمه] شب قدر، شب قدر سلام است. سلام یعنی آفت، آسیب توش نیست. شب قدر سلام است حتى مطلع الفجر تا طلوع فجر. مفاهیم اولیه روشنه. اگر ما بخواهیم و مشخص هم هست که سوره یه سیاق بیشتر نداره. دیگه یه پاراگرافه. سوره تک پاراگرافی. اگر ما بخواهیم این سوره را جمع‌بندی کنیم به نظر شما مهم‌ترین کلمه‌ای که باید اون رو بفهمیم چیه؟ [همهمه] قدره دیگه. این سوره مهم‌ترین بحثش ليلة القدره. اگر ما بفهمیم قدر چیه و شب قدر چیه، خیلی راحت‌تر می‌تونیم به درک برسیم از این سوره به یک جمع‌بندی دست پیدا بکنیم. قدر حاصل مَصدر تقدیره. ببینید حاصل مَصدر رو بزارید اول روشن کنم براتون یعنی چی. مصدر دانستن. حاصل مصدر؟ دانش دانش. حاصل مصدر دانش. حاصل دانستن می‌شود چی؟ دانش. حاصل توانستن می‌شود چی؟ توانایی. اینه که حاصل مصدر. قدر حاصل مصدر تقدیره. یعنی مصدر تقدیره، حاصلش قدره. تقدیر از قدره است. قدره با چی هم‌خانواده است؟ با چی؟ قدرت. قدره یعنی قدرت دارد. میگیم فلانی قدره على مثلاً این مسئله قادر است می‌تواند. توانستنه. قدره به معنی قدرت داشتن. تقدیر یعنی چی؟ یعنی به جریان [مکث] درآوردن قدرت، قدرت. استفاده کردن، استفاده کردن از قدرت. اینکه شماها شنیدید برای اینکه آقا شب قدر شب تعیین حد و اندازه است. حد و اندازه معنی اصلی قدر و تقدیر بگید، نیست. لازمه معناست. وقتی خدا قدرت خودش را به کار می‌گیره برای هر چیزی با توجه به میزان قدرتی که خدا برای او به کار می‌گیره، حد و اندازه او چی میشه؟ [همهمه] معلوم میشه. بسته به میزان قدرت الهی. چقدر بخواد از قدرتش برای این مثلاً مخلوق استفاد
… (truncated; see saved file for full transcript)

============================================================
SUMMARY
============================================================
Input file      : 038_آموزش تدبر در سوره قدر - بخش اول فایل۳۸ از سطح۱ سال۱۳۹۸ - علی.mp3
Provider        : ElevenLabs Scribe (scribe_v2)
Audio duration  : 27:44 (1664.14 s)
Requests        : 1
Billed duration : 1665 s (rounded up to nearest second)
Rate            : $0.22 / audio hour
Estimated cost  : $0.101697 USD
Transcript saved: Audios/Tadabor_Sobohi/Manaee/Term1/038/038_آموزش تدبر در سوره قدر - بخش اول فایل۳۸ از سطح۱ سال۱۳۹۸ - علی.txt
============================================================
[038] OK

=== [039] Fri Aug 28 01:00:12 PDT 2026 ===
  input: Audios/Tadabor_Sobohi/Manaee/Term1/039/039_آموزش تدبر در سوره قدر - بخش دوم فایل۳۹ از سطح۱ سال۱۳۹۸ - علی.mp3
Provider: ElevenLabs Scribe (scribe_v2)
Progress file (updated after each chunk): Audios/Tadabor_Sobohi/Manaee/Term1/039/039_آموزش تدبر در سوره قدر - بخش دوم فایل۳۹ از سطح۱ سال۱۳۹۸ - علی.partial.txt
  preparing audio (039_آموزش تدبر در سوره قدر - بخش دوم فایل۳۹ از سطح۱ سال۱۳۹۸ - علی.mp3)...
  35:26 → 1 request(s)
  progress file: Audios/Tadabor_Sobohi/Manaee/Term1/039/039_آموزش تدبر در سوره قدر - بخش دوم فایل۳۹ از سطح۱ سال۱۳۹۸ - علی.partial.txt
  [1/1] 0:00–35:26 (12458 KB)...
      → 21204 chars: بسم الله الرحمن الرحیم. سؤال‌هایی که به دستم رسید توی این فاصله مربوط به surه قدره بعضیشو توضیح بدیم. نوشتن وجود تا در ليله، ليلة القدر این چه دلیلی دارد؟ به این میگن تای وحدت. یعن…

============================================================
TRANSCRIPTION (preview)
============================================================
بسم الله الرحمن الرحیم. سؤال‌هایی که به دستم رسید توی این فاصله مربوط به surه قدره بعضیشو توضیح بدیم. نوشتن وجود تا در ليله، ليلة القدر این چه دلیلی دارد؟ به این میگن تای وحدت. یعنی یه تک شب بیشتر نیست. درسته ما سه شب میگیم ولی این سه شب قدر که نیست. سه تا شبیه که یکیشون شب قدره. ما سه شب را زنده شب‌زنده‌داری می‌کنیم که یکیش شب قدره و ما ادراک چرا نمی‌تونیم ما را نافیه بگیریم؟ اگر ما را نافیه بگیریم، ادراک فاعل می‌خواد. آگاه نکرد تو را. کی آگاه نکرد تو را؟ چی آگاه نکرد تو را؟ هوی که در ادراک وجود داره به چی برمی‌گرده؟ مبهم میشه. به لحاظ ادبی این ما را باید سوالی بگیریم. چه چیز آگاه کرد تو را؟ و این سؤال در حقیقت سوالیست برای نشون دادن عظمت. چه چیز آگاه-- ما تو فارسی خودمونم داریم. چی میدونی؟ اصلاً چی میدونی چه خبره؟ این چی میدونی یه اصطلاحه که یعنی بگی خیلی خبر بزرگیه. یه اصطلاحه. گفتن آیا فقط در شب قدر خدا از قدرتش استفاده می‌کند؟ ببینید در شب قدر فرمان‌ها صادر میشه و قدرت به جریان در میاد. این جریان تا شب قدر سال آینده امتداد داره. اینطور نیستش که مثلاً یه شب خدا قدرتشو به کار می‌گیره دیگه بقیه شب‌ها استراحت می‌کنه. نه خدا قدرتش همیشه در عالم در جریانه. ولی بازه‌های یک ساله براش تعریف کرده. در شب قدر فرمان‌ها را صادر می‌کنه. ظرفیت‌ها، همه ظرفیت‌ها مقدر میشه. همه تصمیم‌های قطعی گرفته میشه. در طول سال در جریان است و یکی یکی اجرا میشن در وقت خودشون تا شب قدر بعدی. آیا فقط در شب قدر آفت و خلل به جریان قدرت خدا راه ندارد؟ یعنی در فرایند صدور فرمان و تنزل ملائکه که هر کدام در جای خود مستقر بشن دخالتی نیست. معناش این نیستش که یعنی مثلاً بعدش که ملائکه میخوان دستورات خدا رو اجرا کنن دخالت هست. اصل مطلب اینجاست. تو خود صدور فرمان کسی نمی‌تونه تأثیر بگذاره رو صدور فرمان‌ها تأثیر منفی بگذاره. شیاطین با نیروهای منفی مثلاً بیان تأثیر منفی بگذارن کاری کنن فرمان بد صادر بشه. خدا می‌خواد تضمین کنه نگران از صدور فرمان من و تنزل ملائکه بر جریان فرمان من نباشید. اینا حفاظت شده‌ست. اینا حراست شده‌ست. اگر تو دنیای ما اینطوریه وقتی یه فرآیندی می‌خواد بشینه چند تا دستور صادر کنه، همه افراد زیادی وجود دارن که سعی می‌کنند رو دستورات او بگید اثر بگذارن. حتی خود ما هم در شب قدر چرا هی می‌شی
… (truncated; see saved file for full transcript)

============================================================
SUMMARY
============================================================
Input file      : 039_آموزش تدبر در سوره قدر - بخش دوم فایل۳۹ از سطح۱ سال۱۳۹۸ - علی.mp3
Provider        : ElevenLabs Scribe (scribe_v2)
Audio duration  : 35:26 (2126.12 s)
Requests        : 1
Billed duration : 2127 s (rounded up to nearest second)
Rate            : $0.22 / audio hour
Estimated cost  : $0.129930 USD
Transcript saved: Audios/Tadabor_Sobohi/Manaee/Term1/039/039_آموزش تدبر در سوره قدر - بخش دوم فایل۳۹ از سطح۱ سال۱۳۹۸ - علی.txt
============================================================
[039] OK

=== [040] Fri Aug 28 01:01:36 PDT 2026 ===
  input: Audios/Tadabor_Sobohi/Manaee/Term1/040/040_آموزش تدبر در سوره بیّنه - بخش اول فایل۴۰ از سطح۱ سال۱۳۹۸ - علی.mp3
Provider: ElevenLabs Scribe (scribe_v2)
Progress file (updated after each chunk): Audios/Tadabor_Sobohi/Manaee/Term1/040/040_آموزش تدبر در سوره بیّنه - بخش اول فایل۴۰ از سطح۱ سال۱۳۹۸ - علی.partial.txt
  preparing audio (040_آموزش تدبر در سوره بیّنه - بخش اول فایل۴۰ از سطح۱ سال۱۳۹۸ - علی.mp3)...
  21:08 → 1 request(s)
  progress file: Audios/Tadabor_Sobohi/Manaee/Term1/040/040_آموزش تدبر در سوره بیّنه - بخش اول فایل۴۰ از سطح۱ سال۱۳۹۸ - علی.partial.txt
  [1/1] 0:00–21:08 (7430 KB)...
      → 10708 chars: سوره مبارکه بیّنه. [مکث] أعوذ بالله من الشيطان الرجيم. بسم الله الرحمن الرحيم. لم يكن الذين كفروا من أهل الكتاب والمشركين منفكين. حتى تأتيهم البينة. همین آیه اول را اگر درست بفهمیم…

============================================================
TRANSCRIPTION (preview)
============================================================
سوره مبارکه بیّنه. [مکث] أعوذ بالله من الشيطان الرجيم. بسم الله الرحمن الرحيم. لم يكن الذين كفروا من أهل الكتاب والمشركين منفكين. حتى تأتيهم البينة. همین آیه اول را اگر درست بفهمیم دیگه بقیه سوره رو راحت می‌فهمیم. اما اگه درست نفهمیم هی تو سوره باید لنگ بزنیم که چی شد آقا؟ مس-مطلب چی بود؟ لم يكن الذين كفروا من أهل الكتاب منفكين. من أهل الكتاب والمشركين منفكين. ببینید لم يكن از افعال ناقصه است. نبودند. لم يكن نبودند. کیا نبودند؟ اسمش چیه؟ کیا نبودند؟ الذين كفروا که بیان باشد از دو گروه. الذين كفروا من أهل الكتاب. چه کافران از اهل کتاب و چه کیا؟ کافران از مشرکین. ببینید تا قبل از اینکه پیغمبر اسلام بیاد مردم دو گروه بودند یا اهل کتاب بودند یا چی بودند؟ مشرک بودند. پیغمبر اسلام که آمد، پیامبر اسلام و قرآن، این مشرکان و اهل کتاب به دو گروه تقسیم شدند. یا ایمان آوردند به پیغمبر اسلام و قرآن که دیگه شدند مؤمنین به پیغمبر اسلام و قرآن یا کفر ورزیدند. کفر ورزیدند به پیغمبر اسلام و قرآن. الذين كفروا به کی؟ به پیغمبر و قرآن. از این دو گروه. من أهل الكتاب والمشركين. میگه این اهل کتاب و مشرکانی که کفر ورزیدند، نبودند. چی نبودند؟ منفکین. اینا منفک نبودند. خب منفک نبودند از چی؟ منفک یعنی چی بگید؟ جدا. جدا شده. اینا منفک نبودند. از چی منفک نبودند؟ از عبارت بعدی می‌تونیم بفهمیم. لم يكن الذين كفروا من أهل الكتاب والمشركين منفكين حتى بگید تأتيهم البينة. میگه اینا منفک نبودند تا وقتی که برایشان چه بیاید؟ بیّنه بیاید. وقتی من میگم آقا تا وقتی براش بیّنه بیاید منفک نبوده یعنی وقتی بگید [پچپچ کردن حضار] بیّنه آمد منفک شد. خب انسان وقتی بیّنه میاد از چی منفک میشه؟ علامه طباطبایی به زیبایی بیان کردن. میگه آقا هر انسانی مشمول قاعده هدایته. یعنی خدا بر عهده گرفته که آدم‌ها را چی کار کنه؟ بگید. هدایت کنه. که اگر این قاعده برای اون انسان به هر دلیلی اجرا نشود، خدا اون انسان را عذاب بگید نمی‌کند. یعنی خدا تا کسی را هدایت نکرده باشه به خاطر بی‌هدایتی و به خاطر ضلالت و چیزای دیگه او را عذابش نمی‌کند. آقا تو ما را هدایت نکردی، حالا گوش ما رو می‌گیری می‌ریزی جهنم. هدایتمون نکردی. ما اصلاً نفهمیدیم ماجرا چیه. میگه انسان‌ها همه مشمول قاعده هدایت‌اند و تا هدایت نشوند مستحق عذاب نمی‌شوند. اهل کتاب و مش
… (truncated; see saved file for full transcript)

============================================================
SUMMARY
============================================================
Input file      : 040_آموزش تدبر در سوره بیّنه - بخش اول فایل۴۰ از سطح۱ سال۱۳۹۸ - علی.mp3
Provider        : ElevenLabs Scribe (scribe_v2)
Audio duration  : 21:08 (1268.03 s)
Requests        : 1
Billed duration : 1269 s (rounded up to nearest second)
Rate            : $0.22 / audio hour
Estimated cost  : $0.077491 USD
Transcript saved: Audios/Tadabor_Sobohi/Manaee/Term1/040/040_آموزش تدبر در سوره بیّنه - بخش اول فایل۴۰ از سطح۱ سال۱۳۹۸ - علی.txt
============================================================
[040] OK

=== [041] Fri Aug 28 01:02:27 PDT 2026 ===
  input: Audios/Tadabor_Sobohi/Manaee/Term1/041/041_آموزش تدبر در سوره بیّنه - بخش دوم فایل۴۱ از سطح۱ سال۱۳۹۸ - علی.mp3
Provider: ElevenLabs Scribe (scribe_v2)
Progress file (updated after each chunk): Audios/Tadabor_Sobohi/Manaee/Term1/041/041_آموزش تدبر در سوره بیّنه - بخش دوم فایل۴۱ از سطح۱ سال۱۳۹۸ - علی.partial.txt
  preparing audio (041_آموزش تدبر در سوره بیّنه - بخش دوم فایل۴۱ از سطح۱ سال۱۳۹۸ - علی.mp3)...
  23:09 → 1 request(s)
  progress file: Audios/Tadabor_Sobohi/Manaee/Term1/041/041_آموزش تدبر در سوره بیّنه - بخش دوم فایل۴۱ از سطح۱ سال۱۳۹۸ - علی.partial.txt
  [1/1] 0:00–23:09 (8139 KB)...
      → 12791 chars: سوال کردن که چرا صحف-- اولاً فرق صحف با کتب چیه؟ و چرا اینا جمع اومدن؟ صحف جمع صحیفه است. صحیفه به هر نوشته‌ای گفته میشه که از قبل و بعد خودش جدا شده؛ یعنی مثل این میمونه که صحافی …

============================================================
TRANSCRIPTION (preview)
============================================================
سوال کردن که چرا صحف-- اولاً فرق صحف با کتب چیه؟ و چرا اینا جمع اومدن؟ صحف جمع صحیفه است. صحیفه به هر نوشته‌ای گفته میشه که از قبل و بعد خودش جدا شده؛ یعنی مثل این میمونه که صحافی شده. حالا تعبیر صحافی شنیدید میگن کتابو صحافی کرد. صحیفه یعنی مجلدش کرد. وقتی میگه "یتلو صحفاً" خب پیغمبر که چند تا کتاب نداشته، یه کتاب داشته. پس منظور از صحیفه ها میتونه چی باشه؟ من تطبیق میدم، برداشت ها، تطبیق میدم بر سوره ها. چرا؟ چون هر سوره ای از قبل و بعد خودش چی شده؟ جدا شده. مثل اینکه یه تدوین مستقل پیدا کرده. هر سوره ای مثل یه صحیفه میمونه. هر سوره ای یه صحیفه است. بعد این صحیفه ها درش چی وجود داره؟ کتب وجود داره. کتب جمع کتابه. کتاب یعنی مکتوب، یعنی نوشته شده ها. چرا حالا به نوشته‌های داخل کتابهای آسمانی میگن کتب؟ چون واجباته. کُتب، کُتب، واجب شده‌هاست. چیزهایی که خدا مقرر کرده، معین کرده. پس س-- منظور از صحف اجزاء کتاب آسمانی قرآنه که میشه تطبیقش داد با سوره ها. کتب قیمه، اون آموزه های ارزشمند یا برپا دارنده ای است که معین و مقدر شده و در این صحیفه ها نوشته شده. بله، کتب هر چیزی که کُتب. یه وقت "کُتب عليكم الصيام"، یه وقت "کُتب عليكم القتال"، یه وقت "کُتب عليكم إذا حضر أحدكم الموت الوصية". کُتب، کُتب، کُتب. البته میشه توسعه‌اش هم داد از قوانین به اعتقادات هم میشه توسعه‌اش داد، کتب را. چرا؟ چون اعتقادات هم به نحوی معین شده‌هایی است برای مخاطبان قرآن. این حالا راجع به سوالی که پرسیده شده بود. ببینید بعضیا وقتی من سوالی رو جواب میدم میگن که شما سؤال رو نگفتی جوابو داری میگی. اصلاً یکی از سبک‌های قرآنه. از جواب به سؤال پی ببرید دیگه. الان من س-- جواب میگم شما بگید سؤالش چیه. بریه به معنی جنبندگان و معنای تحقیرى نداره. تحقیر از چی فهمیده میشه؟ از شر. "شر البریه" یعنی بدترین جنبندگان. "خير البرية" یعنی بهترین جنبندگان. حالا از روی این جواب سؤال رو فهمیدید؟ تمام شد. پس خیلی دغدغه سؤال رو نداشته باشید. وقتی جنبندگان عامه "شر البریه" یعنی حتی از حیوانات هم پست‌تر. اما دیگه در "خير البریه" بهترین جنبندگان دیگه نمی‌تونه مارمولک باشه که اون که در معرض ایمان و عمل صالح نیست. مشخصه تو فاز "شر البریه" تو فاز از همه بدتر بودن، از همه پایین‌تر بودن میشه اون مثالو زد. میشه انعام و جنبندگان پست ر
… (truncated; see saved file for full transcript)

============================================================
SUMMARY
============================================================
Input file      : 041_آموزش تدبر در سوره بیّنه - بخش دوم فایل۴۱ از سطح۱ سال۱۳۹۸ - علی.mp3
Provider        : ElevenLabs Scribe (scribe_v2)
Audio duration  : 23:09 (1388.92 s)
Requests        : 1
Billed duration : 1389 s (rounded up to nearest second)
Rate            : $0.22 / audio hour
Estimated cost  : $0.084878 USD
Transcript saved: Audios/Tadabor_Sobohi/Manaee/Term1/041/041_آموزش تدبر در سوره بیّنه - بخش دوم فایل۴۱ از سطح۱ سال۱۳۹۸ - علی.txt
============================================================
[041] OK

=== [042] Fri Aug 28 01:03:29 PDT 2026 ===
  input: Audios/Tadabor_Sobohi/Manaee/Term1/042/042_آموزش تدبر در سوره زلزال فایل۴۲ از سطح۱ سال۱۳۹۸ - علی.mp3
Provider: ElevenLabs Scribe (scribe_v2)
Progress file (updated after each chunk): Audios/Tadabor_Sobohi/Manaee/Term1/042/042_آموزش تدبر در سوره زلزال فایل۴۲ از سطح۱ سال۱۳۹۸ - علی.partial.txt
  preparing audio (042_آموزش تدبر در سوره زلزال فایل۴۲ از سطح۱ سال۱۳۹۸ - علی.mp3)...
  30:02 → 1 request(s)
  progress file: Audios/Tadabor_Sobohi/Manaee/Term1/042/042_آموزش تدبر در سوره زلزال فایل۴۲ از سطح۱ سال۱۳۹۸ - علی.partial.txt
  [1/1] 0:00–30:02 (10561 KB)...
      → 16444 chars: اما زلزله یا زلزال. أعوذ بالله من الشيطان الرجيم. بسم الله الرحمن الرحيم إذا زلزلت الأرض زلزالها. اون وقتی که زمین دچار زلزله شود، زلزله‌اش را. زمین بلرزد، لرزیدنش را. وأخرجت الأرض…

============================================================
TRANSCRIPTION (preview)
============================================================
اما زلزله یا زلزال. أعوذ بالله من الشيطان الرجيم. بسم الله الرحمن الرحيم إذا زلزلت الأرض زلزالها. اون وقتی که زمین دچار زلزله شود، زلزله‌اش را. زمین بلرزد، لرزیدنش را. وأخرجت الأرض أثقالها و زمین بیرون آورد، بیرون افکند، خارج کند بارهای سنگینش را. حالا گفتند مردگان معادن بیرون بریزد بارهای سنگینش را. وقال الإنسان ما لها و انسان بگوید چه شده است زمین را. يومئذ در آن روز تحدث أخبارها زمین حدیث می‌کند، حکایت می‌کند خبرهایش را. زمین شروع میکنه تعریف کردن. چیا شد؟ کیا آمدن؟ چه کردن؟ کجا رفتن؟ چه شد؟ تحدث أخبارها چطور ممکن آخه؟ بأن ربك أوحى لها ممکنه وقتی پروردگار وحی کند به زمین، زمین هم به، به اذن پروردگار به چی میاد؟ به نطق میاد و حدیث اخبار میکنه. يومئذ يصدر الناس أشتاتا ليروا أعمالهم اون روز مردم يصدر. مردم خارج می‌شوند از قبرهاشون. أشتاتا جدا، جدا. یعنی در گروه‌های جداگانه‌ای مردم محشور میشن، از قبرها خارج میشن تا چی بشه؟ ليروا تا نشان داده شود به آنها. چه چیز؟ أعمالهم اعمالشون بهشون نشون داده بشه. فمن يعمل مثقال ذرة خيرا يره هرکس هم وزن ذره‌ای عمل خیر کند يره می‌بیند آن را. ومن يعمل مثقال ذرة شرا يره و هرکس هم وزن ذره‌ای شر عمل کند، به شر عمل کند می‌بیند آن را. ترجمه خیلی روشنه. سیاق واضحه که یه دونه بیشتر نیست. ما فقط می‌خوایم جمع‌بندی کنیم. مسئله از کجا شروع میشه؟ مسئله در واقع دغدغه از کجا شروع میشه؟ دغدغه از اینجاست که حساب و کتاب قیامت چه جور حساب و کتابیه؟ سؤال. سوره زلزال نمی‌خواد قیامت رو ثابت کنه. حتی حساب کتاب رو هم نمی‌خواد ثابت کنه. فقط می‌خواد یه توصیفی از حساب و کتاب قیامت ارائه بده که بفهمی حساب و کتاب قیامت چه جوری‌هاست. خیلی از ماها قیامتو قبول داریم. ولی تو ذهنمون حساب و کتاب قیامت رو سهل گرفتیم. آسون. طوری که از کنار رفتارهای خوب کوچیک راحت می‌گذریم. از کنار رفتارهای بد غلط هم راحت می‌گذریم. یعنی ما مدل نگاهمون به قیامت یه طوریه که چیزای مهم، تساهل و تسامح داره. چیزای مهمو در نظر می‌گیریم. حتی تو خوب بودنمون. اگه مثال براتون بزنم، اگه یه امتحان بزرگی از ما گرفته بشه خیلی شیر میشیم و خیلی قشنگ سعی می‌کنیم امتحانو پس بدیم. سعیمون اینه. مثلاً فرض کنید یه امتحانی گرفته شده که تو نگاه خودمون خیلی سنگینه. فرضا عزیزی از دست دادیم یا یه بلای بزرگی، یه مر
… (truncated; see saved file for full transcript)

============================================================
SUMMARY
============================================================
Input file      : 042_آموزش تدبر در سوره زلزال فایل۴۲ از سطح۱ سال۱۳۹۸ - علی.mp3
Provider        : ElevenLabs Scribe (scribe_v2)
Audio duration  : 30:02 (1802.30 s)
Requests        : 1
Billed duration : 1803 s (rounded up to nearest second)
Rate            : $0.22 / audio hour
Estimated cost  : $0.110141 USD
Transcript saved: Audios/Tadabor_Sobohi/Manaee/Term1/042/042_آموزش تدبر در سوره زلزال فایل۴۲ از سطح۱ سال۱۳۹۸ - علی.txt
============================================================
[042] OK

=== [043] Fri Aug 28 01:04:42 PDT 2026 ===
  input: Audios/Tadabor_Sobohi/Manaee/Term1/043/043_آموزش تدبر در سوره عادیات فایل۴۳ از سطح۱ سال۱۳۹۸ - علی.mp3
Provider: ElevenLabs Scribe (scribe_v2)
Progress file (updated after each chunk): Audios/Tadabor_Sobohi/Manaee/Term1/043/043_آموزش تدبر در سوره عادیات فایل۴۳ از سطح۱ سال۱۳۹۸ - علی.partial.txt
  preparing audio (043_آموزش تدبر در سوره عادیات فایل۴۳ از سطح۱ سال۱۳۹۸ - علی.mp3)...
  55:25 → 1 request(s)
  progress file: Audios/Tadabor_Sobohi/Manaee/Term1/043/043_آموزش تدبر در سوره عادیات فایل۴۳ از سطح۱ سال۱۳۹۸ - علی.partial.txt
  [1/1] 0:00–55:25 (19483 KB)...
      → 30707 chars: سوره مبارکه عادیات از نظر تعداد سیاق‌ها و اینا، یه سیاق بیشتر نیست. دیگه ما از اینجا به بعد تقریباً میشه گفت سوره ای نداریم که چند سیاق باشه. سوره ها تک پاراگرافی تک سیاقی هستند. ی…

============================================================
TRANSCRIPTION (preview)
============================================================
سوره مبارکه عادیات از نظر تعداد سیاق‌ها و اینا، یه سیاق بیشتر نیست. دیگه ما از اینجا به بعد تقریباً میشه گفت سوره ای نداریم که چند سیاق باشه. سوره ها تک پاراگرافی تک سیاقی هستند. یک دور از نظر مفهومی یه بررسی بکنیم. بسم الله الرحمن الرحیم. "والعادیات ضبحا، فالموریات قدحا، فالمغيرات صبحا، فأثرنا به نقعا، فوسطنا به جمعا". والعادیات جمع عادية. عادية از ادو ادو یعنی دویدن عادية یعنی دونده. قسم به دوندگان. ضبحا حالت همهمه و نفس نفسی که موقع دویدن، شما یه آدمم اگر بدوه می‌بینی به نفس نفس می‌افته. این نفسش با شدت میره میاد. یه ها-- صدایی شنیده میشه. این صدا ضبحه. والعادیات ضبحا قسم به دوندگان که همزمان با دویدنشون صدای همهمه و نفس نفسشون به گوش می‌رسه. با توجه به آیات بعدی برمی‌آد که منظور از این دوندگان یعنی موسوفی که ذکر نشده چیه؟ اسب‌های دونده‌ست. یعنی قسم به اسب‌های دونده که در حالت دویدنشون همهمه شون داره به گوش می‌رسه. خصوص اسب این ضبحو به طور ویژه داره. اگه مستندی چیزی دیده باشید که گله ای اسب داره میدوه، یه تعداد زیادی اسب میدوه و خوب صدا برداری شده باشه، صدای همهمه و نفس نفس اسب رو که داره با تمام سرعت میدوه و قلبش محکم میزنه، نفسش با صدا میره میاد، اون شنیده میشه. "فالموریات قدحا" یه صحنه بعد از این نفس نفس به هنگام دویدن باز به یه نشانه دیگه اشاره میکنه. موریات جمع موریه. موریه اسم فاعل از ایراع. ایراع یعنی برف روختن. موریه یعنی برف روزنده. "فالموریات قدحا" یعنی برف روزندگان جرقه. قدح یعنی جرقه. گویا همون عادیات فالموریات شدن. یعنی اون دویدن اونقدر شدت داره که داره از نوع دویدن اون‌ها جرقه از سنگ‌ها بلند میشه. این نعل‌ها، اسب‌ها نعل خوردن نعل‌ها تازه است، میخوره به این سنگ‌ها، جرقه ها بلند میشه "والعادیات ضبحا، فالموریات قدحا، فالمغيرات". مغيرات اسم جمع اسم در واقع جمع مغيره. مغيره اسم فاعله از إغارة. إغارة یعنی یورش بردن. فالمغيرات یعنی یورش برندگان، یورش برندگان. فالمغيرات کی؟ صبحا. به هنگام صبح. "والعادیات ضبحا، فالموریات قدحا، فالمغيرات صبحا". ببنید این دو تا با فا به عادیات عطف شدن. فا، فا. یعنی مراحل بعد از دویدن رو خدا میخواد بگه. این دویدن اون بستر کاره. این دویدن اونقدر شدیده که از برخورد سم این اسب‌های دونده جرقه بلند میشه. اونقدر شدیده که صدای همهمه ب
… (truncated; see saved file for full transcript)

============================================================
SUMMARY
============================================================
Input file      : 043_آموزش تدبر در سوره عادیات فایل۴۳ از سطح۱ سال۱۳۹۸ - علی.mp3
Provider        : ElevenLabs Scribe (scribe_v2)
Audio duration  : 55:25 (3324.96 s)
Requests        : 1
Billed duration : 3325 s (rounded up to nearest second)
Rate            : $0.22 / audio hour
Estimated cost  : $0.203192 USD
Transcript saved: Audios/Tadabor_Sobohi/Manaee/Term1/043/043_آموزش تدبر در سوره عادیات فایل۴۳ از سطح۱ سال۱۳۹۸ - علی.txt
============================================================
[043] OK

=== [044] Fri Aug 28 01:06:34 PDT 2026 ===
  input: Audios/Tadabor_Sobohi/Manaee/Term1/044/044_آموزش تدبر در سوره قارعه فایل۴۴ از سطح۱ سال۱۳۹۸ - علی.mp3
Provider: ElevenLabs Scribe (scribe_v2)
Progress file (updated after each chunk): Audios/Tadabor_Sobohi/Manaee/Term1/044/044_آموزش تدبر در سوره قارعه فایل۴۴ از سطح۱ سال۱۳۹۸ - علی.partial.txt
  preparing audio (044_آموزش تدبر در سوره قارعه فایل۴۴ از سطح۱ سال۱۳۹۸ - علی.mp3)...
  45:02 → 1 request(s)
  progress file: Audios/Tadabor_Sobohi/Manaee/Term1/044/044_آموزش تدبر در سوره قارعه فایل۴۴ از سطح۱ سال۱۳۹۸ - علی.partial.txt
  [1/1] 0:00–45:02 (15830 KB)...
      → 23810 chars: اعوذ بالله من الشيطان الرجيم. بسم الله الرحمن الرحيم. یک یادآوری هم بکنم لطفا کتاب‌ها خونده بشن. خیلی از مطالب رو شما با خوندن کتاب براتون جا خواهد افتاد. کلاس یک بخشی از فرایند آم…

============================================================
TRANSCRIPTION (preview)
============================================================
اعوذ بالله من الشيطان الرجيم. بسم الله الرحمن الرحيم. یک یادآوری هم بکنم لطفا کتاب‌ها خونده بشن. خیلی از مطالب رو شما با خوندن کتاب براتون جا خواهد افتاد. کلاس یک بخشی از فرایند آموزشه. اول پیش مطالعه‌ایست که انجام میدید بعد کلاسه بعد کتابه و اگر برسید بعدش مباحثه است. این فرایند چهار قدمه اگر شما کاملش بکنید خیلی آموزش فرق می‌کنه. تا وقتی که فقط می‌خواید تو کلاس بشنوید حتما اینو رعایت بکنید. اما سوره مبارکه قارعه. بسم الله الرحمن الرحيم. القارعه کوبنده. قرع، قرع یعنی کوبیدن. قارعه اسم فاعله یعنی کوبنده. ما القارعه. چیست کوبنده؟ وما ادراک ما القارعه. و چه چیز تو را آگاه کرد که چیست کوبنده؟ گفتیم این سؤال هم ما القارعه هم ما ادراک ما القارعه هر دو تا برای نشان دادن عظمت قارعه است. قارعه چیست؟ چه چیز آگاه کرد تو را که چیست قارعه؟ این می‌خواد بیشتر به عظمت قارعه توجه کنید. يوم يكون الناس کالفراش المبثوث. قارعه در روزی اتفاق میفته که مردم، الناس یعنی مردم هستند، يكون هستند کالفراش، کالفراش مانند پروانه‌ها. المبثوث پروانه‌هایی که پراکنده شده‌اند. روزی که مردم مانند پروانه‌های پراکنده شده هستند. وتكون الجبال کالعهن المنفوش. و کوه‌ها هستند مانند پشم حلاجی شده. پشم عهن پشمه. منفوش حلاجی شده. کالعهن المنفوش. فأما من ثقلت موازينه. اما اون کسی که سنگین است موازین او. فهو في عيشة راضية. پس او در یک زندگی رضایت بخشی است. یک زندگی با رضایتی است. وأما من خفت موازينه کسی که موازین او خفیف و سبک است. فأمه هاوية. پس أم یعنی مادر، مادر او هاویه است. هاویه منظور پرتگاه جهنمه. أمه هاویه یعنی پرتگاه جهنم مثل مادر او را در آغوش می‌گیره. بعضیا هم گفتن أم از نظر لغت یعنی محل برگشت. برگشت او به اون پرتگاه جهنمه. وما ادراک ما هیه. و چه چیز تو را آگاه کرد که ما هیه. هیه به چی بر می‌گرده؟ هاویه. یعنی هاویه چیه؟ چه چیز تو را آگاه کرد که هاویه چیست؟ خودش به این سؤال جواب میده. نار حامية. یعنی هاویه آتشی است سوزاننده. اگر از شما سؤال کنم بگم مهم‌ترین واژه‌ای که توی این سوره باید خوب بفهمیمش کدامه، میگید کدامه؟ روشن، موازین. ما اگر موازین رو خوب فهمیدیم و ثقیل بودن و خفیف بودن موازین رو تونستیم خوب درک بکنیم، دیگه فهم بقیه سوره آسان میشه. موازین جمع چیه؟ [پچ،پچ] میزان یا موزون. جمع کدومه؟ میزان میز
… (truncated; see saved file for full transcript)

============================================================
SUMMARY
============================================================
Input file      : 044_آموزش تدبر در سوره قارعه فایل۴۴ از سطح۱ سال۱۳۹۸ - علی.mp3
Provider        : ElevenLabs Scribe (scribe_v2)
Audio duration  : 45:02 (2701.58 s)
Requests        : 1
Billed duration : 2702 s (rounded up to nearest second)
Rate            : $0.22 / audio hour
Estimated cost  : $0.165097 USD
Transcript saved: Audios/Tadabor_Sobohi/Manaee/Term1/044/044_آموزش تدبر در سوره قارعه فایل۴۴ از سطح۱ سال۱۳۹۸ - علی.txt
============================================================
[044] OK

=== [045] Fri Aug 28 01:08:07 PDT 2026 ===
  input: Audios/Tadabor_Sobohi/Manaee/Term1/045/045_آموزش تدبر در سوره تکاثر فایل۴۵ از سطح۱ سال۱۳۹۸ - علی.mp3
Provider: ElevenLabs Scribe (scribe_v2)
Progress file (updated after each chunk): Audios/Tadabor_Sobohi/Manaee/Term1/045/045_آموزش تدبر در سوره تکاثر فایل۴۵ از سطح۱ سال۱۳۹۸ - علی.partial.txt
  preparing audio (045_آموزش تدبر در سوره تکاثر فایل۴۵ از سطح۱ سال۱۳۹۸ - علی.mp3)...
  31:37 → 1 request(s)
  progress file: Audios/Tadabor_Sobohi/Manaee/Term1/045/045_آموزش تدبر در سوره تکاثر فایل۴۵ از سطح۱ سال۱۳۹۸ - علی.partial.txt
  [1/1] 0:00–31:37 (11113 KB)...
      → 16349 chars: سوره مبارکه تکاثر بسم الله الرحمن الرحیم. أَلْهَاكُمُ التَّكَاثُرُ. تکاثر. أَلْهَا يُلْهِي إِلْهَاء. إِلْهَاء یعنی به لهو انداختن. أَلْهَاكُمُ یعنی به لهو انداخت شما را. لهو یعنی چ…

============================================================
TRANSCRIPTION (preview)
============================================================
سوره مبارکه تکاثر بسم الله الرحمن الرحیم. أَلْهَاكُمُ التَّكَاثُرُ. تکاثر. أَلْهَا يُلْهِي إِلْهَاء. إِلْهَاء یعنی به لهو انداختن. أَلْهَاكُمُ یعنی به لهو انداخت شما را. لهو یعنی چی؟ سرگرمی. سرگرمتون کرد. چه چیز سرگرمتون کرد؟ التَّكَاثُرُ. تکاثر یعنی زیاده خواهی، زیاده خواهی سرگرمتون کرد. فزون نمایی، فزون خواهی سرگرمتون کرد. سرگرم کردن وقتی ذکر میشه مثلاً شما باید به یه امر دیگه‌ای مشغول باشی، یه سرگرمی برات درست می‌کنند. سرگرم شدن به یه چیز یعنی میای به یه چیز فرعی، به یه مسئله بی‌ارزشی مشغول میشی، یه امر مهمی میمونه. این میشه سرگرمتون کرد. تکاثر سرگرمتون کرد. باعث شد به آنچه که باید می‌پرداختید بگید [مکث]نپرداختید. به آنچه باید توجه می‌کردید، توجه نکردید. مشغول جمع کردن شدید. مشغول فزون نمایی و فزون خواهی شدید. از آنچه که باید غافل شدید. از خدا، از قیامت، از ارزش‌ها، از لزوم قیام بر، بر پای قسط و عدل. أَلْهَاكُمُ التَّكَاثُرُ. تا چه حدی؟ حَتَّى زُرْتُمُ الْمَقَابِرَ تا اون حدی که مقابر را یعنی مقبره ها را زیارت کردید. یعنی چی مقبره ها را زیارت کردید؟ یعنی مقبره ها را هم متکثرانه زیارت کردید. یعنی تو قبرستون هم دست از بگید [مکث]فزون نمایی و زیاده طلبی بر نداشتید. من میخوام بگم این آیه میگه هرچه بگندد بگید نمکش میزنند. وای به روزی که بگندد نمک. دیگه هر جور زیاده خواهی را بخواهیم درمان کنیم میگیم آقا یاد قبر و قبرستون بیوفت. دیگه قبر و قبرستون درمان زیاده خواهیه. که آدم وقتی میره تو قبرستون بفهمه که بابا این دنیا ارزش جمع کردن و دست و پا زدن و حرص خوردن و حرص زدن و اینا را بگید نداره. اونجا دیگه بفهمه. میگه ببین آخرش اینها این یه وجب دیگه قبره دیگه. آدم می‌خوابونن اینجا. ببین اینا مردن اوه. اما شما تو قبرستون هم میری هنوز دست از این کارتون برنمیدارین. تکاثر تو قبرستوناتون کشیده شد. [مکث]میگه ببین از اینجا تا اونجا اینا همه قبر فامیل‌های ماست. بعد از دلش کیف میکنه. [صدای خنده] خوش به حالت. این همه ماشالله شما فامیل داشتی. خیلی خوبه [خنده]. بعد میگه که آقا دیگه حالا شماها میدونید دیگه تو دوره زمونه دارید زندگی می‌کنید دیگه. تو قبرستونا چه خبر شده؟ [مکث]همون جاها هم [مکث]خدا رحمتش کنه. وصیت کرده بود اینجا دفنش کنیم. لامصب اینجا قبر دونه‌ای چنده؟ سیصد، چهارصد، پونصد، هزا
… (truncated; see saved file for full transcript)

============================================================
SUMMARY
============================================================
Input file      : 045_آموزش تدبر در سوره تکاثر فایل۴۵ از سطح۱ سال۱۳۹۸ - علی.mp3
Provider        : ElevenLabs Scribe (scribe_v2)
Audio duration  : 31:37 (1896.59 s)
Requests        : 1
Billed duration : 1897 s (rounded up to nearest second)
Rate            : $0.22 / audio hour
Estimated cost  : $0.115903 USD
Transcript saved: Audios/Tadabor_Sobohi/Manaee/Term1/045/045_آموزش تدبر در سوره تکاثر فایل۴۵ از سطح۱ سال۱۳۹۸ - علی.txt
============================================================
[045] OK

=== [046] Fri Aug 28 01:09:07 PDT 2026 ===
  input: Audios/Tadabor_Sobohi/Manaee/Term1/046/046_آموزش تدبر در سوره عصر فایل۴۶ از سطح۱ سال۱۳۹۸ - علی.mp3
Provider: ElevenLabs Scribe (scribe_v2)
Progress file (updated after each chunk): Audios/Tadabor_Sobohi/Manaee/Term1/046/046_آموزش تدبر در سوره عصر فایل۴۶ از سطح۱ سال۱۳۹۸ - علی.partial.txt
  preparing audio (046_آموزش تدبر در سوره عصر فایل۴۶ از سطح۱ سال۱۳۹۸ - علی.mp3)...
  9:50 → 1 request(s)
  progress file: Audios/Tadabor_Sobohi/Manaee/Term1/046/046_آموزش تدبر در سوره عصر فایل۴۶ از سطح۱ سال۱۳۹۸ - علی.partial.txt
  [1/1] 0:00–9:50 (3457 KB)...
      → 5599 chars: سوره مبارکه عصر. بسم الله الرحمن الرحیم. [صدای محیط] والعصر إن الإنسان لفي خسر قسم به عصر یعنی چی؟ زمان که انسان در خسره. خسر یعنی چی؟ زیان زیان. چه جور زیانی؟ زیان سرمایه زیان در …

============================================================
TRANSCRIPTION (preview)
============================================================
سوره مبارکه عصر. بسم الله الرحمن الرحیم. [صدای محیط] والعصر إن الإنسان لفي خسر قسم به عصر یعنی چی؟ زمان که انسان در خسره. خسر یعنی چی؟ زیان زیان. چه جور زیانی؟ زیان سرمایه زیان در سرمایه. زیان در سود نیست. زیان در سرمایه‌ست. اصل سرمایه که از بین میره میشه خسر. چه ربطی بین این سوگند و جوابشه؟ زمان سرمایه زمانه دیگه. سرمایه ما عمر ماست. قسم به زمان که انسان در خسرانه. یعنی همینطور که داره ثانیه‌ها می‌گذره شما داری چی از دست میدی؟ عمر و زمانو داری از دست میدی. عمر و زمان چیه؟ سرمایته. تمام دارایی یک انسان همین زمانیست که داره. همین فرصتی‌ست که به او دادن. حالا ببین ثانیه‌ها چقد ارزش داره. دقیقه‌ها چقد ارزش داره. والعصر إن الإنسان لفي خسر. اصلاً این یه قاعده گریزناپذیره. الا یه راهی. یعنی زمان مگر زمان وایسه تا وقتی زمان در حرکت است سرمایه در حال بگید [مکث] از بین رفتن است. این یه چیزی نیست که شما بتونی جلوشو بگیری. نه میشه زمانو وایسوند، نه میشه که زمان بگذره فرصت تو کم نشه. زمان می‌گذره، فرصت تو هم کم میشه. این یک مسئله قهریه. هرکی همین الان با خودش حساب کنه چند سالشه [مکث]. من همین الان با خودم حساب می‌کنم چهل سالمه. یعنی چهل سال گذشت [مکث]. چهل سال رفت. چقد مونده؟ نمی‌دونم. مونده ده سال. مونده بیست سال. مونده یه سال. مونده یه ماه، یه روز، یه ساعت. نمی‌دونم [مکث]. خیلی رفت. والعصر إن الإنسان لفي خسر انسان تو خسرانه. بخواد نخواد همینه. فقط یه راه نجات وجود داره. الا. این الا راه نجاته. إلا الذين آمنوا وعملوا الصالحات. اونی که ایمان آورد و به برنامه‌های شایسته عمل کرد که قبلاً گفتم در سوره قاشیه برنامه شایسته یعنی چی؟ ایمان آورد و به برنامه‌های شایسته عمل کرد. این خسارت نمی‌کنه. می‌دونید چرا؟ چون عمره، عمری که از او رفته در راه ایمان و عمل صالح چیزی بهتر از اون به جاش بگید قرار گرفته. اون چیه؟ اون رضای پروردگاره که زندگی ابدی توام با سعادت رو به دنبال داشته. پس این خسارت نشد. اگر با ایمان رفت، اگر با عمل صالح رفت خسارت نیست [مکث]. بلکه اتفاقاً نهایت انتفاع و سوده. چون یه عمری میره که مربوط به این دنیاست. به جاش یک ابدیت سعادت و نجات در انتظار انسانه. خب چی خ-چی بهتر از این؟ عالیه که. این که خسارت نیست . بعد یه چیزی رو به این عمل صالحات عطف می‌کنه. یعنی گویا تو عمل به ب
… (truncated; see saved file for full transcript)

============================================================
SUMMARY
============================================================
Input file      : 046_آموزش تدبر در سوره عصر فایل۴۶ از سطح۱ سال۱۳۹۸ - علی.mp3
Provider        : ElevenLabs Scribe (scribe_v2)
Audio duration  : 9:50 (589.93 s)
Requests        : 1
Billed duration : 590 s (rounded up to nearest second)
Rate            : $0.22 / audio hour
Estimated cost  : $0.036051 USD
Transcript saved: Audios/Tadabor_Sobohi/Manaee/Term1/046/046_آموزش تدبر در سوره عصر فایل۴۶ از سطح۱ سال۱۳۹۸ - علی.txt
============================================================
[046] OK

=== [048] Fri Aug 28 01:09:35 PDT 2026 ===
  input: Audios/Tadabor_Sobohi/Manaee/Term1/048/048_آموزش تدبر در سوره فیل فایل۴۸ از سطح۱ سال۱۳۹۸ - علی.mp3
Provider: ElevenLabs Scribe (scribe_v2)
Progress file (updated after each chunk): Audios/Tadabor_Sobohi/Manaee/Term1/048/048_آموزش تدبر در سوره فیل فایل۴۸ از سطح۱ سال۱۳۹۸ - علی.partial.txt
  preparing audio (048_آموزش تدبر در سوره فیل فایل۴۸ از سطح۱ سال۱۳۹۸ - علی.mp3)...
  32:45 → 1 request(s)
  progress file: Audios/Tadabor_Sobohi/Manaee/Term1/048/048_آموزش تدبر در سوره فیل فایل۴۸ از سطح۱ سال۱۳۹۸ - علی.partial.txt
  [1/1] 0:00–32:45 (11513 KB)...
      → 18902 chars: اما سوره مبارکه فیل. این سوره هم یک سوره کوتاه و گویاییه در انتقال مقصود خودش. بسم الله الرحمن الرحیم. "أَلَمْ تَرَ كَيْفَ فَعَلَ رَبُّكَ بِأَصْحَابِ الْفِيلِ". آیا ندیدی؟ این آیا …

============================================================
TRANSCRIPTION (preview)
============================================================
اما سوره مبارکه فیل. این سوره هم یک سوره کوتاه و گویاییه در انتقال مقصود خودش. بسم الله الرحمن الرحیم. "أَلَمْ تَرَ كَيْفَ فَعَلَ رَبُّكَ بِأَصْحَابِ الْفِيلِ". آیا ندیدی؟ این آیا ندیدی یا "أَلَمْ تَرَ" یه اسلوبه که میخواد توجه بده؛ یعنی توجه کن به این ماجرا. و الا مخاطب این سوره که در وهله اول کیه مخاطب؟ پیغمبر گرامی اسلامه. اصلاً اون موقعی که اصحاب فیل ماجراش اتفاق افتاد حضرت در موقعیت دیدن نبودن که. "أَلَمْ تَرَ" آیا ندیدی؟ "كَيْفَ فَعَلَ رَبُّكَ" چگونه رفتار کرد پروردگار تو با کی؟ با اصحاب فیل. با اون کسانی که هم‌نشینان فیل بودند. منظور از اصحاب فیل همون فیل سوارانه، همون کسانی که فیل سوار بودند. حالا خود سوره معرفیشون میکنه. "أَلَمْ يَجْعَلْ كَيْدَهُمْ فِي تَضْلِيلٍ". آیا پروردگار "كَيْدَ آنان" را، پس معلوم شد اصحاب فیل چی داشتن؟ کیدی داشتن، نقشه‌ای داشتن، مکر و حیله‌ای در کار داشتن. با فیل آمده بودند یه نقشه‌ای را پیاده کنن. آیا خدا "كَيْدَ آنان" را "فِي تَضْلِيلِ". "تَضْلِيلِ" از ضلالته؛ یعنی گمراهی. آیا نقشه‌شون رو گمراه نکرد؟ در گمراهی قرار نداد؟ یعنی چی؟ یعنی بی‌نتیجه گذاشتن. آیا حیله اون‌ها، نقشه‌ی اون‌ها را بی‌نتیجه قرار نداد؟ به انحراف نکشید، به بیراهه نکشید، به صبر نرسید، به مقصد نرسیدند. سؤال میکنه "أَلَمْ يَجْعَلْ كَيْدَهُمْ فِي تَضْلِيلٍ". حالا برای من مخاطب سؤال میشه چطور کید اون‌ها را در تضلیل قرار داد؟ می‌فرماید "وَأَرْسَلَ عَلَيْهِمْ طَيْرًا أَبَابِيلَ". خداوند فرستاد بر آنان "طَيْرًا" پرندگانی را "أَبَابِيلَ" یعنی گروه گروه، فوج فوج، موج موج پرندگانی رو بر اون‌ها فرستاد و "وَأَرْسَلَ عَلَيْهِمْ طَيْرًا أَبَابِيلَ". "تَرْمِيهِمْ" که اون "طَيْرَ"، اون پرندگان "تَرْمِي" یعنی چی؟ رمى کردن، زدن، "تَرْمِيهِمْ" رمى کردن، پرتاب کردن به سوی آنان. آنان کی‌ان؟ اصحاب فیل. رمى کردن، پرت کردن به سوی آنان چه چیزی را؟ "بِحِجَارَةٍ" سنگ‌هایی را "مِن سِجِّيلٍ" از جنس سجيل. سجيل هم یعنی؟ سجيل میگن معربه؛ یعنی کلمه معربه از فارسی رفته به عربی. فارسیش؟ سنگ‌گله، سنگ‌گل معرب شده. سنجدل بعد به د تغییر کرده بافتش و ساختش شده سجيل. سجيل یعنی کلوخ. یعنی گل، یه تیکه گلی که توش سنگ‌ریزه‌هایی شما پیدا میکنی. کلوخی که اِاِه فشرده شده سنگ و گل با همدیگه است. با کلوخ، با سجيل 
… (truncated; see saved file for full transcript)

============================================================
SUMMARY
============================================================
Input file      : 048_آموزش تدبر در سوره فیل فایل۴۸ از سطح۱ سال۱۳۹۸ - علی.mp3
Provider        : ElevenLabs Scribe (scribe_v2)
Audio duration  : 32:45 (1964.81 s)
Requests        : 1
Billed duration : 1965 s (rounded up to nearest second)
Rate            : $0.22 / audio hour
Estimated cost  : $0.120072 USD
Transcript saved: Audios/Tadabor_Sobohi/Manaee/Term1/048/048_آموزش تدبر در سوره فیل فایل۴۸ از سطح۱ سال۱۳۹۸ - علی.txt
============================================================
[048] OK

=== [049] Fri Aug 28 01:10:34 PDT 2026 ===
  input: Audios/Tadabor_Sobohi/Manaee/Term1/049/049_آموزش تدبر در سوره قریش فایل۴۹ از سطح۱ سال۱۳۹۸ - علی.mp3
Provider: ElevenLabs Scribe (scribe_v2)
Progress file (updated after each chunk): Audios/Tadabor_Sobohi/Manaee/Term1/049/049_آموزش تدبر در سوره قریش فایل۴۹ از سطح۱ سال۱۳۹۸ - علی.partial.txt
  preparing audio (049_آموزش تدبر در سوره قریش فایل۴۹ از سطح۱ سال۱۳۹۸ - علی.mp3)...
  36:05 → 1 request(s)
  progress file: Audios/Tadabor_Sobohi/Manaee/Term1/049/049_آموزش تدبر در سوره قریش فایل۴۹ از سطح۱ سال۱۳۹۸ - علی.partial.txt
  [1/1] 0:00–36:05 (12688 KB)...
      → 21076 chars: بسم الله الرحمن الرحیم. [نفس عمیق] لایلاف قریش. به خاطر الفت دادن. ایلاف باب افعال اعلاف در واقع شده ایلاف. از الفت، الفت دادن. به خاطر الفت دادن قریش. تو ذهن ما سؤال میشه الفت داد…

============================================================
TRANSCRIPTION (preview)
============================================================
بسم الله الرحمن الرحیم. [نفس عمیق] لایلاف قریش. به خاطر الفت دادن. ایلاف باب افعال اعلاف در واقع شده ایلاف. از الفت، الفت دادن. به خاطر الفت دادن قریش. تو ذهن ما سؤال میشه الفت دادن قریش با چی؟ میگه ایلافهم الفت دادن آنان با رحلت الشتاء والصيف. با رحله، رحله یعنی سفر. الف- الفت دادنشون با سفر زمستان و تابستان. به خاطر الفت دادن قریش. خدایا با چی؟ الفت دادن قریش با سفر زمستان و تابستان. خب حالا خدایا به خاطر الفت دادن قریش با سفر زمستان و تابستان چی؟ حالا به خاطر این چی؟ چی توقع ازشون داری؟ فلیعبدوا رب هذا البيت. به خاطر همین الفت دادن، الفت دادن قریش با سفر زمستان و تابستان پس باید بپرستند رب هذا البيت. پروردگار این بگید [مکث] خانه را. باید بپرستند پروردگار این خانه را. الذي این پروردگار این خانه کسی است که الذي کسی است که اطعمهم من جوع. آنان را طعام داد، از گرسنگی نجاتشون داد و آمنهم من خوف و امنیتشون داد و از ترس چه کرد؟ رهاشون کرد. به خاطر همین نعمت اطعمهم من جوع و آمنهم من خوف باید پروردگار این خانه را بپرستند. خب چیه مطلب؟ ماجرا از چه قراره؟ [نفس عمیق] ببینید قریش به مردمی گفته میشه که گرد یک محوری اجتماع کردن. اصلاً لغت قریش یعنی این. دقت کنید. درسته که قریش اسم یه قبیله‌ست اما چرا به این قبیله میگن قریش؟ چون اینا کسانی‌اند که گرد خانه خدا چه کردند؟ اجتماع کردند، جمع شدند گرد خانه خدا. اصلاً پایه‌گذاری این شهر مکه و شکل‌گیری قبیله‌ای به نام قریش از اون وقتی بود که ابراهیم علیه‌السلام، اسماعیل علیه‌السلام و هاجر سلام الله علیها رو برد در اونجا، در اون سرزمین بی‌آب و علف که خانه خدا اونجا بود رهاشون کرد. اینا اونجا بیار و بیاور و بی‌کس، تشنه، گرسنه که ماجرای سعی صفا و مروه، همون حرکت حضرت هاجر دنبال آب برای اسماعیل و آب پیدا نکرد و ناامید که شد دید بله از زیر پای اسماعیلش آب جوشید. آب چی بود؟ زمزم بود که اون زمزم آبی بود، شاهی بود، اونجا درست شد. پرنده‌ها جمع شدند از دور کاروان‌ها دیدن گفتن اِه اینجا آب هست. آمدند دیدند بله آب هست و اسماعیل هست و هاجری هست و خانه خدا که بازسازی باید میشد بعداً. [نفس عمیق] اونجا یک اجتماعی شکل گرفت. این شد قریش. قریش اون مردمی هستن اصالتاً که جمع شدن دور این محور. تا اینکه کار به اونجا رسید که ابراهیم علیه‌السلام آمد با اسماعیل ع
… (truncated; see saved file for full transcript)

============================================================
SUMMARY
============================================================
Input file      : 049_آموزش تدبر در سوره قریش فایل۴۹ از سطح۱ سال۱۳۹۸ - علی.mp3
Provider        : ElevenLabs Scribe (scribe_v2)
Audio duration  : 36:05 (2165.33 s)
Requests        : 1
Billed duration : 2166 s (rounded up to nearest second)
Rate            : $0.22 / audio hour
Estimated cost  : $0.132326 USD
Transcript saved: Audios/Tadabor_Sobohi/Manaee/Term1/049/049_آموزش تدبر در سوره قریش فایل۴۹ از سطح۱ سال۱۳۹۸ - علی.txt
============================================================
[049] OK

=== [050] Fri Aug 28 01:11:43 PDT 2026 ===
  input: Audios/Tadabor_Sobohi/Manaee/Term1/050/050_آموزش تدبر در سوره ماعون فایل۵۰ از سطح۱ سال۱۳۹۸ - علی.mp3
Provider: ElevenLabs Scribe (scribe_v2)
Progress file (updated after each chunk): Audios/Tadabor_Sobohi/Manaee/Term1/050/050_آموزش تدبر در سوره ماعون فایل۵۰ از سطح۱ سال۱۳۹۸ - علی.partial.txt
  preparing audio (050_آموزش تدبر در سوره ماعون فایل۵۰ از سطح۱ سال۱۳۹۸ - علی.mp3)...
  37:33 → 1 request(s)
  progress file: Audios/Tadabor_Sobohi/Manaee/Term1/050/050_آموزش تدبر در سوره ماعون فایل۵۰ از سطح۱ سال۱۳۹۸ - علی.partial.txt
  [1/1] 0:00–37:33 (13200 KB)...
      → 20855 chars: اعوذ بالله من الشيطان الرجيم. بسم الله الرحمن الرحيم [سرفه]. سوره مبارکه ماعون. بسم الله الرحمن الرحيم. ارايت الذي يكذب بالدين. آيا ديدي ارايت؟ آيا دیدی الذي کسی را که يكذب بالدين …

============================================================
TRANSCRIPTION (preview)
============================================================
اعوذ بالله من الشيطان الرجيم. بسم الله الرحمن الرحيم [سرفه]. سوره مبارکه ماعون. بسم الله الرحمن الرحيم. ارايت الذي يكذب بالدين. آيا ديدي ارايت؟ آيا دیدی الذي کسی را که يكذب بالدين تكذيب می‌کند دين را؟ این سؤال از پیامبر گرامی اسلام پرسیده میشود. در وهله اول خدا از آن حضرت سؤال میپرسد آیا دیدی آن کسی را که تکذیب می‌کند دين را؟ ارايت مثل الم تر یک سبک توجه دادن است. یعنی توجه کردی؟ مد نظرت قرار گرفت؟ توجهت جلب شد به آن کسی که دين را تکذیب می‌کند؟ گویا اینجا برای پیامبر گرامی اسلام سؤال شده باشه خدایا کیو میگی؟ کی منظورته؟ چون اگر منظور خدا از ارا-- الذي يكذب بالدين کسی باشد که وایساده میگه آقا دين دروغه. دينو ما قبول نداریم. پیغمبر دروغ میگه. قرآن دروغه. این دیگه ارايت گفتنش چیه؟ گویا سؤال شده باشد که کی منظورته؟ آیه بعد جواب میده. فذلك الذي يدع اليتيم. پس او همان کسی است که يتيم را يدع. یعنی چی؟ دع یعنی چی؟ راندن با قهر و غضب. يدع اليتيم. يتيم را با قهر از خودش میراند. برو آقا پیکارت. برو ببینم پیکارت. وایسا اینجا. برو. يدع اليتيم. ولا يحض على طعام المسكين. و ترغیب نمی‌کند. نمیگه چه کسی را. وقتی نمیگه چه کسی را یعنی هیچکسو ترغیب نمی‌کند. خواه دیگران، خواه خودش. اصلاً براش مهم نیست. ولا يحض على طعام المسكين. ترغیب نمی‌کند بر غذای مسکین، بر غذای فقیر، غذای انسان گرفتار مسکنت خاک افتاده براش مهم نیست. پس این آیات خیلی روشن. یه سؤال دو تا جواب. سؤال اینه: میخواد بگه مکذب دين را دیدی؟ توجه میخواد بده به مکذب دين. در جواب دو تا شاخص برای تکذیب دين بیان میکنه. شاخص اول راندن يتيم. شاخص دوم بی‌مسئولیتی در قبال غذای مسکین. گویا از نظر قرآن این دو تا را که کسی داشته باشد مکذب دين است. [مکث] حالا هزاری که به زبان ادعا کند که من دين را چی؟ قبول دارم. ادعای دين یا قبول داشتن دين یه جنبه‌اش زبانه جنبه دومش عمله. عملت چی میگه؟ میگه اگر کسی يتيم را میراند و نسبت به غذای فقیر بی‌تفاوت است، بی‌مسئولیت است، این دين را قبول ندارد. [مکث] بعد آیه بعدی می‌فرماید: فويل للمصلين. پس وای بر نمازگزاران. وای بر نمازگزاران. این آیه دیگه صراحتاً داره مشخص میکنه که مکذب دين مورد نظر این سوره اتفاقاً از نمازگزاران هم هست. این نمازگذاره ولی مکذب دينه. چطور نمازگزاریه که مکذب دينه؟ خب عملش نشون میده د
… (truncated; see saved file for full transcript)

============================================================
SUMMARY
============================================================
Input file      : 050_آموزش تدبر در سوره ماعون فایل۵۰ از سطح۱ سال۱۳۹۸ - علی.mp3
Provider        : ElevenLabs Scribe (scribe_v2)
Audio duration  : 37:33 (2252.81 s)
Requests        : 1
Billed duration : 2253 s (rounded up to nearest second)
Rate            : $0.22 / audio hour
Estimated cost  : $0.137672 USD
Transcript saved: Audios/Tadabor_Sobohi/Manaee/Term1/050/050_آموزش تدبر در سوره ماعون فایل۵۰ از سطح۱ سال۱۳۹۸ - علی.txt
============================================================
[050] OK

=== [051] Fri Aug 28 01:12:53 PDT 2026 ===
  input: Audios/Tadabor_Sobohi/Manaee/Term1/051/051_آموزش تدبر در سوره کوثر فایل۵۱ از سطح۱ سال۱۳۹۸ - علی.mp3
Provider: ElevenLabs Scribe (scribe_v2)
Progress file (updated after each chunk): Audios/Tadabor_Sobohi/Manaee/Term1/051/051_آموزش تدبر در سوره کوثر فایل۵۱ از سطح۱ سال۱۳۹۸ - علی.partial.txt
  preparing audio (051_آموزش تدبر در سوره کوثر فایل۵۱ از سطح۱ سال۱۳۹۸ - علی.mp3)...
  35:20 → 1 request(s)
  progress file: Audios/Tadabor_Sobohi/Manaee/Term1/051/051_آموزش تدبر در سوره کوثر فایل۵۱ از سطح۱ سال۱۳۹۸ - علی.partial.txt
  [1/1] 0:00–35:20 (12425 KB)...
      → 17752 chars: [موسیقی] أعوذ بالله من الشيطان الرجيم. بسم الله الرحمن الرحيم. الحمد لله رب العالمين وصلى الله على سيدنا ونبينا حبيب إله العالمين أبي القاسم المصطفى محمد. اللهم صل على محمد وآل. وع…

============================================================
TRANSCRIPTION (preview)
============================================================
[موسیقی] أعوذ بالله من الشيطان الرجيم. بسم الله الرحمن الرحيم. الحمد لله رب العالمين وصلى الله على سيدنا ونبينا حبيب إله العالمين أبي القاسم المصطفى محمد. اللهم صل على محمد وآل. وعلى آله الطيبين الطاهرين ولعنة الله على أعدائهم أجمعين من الآن إلى قيام يوم الدين. عرض سلام و ادب و احترام محضر خواهران و برادران گرامی. خدا رو شکر می‌کنیم که توفیق داریم در پیشگاه مقدس قرآن کریم حاضریم. آرزو می‌کنیم خدای بزرگ همه ما را اهل تدبر در قرآن و تمسک به آموزه‌های نورانی این کتاب شریف قرار بدهد. به برکت صلوات بر محمد و آل محمد. اللهم صل على محمد و آل محمد. اما رسیدیم به سوره مبارکه کوثر. أعوذ بالله من الشيطان الرجيم. بسم الله الرحمن الرحيم. إنا أعطيناك الكوثر فصل لربك وانحر إنا شانئك هو الأبتر. این سوره در قرآن کریم، بله. این سوره در قرآن کریم کوتاه‌ترین سوره از نظر حجم به حساب میاد. در واقع فقط از چند کلمه مختصر تشکیل شده. سه آیه کوتاه ولی معنایی که سوره میخواد منتقل بکنه معنای بسیار بلندیه. میخوام بحث سوره رو با آیه سوم آغاز کنم. إنا شانئك هو الأبتر. شانئ از شَنَع میاد. تو قرآن کلمه هم خانوادش شَنَآن. شَنَآن، شَنَع، شانئ. شانئ یعنی بدخواه. دشمن بدخواه. شانئك یعنی دشمن بدخواه تو. خطاب هم که معلومه به کیه. پیغمبر گرامی اسلام. همانا دشمن بدخواه تو ای پیغمبر هو الأبتر. ببینید یه بار میگه همانا دشمن بدخواه تو أبتر. إنا شانئك أبتر. شانئ تو دشمن بدخواه تو أبتر است. یه بار میگه هو الأبتر یعنی خودش أبتر است، خودش أبتر است. این خودش أبتر است، این حسره دیگه. این یه نوع حسره. یعنی اگه قرار باشه یکی أبتر باشه اونه که أبتره نه تو. حسره. این خودش أبتر است می فهمونه که این دشمن بدخواه قبل از اینکه خدا این جواب را به او بدهد، او بوده که پیغمبر را چه می‌خوانده؟ أبتر می‌خوانده. و الا اینکه گفته بشه هو الأبتر خودش أبتر است، این دیگه به جا نبود. خوب دقت کردید از این حسره هو الأبتر ما می‌فهمیم که این شانئ، این بدخواه، این دشمن پیغمبر گرامی اسلام را أبتر می‌خوانده که این سوره آمده در جواب او می‌خواد مطلبی رو مطرح بکنه. می‌خواد اون ادعا را که او می‌گفت پیغمبر أبتر است، می‌خواد این ادعا را رد بکنه. حالا أبتر یعنی چه؟ أبتر یعنی بی‌عاقبت. میگه مثلا فلان کار أبتر موند. یعنی به نتیجه نرسید. [مکث] یه چیزی که 
… (truncated; see saved file for full transcript)

============================================================
SUMMARY
============================================================
Input file      : 051_آموزش تدبر در سوره کوثر فایل۵۱ از سطح۱ سال۱۳۹۸ - علی.mp3
Provider        : ElevenLabs Scribe (scribe_v2)
Audio duration  : 35:20 (2120.47 s)
Requests        : 1
Billed duration : 2121 s (rounded up to nearest second)
Rate            : $0.22 / audio hour
Estimated cost  : $0.129584 USD
Transcript saved: Audios/Tadabor_Sobohi/Manaee/Term1/051/051_آموزش تدبر در سوره کوثر فایل۵۱ از سطح۱ سال۱۳۹۸ - علی.txt
============================================================
[051] OK

=== [052] Fri Aug 28 01:13:49 PDT 2026 ===
  input: Audios/Tadabor_Sobohi/Manaee/Term1/052/052_آموزش تدبر در سوره کافرون فایل۵۲ از سطح۱ سال۱۳۹۸ - علی.mp3
Provider: ElevenLabs Scribe (scribe_v2)
Progress file (updated after each chunk): Audios/Tadabor_Sobohi/Manaee/Term1/052/052_آموزش تدبر در سوره کافرون فایل۵۲ از سطح۱ سال۱۳۹۸ - علی.partial.txt
  preparing audio (052_آموزش تدبر در سوره کافرون فایل۵۲ از سطح۱ سال۱۳۹۸ - علی.mp3)...
  42:36 → 1 request(s)
  progress file: Audios/Tadabor_Sobohi/Manaee/Term1/052/052_آموزش تدبر در سوره کافرون فایل۵۲ از سطح۱ سال۱۳۹۸ - علی.partial.txt
  [1/1] 0:00–42:36 (14979 KB)...
      → 23415 chars: بسم الله الرحمن الرحیم. قل يا ايها الكافرون بگو ای کافران. لا اعبد ما تعبدون. نمی‌پرستم آنچه را می‌پرستید. ولا انتم عابدون ما اعبد و نیستید شما پرستشگران آنچه من می‌پرستم. دارم دقی…

============================================================
TRANSCRIPTION (preview)
============================================================
بسم الله الرحمن الرحیم. قل يا ايها الكافرون بگو ای کافران. لا اعبد ما تعبدون. نمی‌پرستم آنچه را می‌پرستید. ولا انتم عابدون ما اعبد و نیستید شما پرستشگران آنچه من می‌پرستم. دارم دقیق معنی می‌کنما. نمی‌پرستم، لا اعبد و مضارعه. نمی‌پرستم ما تعبدون آنچه را که می‌پرستید. ولا انتم عابدون. عابد صفته و شما پرستشگران آنچه من می‌پرستم بگید نیستید. ولا انا عابد ما عبدتم. همچنین من هم پرستشگر آنچه شما می‌پرستید. ما عبدتم نه ما تعبدون. اینجا چی بود؟ ما تعبدون اینجا چیه؟ عبدتم اینجا لا اعبد و اینجا لا انا عابد. ولا انا عابد ما عبدتم. ولا انتم عابدون ما اعبد. اینم تکرار همین بعد قبلیه است از نظر ظاهری و شما هم پرستشگران آنچه من می‌پرستم نیستید. لکم دینکم دین شما مال شما. ولی دین و برای منم دین خودم. دینی که اینجا میگه دینه یعنی دینی. یاش افتاده. برای منم دین خودم. دین شما مال خودتون، دین منم مال خودم. خب در این سوره خیلی مهمه که فضا رو خوب بفهمیم. اینکه میگه قل يا ايها الكافرون بگو ای کافران نشون میده کافران حرفی زدن که قراره جوابشون-- اِاِاِ فضای سوره رو باید خوب بشناسیم. کافران آمدن به پیغمبر اکرم ظاهرا پیشنهادی مطرح کردن، حرفی زدن با اون حضرت و حضرت می‌خواد در این سوره جواب اون‌ها را بده. اون پیشنهاد کافران چیه؟ از عبارت لا اعبد ما تعبدون میشه پیشنهاد کافران رو فهمید. بپرست آنچه را که ما می‌پرستیم. بپرست آنچه را که ما می‌پرستیم. خب این چه جور پیشنهادیه؟ آیا این پیشنهاد یعنی اینکه تو دست از پرستش خدای خودت بگید بردار و بیا آنچه را که ما می‌پرستیم بپرست. یعنی پیغمبر را می‌خوان از دین خودش باز دارند و به دین خودشون چه کنند؟ دعوت بکنند و یا نه این پیشنهاد، پیشنهاد نوعی سازشه. آقا تو بپرست آنچه را که ما می‌پرستیم. ما هم چی هستیم؟ خدای تو رو می‌پرستیم. خدای تو را؟ خدای تو را؟ می‌پرستیم. ما از قبل پرستشگر خدای تو بودیم. آآآه دقت کنید. ولا انتم عابدون ما اعبد. معلومه. ببینید اینا خوب دقت کنید چی میگن. کفار یک دعوت دارند، یک ادعا. دعوت چیه؟ بپرست. به پیغمبر، پیغمبر رو دعوت می‌کنند. بپرست آنچه را ما بگید می‌پرستیم. آنچه را ما می‌پرستیم تو هم بپرست. ادعا چیه؟ ما پرستشگران آنچه تو می‌پرستی بگید هستیم، هستیم. اصن تو مگه حرف جدیدی داری میزنی؟ آمدی وقت مل-ملتو گرفتی میگی خدا را بپرستید. خب ما
… (truncated; see saved file for full transcript)

============================================================
SUMMARY
============================================================
Input file      : 052_آموزش تدبر در سوره کافرون فایل۵۲ از سطح۱ سال۱۳۹۸ - علی.mp3
Provider        : ElevenLabs Scribe (scribe_v2)
Audio duration  : 42:36 (2556.36 s)
Requests        : 1
Billed duration : 2557 s (rounded up to nearest second)
Rate            : $0.22 / audio hour
Estimated cost  : $0.156222 USD
Transcript saved: Audios/Tadabor_Sobohi/Manaee/Term1/052/052_آموزش تدبر در سوره کافرون فایل۵۲ از سطح۱ سال۱۳۹۸ - علی.txt
============================================================
[052] OK

=== [053] Fri Aug 28 01:15:11 PDT 2026 ===
  input: Audios/Tadabor_Sobohi/Manaee/Term1/053/053_آموزش تدبر در سوره نصر فایل۵۳ از سطح۱ سال۱۳۹۸ - علی.mp3
Provider: ElevenLabs Scribe (scribe_v2)
Progress file (updated after each chunk): Audios/Tadabor_Sobohi/Manaee/Term1/053/053_آموزش تدبر در سوره نصر فایل۵۳ از سطح۱ سال۱۳۹۸ - علی.partial.txt
  preparing audio (053_آموزش تدبر در سوره نصر فایل۵۳ از سطح۱ سال۱۳۹۸ - علی.mp3)...
  30:07 → 1 request(s)
  progress file: Audios/Tadabor_Sobohi/Manaee/Term1/053/053_آموزش تدبر در سوره نصر فایل۵۳ از سطح۱ سال۱۳۹۸ - علی.partial.txt
  [1/1] 0:00–30:07 (10589 KB)...
      → 15975 chars: بسم الله الرحمن الرحیم. إذا جاء نصر الله والفتح. ورأيت الناس يدخلون في دين الله أفواجا. فسبح بحمد ربك واستغفره إنه كان توابا. این سوره مبارکه کلا یه جمله است. جمله شرطیه ایه که [مک…

============================================================
TRANSCRIPTION (preview)
============================================================
بسم الله الرحمن الرحیم. إذا جاء نصر الله والفتح. ورأيت الناس يدخلون في دين الله أفواجا. فسبح بحمد ربك واستغفره إنه كان توابا. این سوره مبارکه کلا یه جمله است. جمله شرطیه ایه که [مکث] شرطش دو تا، دو تا شرط داره اصطلاحا دو تا جمله شرط داره، یه جواب شرط که با هم میشه یه جمله مرکب شرط و جزا. شرطا چیه؟ یک، جاء نصر الله والفتح یعنی اون وقتی که بیاید-- یادتون باشه إذا وقتی سر یه فعل ماضی میاد معناشو می‌بره به آینده. اون وقتی که بیاد. چی بیاد؟ نصر خدا، یاری خدا و فتح. یعنی چی؟ گشایش، پیروزی. اون وقتی که یاری خدا بیاد و پیروزی. معلومه که یاری خدا وقتی میاد پیروزی هم میاد. سوره مبارکه صف به این مسئله اشاره کرده. و أخرى تحبونها. میگه ای مؤمنان جهاد کنید خدا جایزه هایی بهتون میده یکیش اینه. نصر من الله و فتح قريب. وقتی یاری خدا برسد پیروزی هم میرسه. اون وقتی که یاری خدا و پیروزی بیاید، شرط دوم: و ببینی مردم را. یعنی اون وقتی که یاری خدا و پیروزی بیاد و تو ببینی مردم را که يدخلون في دين الله افواجا که فوج فوج گروه گروه داخل دین خدا می‌شوند. این در واقع جمله دوم درسته اینم شرطه. ولی اگر بخواید اینو با جمله اول مقایسه‌ش بکنید، این رأيت داره یعنی نشانه است. یعنی نشانه آمدن نصر الله و فتح، یاری خدا و پیروزی وقتی آمد از کجا بفهمم که آمد؟ ورأيت الناس يدخلون في دين الله أفواجا یعنی اونی که نشون میده یاری خدا آمد، پیروزی آمد. اینه که ببینی مردم را گروه گروه دارن داخل دین خدا می‌شوند. اینه یاری خدا. اینه پیروزی. که بستر گرایش مردم به دین الهی فراهم بشه. خب اگر همچین شرایطی پیش آمد و تو همچین نشانه ای را دیدی و نشون داد که یاری رسیده، پیروزی رسیده، اون موقع فسبح اون موقع تسبیح کن. این جزا است. اون موقع تسبیح کن. تسبیح کردن یعنی منزه از عیب و نقص دانستن. منظورش تسبیح کیه؟ پروردگار. یعنی پروردگار را از عیب و نقص منزه بدان بحمد ربک و این تسبیحت را با ستایش و حمد پروردگار همراه کن. یعنی همزمان او را از عیب و نقص منزه بشمار و ستایش او را به جای آر. همزمان با تسبیح ، ستایش و حمد او را به جای آر. فسبح بحمد ربك واستغفره و از او طلب مغفرت کن. إنه كان توابا اگر تو طلب مغفرت کنی او می‌پذیرد. چرا؟ زیرا او بگید توبه‌پذیر است. این إن تعلیل، تعلیل. زیرا او توبه‌پذیر است. إنه كان توابا. جمع‌بندی این سوره
… (truncated; see saved file for full transcript)

============================================================
SUMMARY
============================================================
Input file      : 053_آموزش تدبر در سوره نصر فایل۵۳ از سطح۱ سال۱۳۹۸ - علی.mp3
Provider        : ElevenLabs Scribe (scribe_v2)
Audio duration  : 30:07 (1807.16 s)
Requests        : 1
Billed duration : 1808 s (rounded up to nearest second)
Rate            : $0.22 / audio hour
Estimated cost  : $0.110438 USD
Transcript saved: Audios/Tadabor_Sobohi/Manaee/Term1/053/053_آموزش تدبر در سوره نصر فایل۵۳ از سطح۱ سال۱۳۹۸ - علی.txt
============================================================
[053] OK

=== [054] Fri Aug 28 01:16:04 PDT 2026 ===
  input: Audios/Tadabor_Sobohi/Manaee/Term1/054/054_آموزش تدبر در سوره مسد فایل۵۴ از سطح۱ سال۱۳۹۸ - علی.mp3
Provider: ElevenLabs Scribe (scribe_v2)
Progress file (updated after each chunk): Audios/Tadabor_Sobohi/Manaee/Term1/054/054_آموزش تدبر در سوره مسد فایل۵۴ از سطح۱ سال۱۳۹۸ - علی.partial.txt
  preparing audio (054_آموزش تدبر در سوره مسد فایل۵۴ از سطح۱ سال۱۳۹۸ - علی.mp3)...
  23:20 → 1 request(s)
  progress file: Audios/Tadabor_Sobohi/Manaee/Term1/054/054_آموزش تدبر در سوره مسد فایل۵۴ از سطح۱ سال۱۳۹۸ - علی.partial.txt
  [1/1] 0:00–23:20 (8202 KB)...
      → 13043 chars: بسم الله الرحمن الرحیم. سوره مسد. "تبت یدا ابی لهب و تب. ما أغنی عنه ماله و ما كسب. سيصلی نارا ذات لهب. و امرأته حمالة الحطب. في جيدها حبل من مسد." کل سوره [مکث] محور مباحث شخصیت ن…

============================================================
TRANSCRIPTION (preview)
============================================================
بسم الله الرحمن الرحیم. سوره مسد. "تبت یدا ابی لهب و تب. ما أغنی عنه ماله و ما كسب. سيصلی نارا ذات لهب. و امرأته حمالة الحطب. في جيدها حبل من مسد." کل سوره [مکث] محور مباحث شخصیت نحسی‌ست به نام ابو لهب [مکث]. ابو لهب یعنی یه کنیه است. پدر آتش [مکث]. دو جور می‌تونیم به این کنیه نگاه کنیم. یه نگاه اینه که بگیم بله، این بابا پسری داشته اسمش لهب بوده بهش می‌گفتن ابو لهب یا نه، معروف بوده به ابو لهب. یه جور دومی هم می‌تونیم نگاه کنیم. اون اینه که قرآن او را ابو لهب نام می‌ده. اصلاً او با کنیه‌گذاری قرآن شد ابو لهب. ابو لهب یه وصفه. حالا در زمان نزول قرآن بر یه شخصی تطبیق داده شده. ممکنه در زمان‌های دیگر بر اشخاص دیگری هم تطبیق داده بشود. حالا در زمان نزول قرآن عمویی داشته پیغمبر گرامی اسلام که بسیار معاند بوده، این صفت رو قرآن به او داده. این وجه دوم به نظر صحیح‌تره. چرا؟ چون نگاه کنید خود قرآن میگه "سيصلی نارا ذات لهب" یعنی اصلاً اون چرا ابو لهبه؟ چون میفته تو لهب. ابو لهب است چون لهب افروز است. ابو لهب است یعنی تو اون لهبی وارد می‌شود که خودش افروخته. تو اون آتشی وارد میشه که خودش روشن کرده. حالا آتشی که او روشن کرده چیه؟ آتش کینه و دشمنیه با حق و حقیقت، با اسلام و پیغمبر، با قرآن و دیانت . چجوری آتش روشن کرده؟ "يدا" با دو تا دست [مکث]. این دو تا دست ابو لهب چی بوده که با این دو دست تمام تلاش خود را کرده؟ دست نشانه قدرت و تلاشه. تمام تلاش خودشو کرده آتش به پا کرده. آیه بعد مشخص می‌کنه. یک، مال. دو، "ما كسب". دست اول او ثروت اوست، دست دوم او کاراشه [مکث]. یه وقت یه سری از انسان‌ها با ثروت‌شون و کارهایی که در کنار اون ثروت تدبیر می‌کنند، در کنار ثروت‌شون کارهایی که انجام میدن، دو دست خود را که ثروت و رفتارهاشونه به کار می‌گیرن که یه آتش افروزی کنند. او همین کارو کرده و آتش افروزی کرده علیه اسلام [مکث]. بعد تو این جریان یه "امرأته" داریم؛ یعنی زن ابو لهب. زن ابو لهب چیکار می‌کرده؟ اینم از این باب که زن ابو لهبه، حالا زن او بودن موضوعیت داره نه در رتبه اول. مسئله اول اینه که "حمالة الحطب". "امرأته حمالة الحطب" یعنی در حالی که ، حمال یعنی حمل کننده. بسیار حمل کننده "حطب". "حطب" یعنی هیزم. خب این هیزم برای چیه؟ برای آتش. کدوم آتش؟ همین لهب. کدوم لهب؟ لهبی که ابو لهب روشنش کر
… (truncated; see saved file for full transcript)

============================================================
SUMMARY
============================================================
Input file      : 054_آموزش تدبر در سوره مسد فایل۵۴ از سطح۱ سال۱۳۹۸ - علی.mp3
Provider        : ElevenLabs Scribe (scribe_v2)
Audio duration  : 23:20 (1399.68 s)
Requests        : 1
Billed duration : 1400 s (rounded up to nearest second)
Rate            : $0.22 / audio hour
Estimated cost  : $0.085536 USD
Transcript saved: Audios/Tadabor_Sobohi/Manaee/Term1/054/054_آموزش تدبر در سوره مسد فایل۵۴ از سطح۱ سال۱۳۹۸ - علی.txt
============================================================
[054] OK

=== [055] Fri Aug 28 01:16:59 PDT 2026 ===
  input: Audios/Tadabor_Sobohi/Manaee/Term1/055/055_آموزش تدبر در سوره اخلاص فایل۵۵ از سطح۱ سال۱۳۹۸ - علی.mp3
Provider: ElevenLabs Scribe (scribe_v2)
Progress file (updated after each chunk): Audios/Tadabor_Sobohi/Manaee/Term1/055/055_آموزش تدبر در سوره اخلاص فایل۵۵ از سطح۱ سال۱۳۹۸ - علی.partial.txt
  preparing audio (055_آموزش تدبر در سوره اخلاص فایل۵۵ از سطح۱ سال۱۳۹۸ - علی.mp3)...
  29:42 → 1 request(s)
  progress file: Audios/Tadabor_Sobohi/Manaee/Term1/055/055_آموزش تدبر در سوره اخلاص فایل۵۵ از سطح۱ سال۱۳۹۸ - علی.partial.txt
  [1/1] 0:00–29:42 (10444 KB)...
      → 14909 chars: سوره اخلاص بسم الله الرحمن الرحیم "قل هو الله احد الله الصمد لم يلد ولم يولد ولم يكن له كفوا احد". قل بگو هو حق این است. شأن این است. ماجرا این است که الله احد. حق این است که الله …

============================================================
TRANSCRIPTION (preview)
============================================================
سوره اخلاص بسم الله الرحمن الرحیم "قل هو الله احد الله الصمد لم يلد ولم يولد ولم يكن له كفوا احد". قل بگو هو حق این است. شأن این است. ماجرا این است که الله احد. حق این است که الله احد. الله الصمد. الله تنها. ببینید درباره احد لازم نیست بگه الله الاحد چون احد یه دونه بیشتر تصور بگید نمی‌شود. احد یعنی یکی که دو نداره. نه نداره چون ما نمی‌خوایم نداره چون نمیشه چون بی‌نهایته. احد یعنی یکی که بی‌نهایته. بی‌نهایت اگر یک چیزی شد دیگه نمیشه براش دو تصور کرد. لذا نمیگیم الله الاحد الله احد. خدا یک یکتاست. یک بی‌انتهاست. یک بی‌حد است. اما الله الصمد. اینجا اگه میگفت الله الصمد خب صمد نسبیه. صمد یعنی چی؟ صمد یعنی توپر. نقطه مقابل صمد کلمه اجوفه یعنی توخالی. هر موجودی را می‌شود توپر تصور کرد یا توخالی تصور کرد. توپر بودن یعنی چی؟ یعنی قوام این موجود به خودشه. رو پا خودشه. به کسی نیاز نداره. اجوف یعنی چی؟ یعنی یک کسی که حقیقت وجودش رو از جا دیگه‌ای عاریه گرفته. قوام وجودش به غیر خودشه. اگر اون غیر نخواد این نیست. این میشه اجوف. صمد می‌تونه نسبی دیده بشه. مثلا اگر پدر و مادر را نسبت به فرزند ملاحظه کنی صمدند و فرزند اجوفه. یعنی پدر و مادر وجودشون وابسته به فرزند نیست اما فرزند وجودش وابسته به پدر مادره. فرزند اجوفه، اون دو تا صمدن. اگر مثلاً یه آدم دست به خیری را که تو یه محله داره همه فقیرها رو مثلاً پشتیبانی می‌کنه لحاظ بکنی تو اون محله، اون صمده. اما بقیه‌ای که کاسه‌هاشو می‌برن در خونه اون چی‌ان؟ اجوفن. اینا از او می‌گیرن اما او از اینا نمی‌گیره. وقتی میگه الله الصمد یعنی صمد مطلق. نمیگه الله الصمد خدا یه صمدیه. نه خدا همون یه صمد است. اون یه صمدی که دیگه اجوف هیشکی بگید نیست. در مقایسه با هیچ کس توخالی نیست. به هیچ کس احتیاجی نداره و همه کس به او احتیاج داره. وجود او به هیچ کی و هیچ چی وابسته نیست و وجود همه کس و همه چیز به او وابسته است. این میشه صمد. الله الصمد. لم يلد نزایید و لم يولد و زاییده نشد. نه فرزند داره، نه پدر مادر داره، نه والده، نه مولوده. اصلاً در شمار زاییدن و زاییده شدن قرار نمی‌گیره. و لم يكن له كفوا احد. لم يكن له كفوا احد. یعنی هیچ کسی برای او كفوا نیست. كفوا یعنی چی؟ همتا، همتراز. خدا والد نیست، مولود نیست، همسر هم نیست. شریک هم نداره، همتا هم نیست، همکا
… (truncated; see saved file for full transcript)

============================================================
SUMMARY
============================================================
Input file      : 055_آموزش تدبر در سوره اخلاص فایل۵۵ از سطح۱ سال۱۳۹۸ - علی.mp3
Provider        : ElevenLabs Scribe (scribe_v2)
Audio duration  : 29:42 (1782.36 s)
Requests        : 1
Billed duration : 1783 s (rounded up to nearest second)
Rate            : $0.22 / audio hour
Estimated cost  : $0.108922 USD
Transcript saved: Audios/Tadabor_Sobohi/Manaee/Term1/055/055_آموزش تدبر در سوره اخلاص فایل۵۵ از سطح۱ سال۱۳۹۸ - علی.txt
============================================================
[055] OK

=== [056] Fri Aug 28 01:17:54 PDT 2026 ===
  input: Audios/Tadabor_Sobohi/Manaee/Term1/056/056_آموزش تدبر در سوره فلق فایل۵۶ از سطح۱ سال۱۳۹۸ - علی.mp3
Provider: ElevenLabs Scribe (scribe_v2)
Progress file (updated after each chunk): Audios/Tadabor_Sobohi/Manaee/Term1/056/056_آموزش تدبر در سوره فلق فایل۵۶ از سطح۱ سال۱۳۹۸ - علی.partial.txt
  preparing audio (056_آموزش تدبر در سوره فلق فایل۵۶ از سطح۱ سال۱۳۹۸ - علی.mp3)...
  49:54 → 1 request(s)
  progress file: Audios/Tadabor_Sobohi/Manaee/Term1/056/056_آموزش تدبر در سوره فلق فایل۵۶ از سطح۱ سال۱۳۹۸ - علی.partial.txt
  [1/1] 0:00–49:54 (17543 KB)...
      → 27643 chars: اما سوره مبارکه فلق. بسم الله الرحمن الرحیم. قل اعوذ برب الفلق. من شر ما خلق. ومن شر غاسق اذا وقب. ومن شر النفاثات في العقد. ومن شر حاسد اذا حسد. اگر نگاه بکنید به پرده خیلی راحت س…

============================================================
TRANSCRIPTION (preview)
============================================================
اما سوره مبارکه فلق. بسم الله الرحمن الرحیم. قل اعوذ برب الفلق. من شر ما خلق. ومن شر غاسق اذا وقب. ومن شر النفاثات في العقد. ومن شر حاسد اذا حسد. اگر نگاه بکنید به پرده خیلی راحت ساختار سوره رو در پرده می‌بینید. این سوره جمله اولش حرف اصلی رو داره میزنه. بگو پناه می‌برم به پروردگار سپیده دم. خب هر پناه بردنی یک علتی داره. از چه چیزی پناه می‌برم؟ چی پیش اومده که دنبال پناهگاه هستم؟ من میخوام به کسی پناه ببرم. پناه بردن در شرایطی است که خطری، شری، آفتی ما را تهدید میکنه. ما پناه میبریم. مثلا فرض فرمایید پناهگاه در ایام بمباران پناه میبریم بمب رو سر ما نریزه. یه وقت مثلا ممکنه توی بیابانی به خاطر تاریکی که پیش میاد یا باد و بارونی که پیش میاد بخواهیم پناه ببریم تو یه غاری، تو یه حفره ای یه جایی خودمون رو اونجا در امن نگه داریم. پناه بردن در حالتی است که احساس خطر، آفت، شر وجود داشته باشه. خدا می‌فرماید بگو پناه می‌برم به پروردگار سپیده دم از شر ما خلق، از شر تمام چیزهایی که خلق کرده. حالا واردش می‌شیم توضیح میدیم که آیا چیزهایی که خدا خلق کرده شر دارد یا ندارد، به چه بیانی دارد؟ و اینا. بعضی وقت‌ها سه تا آیه بعدی این شر ما خلق را اومده تطبیق مصداقی داده. شر ما خلق مثل اینکه کلیه. شر ما خلق به طور کلی. بعد سه تا شر خاص رو بیان کرده. ومن شر غاسق اذا وقب. این یه نمونه خاص از شر ما خلق. ومن شر النفاثات في العقد. این نمونه دوم. ومن شر حاسد اذا حسد. نمونه سوم. غاسق یعنی تاریکی، تاریک کننده، تاریکی. اذا وقب. اون وقتی که داخل می‌شود. از شر هر تاریکی، اون وقتی که داخل شود. مثلا فرض فرمایید هنگام شب که میشه کم کم تاریکی در فضای زندگی ما داخل می‌شود. می‌تونه معنوی هم دیده بشه. تاریکی که در قلب کسی داخل می‌شود. ظلمتی که در قلب کسی داخل می‌شود. از شر تاریکی وقتی که داخل می‌شود. ومن شر النفاثات. از نفث، نفث، نفث یه دمی دمیه که آب دهن هم همراهش چی میشه؟ آزاد میشه. یه وقت کسی آبدار فوت می‌کنه، یه بار فوت خشک می‌کنه، فوت آبدار. این فوت آبدار میشه نفخ، نفث. من شر النفاثات في العقد. از شر اون دمندگان در گره‌ها. نفاثات جمع نفاثه. نفاثه یعنی دمنده. حالا بحثی است که آیا زن دمنده یعنی اینکه مؤنث آمده نفاثات و جمع نفاثه هست. آیا زن دمنده در گره‌ها، عقد یعنی گره‌ها جمع عقده، عقده یعنی گره، عقد
… (truncated; see saved file for full transcript)

============================================================
SUMMARY
============================================================
Input file      : 056_آموزش تدبر در سوره فلق فایل۵۶ از سطح۱ سال۱۳۹۸ - علی.mp3
Provider        : ElevenLabs Scribe (scribe_v2)
Audio duration  : 49:54 (2993.94 s)
Requests        : 1
Billed duration : 2994 s (rounded up to nearest second)
Rate            : $0.22 / audio hour
Estimated cost  : $0.182963 USD
Transcript saved: Audios/Tadabor_Sobohi/Manaee/Term1/056/056_آموزش تدبر در سوره فلق فایل۵۶ از سطح۱ سال۱۳۹۸ - علی.txt
============================================================
[056] OK

=== [057] Fri Aug 28 01:19:36 PDT 2026 ===
  input: Audios/Tadabor_Sobohi/Manaee/Term1/057/057_آموزش تدبر در سوره ناس فایل۵۷ از سطح۱ سال۱۳۹۸ - علی.mp3
Provider: ElevenLabs Scribe (scribe_v2)
Progress file (updated after each chunk): Audios/Tadabor_Sobohi/Manaee/Term1/057/057_آموزش تدبر در سوره ناس فایل۵۷ از سطح۱ سال۱۳۹۸ - علی.partial.txt
  preparing audio (057_آموزش تدبر در سوره ناس فایل۵۷ از سطح۱ سال۱۳۹۸ - علی.mp3)...
  32:27 → 1 request(s)
  progress file: Audios/Tadabor_Sobohi/Manaee/Term1/057/057_آموزش تدبر در سوره ناس فایل۵۷ از سطح۱ سال۱۳۹۸ - علی.partial.txt
  [1/1] 0:00–32:27 (11408 KB)...
      → 18345 chars: سوره مبارکه ناس. بسم الله الرحمن الرحیم. قل اعوذ برب الناس. ملک الناس. اله الناس. در سوره فلق تو پناه مشخص کردن کسی که میخواهیم بهش پناه ببریم فقط یک رب الفلق رو داشتیم. اما اینجا …

============================================================
TRANSCRIPTION (preview)
============================================================
سوره مبارکه ناس. بسم الله الرحمن الرحیم. قل اعوذ برب الناس. ملک الناس. اله الناس. در سوره فلق تو پناه مشخص کردن کسی که میخواهیم بهش پناه ببریم فقط یک رب الفلق رو داشتیم. اما اینجا رب الناس، ملک الناس، اله الناس. با سه تا صفت خدا را میخوانیم. نه فقط با ربوبیت. پروردگار انسان‌ها، فرمانروای انسان‌ها، معبود انسان‌ها. خب. من شر الوسواس الخناس از شر وسواس، وسواس مصدره یعنی وسوسه. ولی گاهی اوقات مصدر در جایگاه اسم فاعل هم به کار میره. یعنی وسوسه کننده. و اون وقت معنی مبالغه ای می‌ده. یعنی بسیار بگید وسوسه کننده. از شر اون بسیار وسوسه کننده. که چه صفتي دارد؟ ال خناس. خناس از خنس يعني پنهان شدن. خناس صیغه مبالغه است. یعنی بسیار پنهان شونده. یعنی همونی که بسیار وسوسه کننده‌ست اتفاقا بسیار هم بگید پنهان شونده‌ست. یعنی رو نیست، آشکار نیست. داد نمیزنه من دارم تو رو وسوسه میکنم به بدی. پنهانه. اون چهره دعوت به شرش پنهانه. بسیار پنهان شونده‌ست. من شر الوسواس الخناس الذی همون کسی که يوسوس في صدور الناس. این صفته برای وسواس خناس. این بسیار وسوسه کننده بسیار پنهان شونده کسی است که وسوسه می‌کند في صدور الناس در سینه های مردم. صدر از نظر جسمی. صدر یعنی قفسه سینه. که این قفسه سینه به لحاظ جسمی حاوی چیه؟ از چی حفاظت میکنه؟ قلب توشه. خب. صدر این فضای دور قلبه. وسوسه از نظر روحی هم ما هم صدر داریم هم قلب. چطور جسم ما صدر دارد و قلب دارد. روح ما هم یه جنبه صدر داره. اون فضاییه که قلبو چه کرده؟ بگید. احاطه کرده. یه جنبه قلب داره که اصل روح ماست. اصل جان ماست. این وسوسه گر پنهان شونده وسوسه‌های خود را پر میکنه تو قفسه سینه روح ما. پر میکنه دور قلب ما. این قلب احاطه میشه در لابه‌لای امواج وسوسه‌ها. پناه می‌برم به پروردگار انسان‌ها، فرمانروای انسان‌ها، معبود انسان‌ها. از شر اون بسیار وسوسه کننده بسیار پنهان شونده‌ای که وسوسه می‌کند در فضای سینه انسان‌ها. پر میکنه دور و بر قلب آدم رو از امواج وسوسه. کیان اینا؟ این کیو میگی؟ منظور کس خاصیه؟ من الجنّة والناس از جنیان و انسان‌ها. ممکنه این وسواس خناس یکی از جنیان باشه یا کسانی از جنیان باشند که ابلیس و اعوان و انصارشه منظور. یا ممکنه از مردم باشند. رفیقه، دوسته، آشناست، سخنران هرکی. میتونه همه اینا باشه. مصداقش محدود به شخص خاصی از جنس خاصی بگید نی
… (truncated; see saved file for full transcript)

============================================================
SUMMARY
============================================================
Input file      : 057_آموزش تدبر در سوره ناس فایل۵۷ از سطح۱ سال۱۳۹۸ - علی.mp3
Provider        : ElevenLabs Scribe (scribe_v2)
Audio duration  : 32:27 (1946.84 s)
Requests        : 1
Billed duration : 1947 s (rounded up to nearest second)
Rate            : $0.22 / audio hour
Estimated cost  : $0.118974 USD
Transcript saved: Audios/Tadabor_Sobohi/Manaee/Term1/057/057_آموزش تدبر در سوره ناس فایل۵۷ از سطح۱ سال۱۳۹۸ - علی.txt
============================================================
[057] OK

=== [058] Fri Aug 28 01:20:50 PDT 2026 ===
  input: Audios/Tadabor_Sobohi/Manaee/Term1/058/058_آموزش تدبر در سوره حمد فایل۵۸ از سطح۱ سال۱۳۹۸ - علی.mp3
Provider: ElevenLabs Scribe (scribe_v2)
Progress file (updated after each chunk): Audios/Tadabor_Sobohi/Manaee/Term1/058/058_آموزش تدبر در سوره حمد فایل۵۸ از سطح۱ سال۱۳۹۸ - علی.partial.txt
  preparing audio (058_آموزش تدبر در سوره حمد فایل۵۸ از سطح۱ سال۱۳۹۸ - علی.mp3)...
  1:01:20 → 1 request(s)
  progress file: Audios/Tadabor_Sobohi/Manaee/Term1/058/058_آموزش تدبر در سوره حمد فایل۵۸ از سطح۱ سال۱۳۹۸ - علی.partial.txt
  [1/1] 0:00–1:01:20 (21566 KB)...
      → 32156 chars: سوره مبارکه حمد [مکث]. سوره حمد هم مثل سوره‌های کوتاه پایان قرآن کریم تک سیاقیه؛ یعنی یه سیاق بیشتر نیست . که این سیاق حالا فرازهایی داره و ما انشاالله میخوایم باهاش معنوس بشیم. بس…

============================================================
TRANSCRIPTION (preview)
============================================================
سوره مبارکه حمد [مکث]. سوره حمد هم مثل سوره‌های کوتاه پایان قرآن کریم تک سیاقیه؛ یعنی یه سیاق بیشتر نیست . که این سیاق حالا فرازهایی داره و ما انشاالله میخوایم باهاش معنوس بشیم. بسم الله الرحمن الرحیم. الحمد لله رب العالمين الرحمن الرحيم مالك يوم الدين. إياك نعبد وإياك نستعين. اهدنا الصراط المستقيم. صراط الذين أنعمت عليهم غير المغضوب عليهم ولا الضالين. سوره حمد از جهات مختلف اهمیت داره و در وصف سوره حمد سخنان زیادی از پیامبر گرامی اسلام و معصومین علیهم السلام برای ما نقل شده. این سوره همونطور که مستحضرید فاتحه الکتاب نامیده شده. سوره شروع کننده کتاب. فاتحه از فتح، فتح یعنی شروع کردن. فاتحه یعنی شروع کننده. فاتحه الکتاب یعنی سوره ای که کتاب با این سوره شروع میشه. و این سوره در بعضی از بیانات عدل قرآن کریم شمرده شده. یعنی شما قرآن رو بذار یه طرف ترازو سوره حمدو یه طرف. عدل قرآن کریمه. عدل یعنی هم وزن، هم سنگ با قرآن کریمه. خودش یک عظمت این چنینی داره سوره حمد. و این سوره تنها سوره ای است که در اون ما داریم حرف میزنیم. در همه سوره ها خدا با ما صحبت میکنه. اگرم یه وقتی میخواد ما یه چیزی بگیم مثل سوره ناس یا فلق میگه قل بگو، یا قولو بگید. اما سوره حمد بدون اینکه قل، قولو چیزی داشته باشه از ابتدا تا انتها از زبان بنده به پروردگاره، نه از زبان پروردگار به بنده. یعنی گویا خدا اینجوری این حرفا رو میزاره تو دهان ما که با او اینجوری صحبت کنیم. طرز ارتباط گرفتن با خودش رو داره به ما آموزش میده. بدون اینکه بگه بگو بسم الله الرحمن الرحیم الحمد لله. نه اونم نداره. از ابتدا تا انتها میگیم الحمد لله رب العالمين الرحمن الرحيم مالك يوم الدين إياك نعبد. همه جای قرآن وقتی كه هست منظور چیه؟ ماییم. پیامبره. بعد تک تک انسان‌ها. اینجا كه خداست. إياك نعبد ما تو را می پرستیم. ما تو را از تو یاری می‌خواهیم. اهدنا ما را هدایت کن به اون راه مستقیم. این یه ویژگی خاص در سوره مبارکه حمده. و جهت دیگری که این سوره رو بسیار مهم میکنه اینه که این سوره در نمازهای ما خوندنش واجبه. حالا نمازهای واجب واجبه بخونیم در نمازهای مستحب هم اگر نماز مستحبی بخونیم واجبه که سوره حمدشو بخونیم. نماز با سوره حمد میشه نماز. نماز بدون سوره حمد نداریم. الا نماز میت که اون نوعی دعاست برای میت. والا بقیه نمازها همشون با سور
… (truncated; see saved file for full transcript)

============================================================
SUMMARY
============================================================
Input file      : 058_آموزش تدبر در سوره حمد فایل۵۸ از سطح۱ سال۱۳۹۸ - علی.mp3
Provider        : ElevenLabs Scribe (scribe_v2)
Audio duration  : 1:01:20 (3680.50 s)
Requests        : 1
Billed duration : 3681 s (rounded up to nearest second)
Rate            : $0.22 / audio hour
Estimated cost  : $0.224919 USD
Transcript saved: Audios/Tadabor_Sobohi/Manaee/Term1/058/058_آموزش تدبر در سوره حمد فایل۵۸ از سطح۱ سال۱۳۹۸ - علی.txt
============================================================
[058] OK

=== Term1 ASR done Fri Aug 28 01:22:29 PDT 2026 ===
ok=56 skip=1 fail=0
