Downloading 32 lectures → /Users/mohammadreza/IslamASR/Audios/Tadabor_Sobohi/Manaee/Term3
[001] skip existing 15.5MB
[003] skip existing 71.1MB
[002] skip existing 84.4MB
[004] skip existing 75.7MB
[008] shenoto 189135[006] shenoto 189132

[005] skip existing 75.8MB[007] shenoto 189134

[009] shenoto 189137
  [007] shenoto ok 8.2MB
[010] shenoto 189138
  [008] shenoto ok 16.1MB
[011] shenoto 189140
  [009] shenoto ok 37.8MB
[012] shenoto 189142
  [006] shenoto ok 42.4MB
[013] shenoto 189641
  [011] shenoto ok 41.4MB
[014] shenoto 189657
  [010] shenoto ok 39.9MB
[015] shenoto 189659
  [012] shenoto ok 33.6MB
[016] shenoto 189660
  [013] shenoto ok 38.6MB
[017] shenoto 189662
  [015] shenoto ok 38.6MB
[018] shenoto 189664
  [014] shenoto ok 43.2MB
[019] shenoto 189665
  [018] shenoto ok 34.4MB
[020] shenoto 189667
  [016] shenoto ok 36.0MB
[021] shenoto 189668
  [019] shenoto ok 18.9MB
[022] shenoto 189670
  [017] shenoto ok 39.9MB
[023] skip existing 53.7MB
[024] shenoto 189676
  [021] shenoto ok 27.0MB
[025] shenoto 189710
  [020] shenoto ok 26.6MB
[026] shenoto 189712
  [022] shenoto ok 18.2MB
[027] shenoto 189713
  [024] shenoto ok 25.9MB
[028] shenoto 189714
  [025] shenoto ok 17.0MB
[029] shenoto 189715
  [027] shenoto ok 19.5MB
[030] shenoto 189740
  [026] shenoto ok 28.1MB
[031] shenoto 189741
  [028] shenoto ok 19.0MB
[032] shenoto 189742
  [029] shenoto ok 22.6MB
  [030] shenoto ok 43.8MB
  [032] shenoto ok 41.2MB
  [031] shenoto fail: 404 Client Error: Not Found for url: https://cdn-arch.shenoto.com/shenoto-media/zMSHkvlmUpDku3j8yAXc1uNYRFOwza.mpeg; aparat fallback
    aparat vowRJ 360p
  [031] aparat ok 26.7MB
DL finished ok=26 skip=6 fail=0
have 32 missing []
=== prepare_playback --force ===
  001_آموزش تدبر در قرآن - سطح۳ - توصیه های آموزشی فایل۱ از سطح۳ سال۱۳۹۹ - علی.mp3  container=1072.56s  decoded=1072.52s  → 001_play.m4a (1072.53s)
  002_آموزش تدبر در سوره طلاق - بخش اول فایل۲ از سطح۳ سال۱۳۹۹ - علی.mp3  container=5968.22s  decoded=5968.17s  → 002_play.m4a (5968.18s)
  003_آموزش تدبر در سوره طلاق - بخش دوم فایل۳ از سطح۳ سال۱۳۹۹ - علی.mp3  container=4671.35s  decoded=4671.29s  → 003_play.m4a (4671.30s)
  004_آموزش تدبر در سوره طلاق - بخش سوم فایل۴ از سطح۳ سال۱۳۹۹ - علی.mp3  container=5003.96s  decoded=5003.92s  → 004_play.m4a (5003.92s)
  005_آموزش تدبر در سوره تحریم - بخش اول فایل۵ از سطح۳ سال۱۳۹۹ - علی.mp3  container=4831.24s  decoded=4831.21s  → 005_play.m4a (4831.21s)
  006_آموزش تدبر در سوره تحریم - بخش دوم فایل۶ از سطح۳ سال۱۳۹۹ - علی.mp3  container=5305.05s  decoded=5305.02s  → 006_play.m4a (5305.03s)
  007_آموزش تدبر در سوره تحریم - بخش سوم فایل۷ از سطح۳ سال۱۳۹۹ - علی.mp3  container=1019.87s  decoded=1019.84s  → 007_play.m4a (1019.85s)
  008_آموزش تدبر در سوره مُلک - بخش اول فایل۸ از سطح۳ سال۱۳۹۹ - علی.mp3  container=2015.69s  decoded=2015.66s  → 008_play.m4a (2015.66s)
  009_آموزش تدبر در سوره مُلک - بخش دوم فایل۹ از سطح۳ سال۱۳۹۹ - علی.mp3  container=4722.31s  decoded=4722.28s  → 009_play.m4a (4722.29s)
  010_آموزش تدبر در سوره مُلک - بخش سوم فایل۱۰ از سطح۳ سال۱۳۹۹ - علی.mp3  container=4990.75s  decoded=4990.72s  → 010_play.m4a (4990.72s)
  011_آموزش تدبر در سوره مُلک - بخش چهارم فایل۱۱ از سطح۳ سال۱۳۹۹ - علی.mp3  container=5172.74s  decoded=5172.71s  → 011_play.m4a (5172.72s)
  012_آموزش تدبر در سوره مُلک - بخش پنجم فایل۱۲ از سطح۳ سال۱۳۹۹ - علی.mp3  container=4763.47s  decoded=4763.44s  → 012_play.m4a (4763.45s)
  013_آموزش تدبر در سوره قلم - بخش اول فایل۱۳ از سطح۳ سال۱۳۹۹ - علی.mp3  container=4824.63s  decoded=4824.60s  → 013_play.m4a (4824.61s)
  014_آموزش تدبر در سوره قلم - بخش دوم فایل۱۴ از سطح۳ سال۱۳۹۹ - علی.mp3  container=5405.44s  decoded=5405.41s  → 014_play.m4a (5405.42s)
  015_آموزش تدبر در سوره قلم - بخش سوم فایل۱۵ از سطح۳ سال۱۳۹۹ - علی.mp3  container=4829.26s  decoded=4829.23s  → 015_play.m4a (4829.23s)
  016_آموزش تدبر در سوره قلم - بخش چهارم فایل۱۶ از سطح۳ سال۱۳۹۹ - علی.mp3  container=4497.01s  decoded=4496.98s  → 016_play.m4a (4496.98s)
  017_آموزش تدبر در سوره حاقّه - بخش اول فایل۱۷ از سطح۳ سال۱۳۹۹ - علی.mp3  container=4991.56s  decoded=4991.53s  → 017_play.m4a (4991.53s)
  018_آموزش تدبر در سوره حاقّه - بخش دوم فایل۱۸ از سطح۳ سال۱۳۹۹ - علی.mp3  container=4297.93s  decoded=4297.90s  → 018_play.m4a (4297.90s)
  019_آموزش تدبر در سوره حاقّه - بخش سوم فایل۱۹ از سطح۳ سال۱۳۹۹ - علی.mp3  container=2357.45s  decoded=2357.42s  → 019_play.m4a (2357.42s)
  020_آموزش تدبر در سوره حاقّه - بخش چهارم فایل۲۰ از سطح۳ سال۱۳۹۹ - علی.mp3  container=3326.30s  decoded=3326.27s  → 020_play.m4a (3326.28s)
  021_آموزش تدبر در سوره معارج - بخش اول فایل۲۱ از سطح۳ سال۱۳۹۹ - علی.mp3  container=3376.82s  decoded=3376.79s  → 021_play.m4a (3376.80s)
  022_آموزش تدبر در سوره معارج - بخش دوم فایل۲۲ از سطح۳ سال۱۳۹۹ - علی.mp3  container=2277.80s  decoded=2277.77s  → 022_play.m4a (2277.77s)
  023_آموزش تدبر در سوره معارج - بخش سوم فایل۲۳ از سطح۳ سال۱۳۹۹ - علی.mp3  container=3602.68s  decoded=3602.64s  → 023_play.m4a (3602.65s)
  024_آموزش تدبر در سوره معارج - بخش چهارم فایل۲۴ از سطح۳ سال۱۳۹۹ - علی.mp3  container=3242.00s  decoded=3241.97s  → 024_play.m4a (3241.98s)
  025_آموزش تدبر در سوره معارج - بخش پنجم فایل۲۵ از سطح۳ سال۱۳۹۹ - علی.mp3  container=2122.14s  decoded=2122.11s  → 025_play.m4a (2122.11s)
  026_آموزش تدبر در سوره معارج - بخش ششم فایل۲۶ از سطح۳ سال۱۳۹۹ - علی.mp3  container=3512.69s  decoded=3512.66s  → 026_play.m4a (3512.66s)
  027_آموزش تدبر در سوره نوح علیهالسلام - بخش اول فایل۲۷ از سطح۳ سال۱۳۹۹ - علی.mp3  container=3207.74s  decoded=3207.72s  → 027_play.m4a (3207.72s)
  028_آموزش تدبر در سوره نوح علیهالسلام - بخش دوم فایل۲۸ از سطح۳ سال۱۳۹۹ - علی.mp3  container=3142.15s  decoded=3142.12s  → 028_play.m4a (3142.13s)
  029_آموزش تدبر در سوره نوح علیهالسلام - بخش سوم فایل۲۹ از سطح۳ سال۱۳۹۹ - علی.mp3  container=2828.80s  decoded=2828.77s  → 029_play.m4a (2828.78s)
  030_آموزش تدبر در سوره جنّ - بخش اول فایل۳۰ از سطح۳ سال۱۳۹۹ - علی.mp3  container=5473.72s  decoded=5473.69s  → 030_play.m4a (5473.70s)
  031_آموزش تدبر در سوره جنّ - بخش دوم فایل۳۱ از سطح۳ سال۱۳۹۹ - علی.mp3  container=1587.88s  decoded=1587.85s  → 031_play.m4a (1587.85s)
  032_آموزش تدبر در سوره جنّ - بخش سوم فایل۳۲ از سطح۳ سال۱۳۹۹ - علی.mp3  container=5151.63s  decoded=5151.60s  → 032_play.m4a (5151.61s)
done: 32 file(s)
=== ElevenLabs ASR ===
[001] ASR elevenlabs → 001_آموزش تدبر در قرآن - سطح۳ - توصیه های آموزشی فایل۱ از سطح۳ سال۱۳۹۹ - علی.mp3
Provider: ElevenLabs Scribe (scribe_v2)
Progress file (updated after each chunk): /Users/mohammadreza/IslamASR/Audios/Tadabor_Sobohi/Manaee/Term3/001/001_آموزش تدبر در قرآن - سطح۳ - توصیه های آموزشی فایل۱ از سطح۳ سال۱۳۹۹ - علی.partial.txt
  preparing audio (001_آموزش تدبر در قرآن - سطح۳ - توصیه های آموزشی فایل۱ از سطح۳ سال۱۳۹۹ - علی.mp3)...
  17:53 → 1 request(s)
  progress file: /Users/mohammadreza/IslamASR/Audios/Tadabor_Sobohi/Manaee/Term3/001/001_آموزش تدبر در قرآن - سطح۳ - توصیه های آموزشی فایل۱ از سطح۳ سال۱۳۹۹ - علی.partial.txt
  [1/1] 0:00–17:53 (6285 KB)...
      → 9264 chars: اعوذ بالله من الشيطان الرجيم. بسم الله الرحمن الرحيم. الحمد لله رب العالمين. والصلاة والسلام على سيدنا ونبينا حبيب اله العالمين ابا القاسم المصطفى محمد. اللهم صل على محمد وآل محمد …

============================================================
TRANSCRIPTION (preview)
============================================================
اعوذ بالله من الشيطان الرجيم. بسم الله الرحمن الرحيم. الحمد لله رب العالمين. والصلاة والسلام على سيدنا ونبينا حبيب اله العالمين ابا القاسم المصطفى محمد. اللهم صل على محمد وآل محمد وعلى آله الطيبين الطاهرين و لعنة الله على أعدائهم أجمعين من الآن إلى قيام يوم الدين. خدایا تو را شکر می‌کنیم که توفیق عطا فرمودی بار دیگر در محضر با سعادت و نورانی کلام تو حاضر بشیم. خدایا از تو عاجزانه مسألت می‌کنیم همان طوری که ما را شایسته دانستی برای خواندن قرآن و فهم قرآن و انس با قرآن، لیاقت عمل به آموزه‌های نورانی قرآن رو هم به ما عطا بفرما. پروردگارا از تو می‌خواهیم همانگونه که ما را در دنیا با قرآن کریم محشور فرمودی و اسم ما را و زندگی ما را به قرآن کریم پیوند زدی، در آخرت هم ما را از کلام خودت جدا قرار ندهی. ما را با قرآن محشور کنی و از شفاعت قرآن بهره‌مندمان کنی. سلام عرض می‌کنم خدمت خواهران و برادران گرامی حاضر در جلسه. علیکم السلام. خدا رو شکر می‌کنیم که الحمد لله شما رو با عافیت و سلامتی در این جمع می‌بینیم و می‌خواهیم که انشاالله به برکت قرآن، آفات و بلیا و بیماری‌ها از همه مردم ما و به ویژه از شما عزیزان دور باشه انشاالله و از خانواده‌هاتون، دوستانتون، آشنایانتون، عزیزانتون و همه مردممون انشاالله. خب ما سطح سوم دوره آموزش معرفتی تدبر رو داریم طی می‌کنیم. سطح اول، سوره‌های مبارکه انشقاق تا ناس در واقع مباحثه شد، گفت‌وگو شد و بیشتر آنچه که دغدغه ما بود به لحاظ آموزش فنی، آشنا شدن شما عزیزان با تدبر بود. که خب در قالب سی و یک سوره انشقاق تا ناس این اتفاق افتاد. سطح دوم از سوره مزمل تا متفfin. یک قدم به لحاظ فنی جلوتر آمدیم و یه مقدار تو گفت‌وگوهای خودمون سعی کردیم اون قسمت مربوط به تشخیص سیاق‌ها را پررنگ‌تر دنبال بکنیم. آشنایی شما تقویت شد اما کسانی که تکالیف رو انجام می‌دادند و در کلاس حاضر می‌شدند، مطمئن هستم که با نحوه تشخیص سیاق‌ها در سوره‌ها آشناتر شدند. الان که سطح سوم، اونجا هم یازده سوره یاد گرفتیم. مجموعاً چهل و دو سوره که با سوره حم چهل و سه سوره تا اینجا کار کردیم ما. الان که ما در سطح سوم واقع شدیم از سوره مبارکه طلاق آغاز می‌کنیم انشاالله تا سوره جن میایم جلو. مبدا و معاد این سطح خیلی جالبه. سوره طلاق و سوره جن. حالا انشاالله خدا خیر کنه. بعد هشت تا سوره هم انشاال
… (truncated; see saved file for full transcript)

============================================================
SUMMARY
============================================================
Input file      : 001_آموزش تدبر در قرآن - سطح۳ - توصیه های آموزشی فایل۱ از سطح۳ سال۱۳۹۹ - علی.mp3
Provider        : ElevenLabs Scribe (scribe_v2)
Audio duration  : 17:53 (1072.62 s)
Requests        : 1
Billed duration : 1073 s (rounded up to nearest second)
Rate            : $0.22 / audio hour
Estimated cost  : $0.065549 USD
Transcript saved: /Users/mohammadreza/IslamASR/Audios/Tadabor_Sobohi/Manaee/Term3/001/001_آموزش تدبر در قرآن - سطح۳ - توصیه های آموزشی فایل۱ از سطح۳ سال۱۳۹۹ - علی.txt
============================================================
[001] ASR done
[002] ASR elevenlabs → 002_آموزش تدبر در سوره طلاق - بخش اول فایل۲ از سطح۳ سال۱۳۹۹ - علی.mp3
Provider: ElevenLabs Scribe (scribe_v2)
Progress file (updated after each chunk): /Users/mohammadreza/IslamASR/Audios/Tadabor_Sobohi/Manaee/Term3/002/002_آموزش تدبر در سوره طلاق - بخش اول فایل۲ از سطح۳ سال۱۳۹۹ - علی.partial.txt
  preparing audio (002_آموزش تدبر در سوره طلاق - بخش اول فایل۲ از سطح۳ سال۱۳۹۹ - علی.mp3)...
  1:39:28 → 1 request(s)
  progress file: /Users/mohammadreza/IslamASR/Audios/Tadabor_Sobohi/Manaee/Term3/002/002_آموزش تدبر در سوره طلاق - بخش اول فایل۲ از سطح۳ سال۱۳۹۹ - علی.partial.txt
  [1/1] 0:00–1:39:28 (34971 KB)...
      → 56153 chars: اما اولین سوره، سوره مبارکه طلاق. من فکر می‌کنم خیلی نیازی نداریم به این که راجع به تدبر دو مرتبه مقدمه‌ای بیان بکنیم، تعریف تدبر، نمی‌دانم ضرورت تدبر، اهمیتش، آیاتش، روایاتش، مبان…

============================================================
TRANSCRIPTION (preview)
============================================================
اما اولین سوره، سوره مبارکه طلاق. من فکر می‌کنم خیلی نیازی نداریم به این که راجع به تدبر دو مرتبه مقدمه‌ای بیان بکنیم، تعریف تدبر، نمی‌دانم ضرورت تدبر، اهمیتش، آیاتش، روایاتش، مبانیش و، و، و. راجع به اینها هم در مقدمه دوره‌های قبلی صحبت کردیم هم در ضمن بیان سوره‌ها هر جایی که مناسبتی پیش آمده اشاراتی داشتیم. ما انشاالله همین سوره‌ها را شروع می‌کنیم باز هم در ضمن سوره‌ها اگر جایی لازم بود در خصوص مباحث مقدماتی با هم صحبت بکنیم، پرانتز باز می‌کنیم با هم صحبت می‌کنیم و انشاالله پیش خواهیم رفت. لذا از بحث‌های مقدماتی درباره تدبر به تناسب سطح سومی که درش هستیم انشاالله ما دیگه عبور می‌کنیم و به اصل سوره‌ها می‌رسیم. سوره مبارکه طلاق. اولین مطلبی که باید درباره این سوره عرض کنم خدمتتون این است که خیلی‌ها میگن عجیبه قرآن ما که می‌دونیم قرآن یک کتاب خیلی مهربونیه، می‌خواد انسان‌ها خوب زندگی کنن، راحت زندگی کنن، به رشد و کمال برسند. چطوره که ما تو این قرآن سوره طلاق داریم، سوره ازدواج نداریم؟ سوره طلاق مهم‌تر شده از ازدواج. چیه جریان؟ حالا انشاالله با تدبر در این سوره به جواب این سؤال باید برسیم. ببینیم آیا سوره طلاق یعنی سوره ترویج طلاق یا یعنی سوره کنترل طلاق، جلوگیری از طلاق، چیه؟ برسیم واقعاً از تو متن سوره برسیم به اینکه دنبال چه هدفی است برای ما. دومین نکته‌ای که باید اشاره کنم این است که اسامی قبلاً هم گفتیم اسامی سوره‌ها را لزوماً خدا و پیغمبر تعیین نکرده‌اند. حالا بگیم این سوره طلاق است. حالا این سوره چون مهم‌ترین احکامی که در این سوره بیان شده احکام طلاق معروف شده به سوره چی؟ طلاق. سومین نکته‌ای که می‌خوام بگم اینه که امروز ما خیلی به این سوره احتیاج داریم. همتون می‌دونید که در جامعه امروزی ما متأسفانه رفته رفته قبح طلاق کمتر می‌شه. رفته رفته آمار طلاق درصدش بالاتر میره. تو بعضی از شهرها، تو بعضی از مثلاً مناطق طلاق حتی به سی درصد رسیده. نزدیک یک سوم از هر سه تا ازدواج، یکیش به طلاق ختم می‌شه. و این خیلی برای جامعه نقطه خطره. زنگ هشدار برای جامعه. و خب تبعات و پیامدهاش هم زیاده. یعنی هم خود طلاق زیاده هم تبعات و پیامدهای کنترل نشده بالایی داره. خب خیلی طبیعیه که یکی از دغدغه‌های خدا، یکی از مسائلی که خدا برای جامعه می‌خواد حل و فصل بکنه و جامعه را درباره اون توجیه ب
… (truncated; see saved file for full transcript)

============================================================
SUMMARY
============================================================
Input file      : 002_آموزش تدبر در سوره طلاق - بخش اول فایل۲ از سطح۳ سال۱۳۹۹ - علی.mp3
Provider        : ElevenLabs Scribe (scribe_v2)
Audio duration  : 1:39:28 (5968.26 s)
Requests        : 1
Billed duration : 5969 s (rounded up to nearest second)
Rate            : $0.22 / audio hour
Estimated cost  : $0.364727 USD
Transcript saved: /Users/mohammadreza/IslamASR/Audios/Tadabor_Sobohi/Manaee/Term3/002/002_آموزش تدبر در سوره طلاق - بخش اول فایل۲ از سطح۳ سال۱۳۹۹ - علی.txt
============================================================
[002] ASR done
[003] ASR elevenlabs → 003_آموزش تدبر در سوره طلاق - بخش دوم فایل۳ از سطح۳ سال۱۳۹۹ - علی.mp3
Provider: ElevenLabs Scribe (scribe_v2)
Progress file (updated after each chunk): /Users/mohammadreza/IslamASR/Audios/Tadabor_Sobohi/Manaee/Term3/003/003_آموزش تدبر در سوره طلاق - بخش دوم فایل۳ از سطح۳ سال۱۳۹۹ - علی.partial.txt
  preparing audio (003_آموزش تدبر در سوره طلاق - بخش دوم فایل۳ از سطح۳ سال۱۳۹۹ - علی.mp3)...
  1:17:51 → 1 request(s)
  progress file: /Users/mohammadreza/IslamASR/Audios/Tadabor_Sobohi/Manaee/Term3/003/003_آموزش تدبر در سوره طلاق - بخش دوم فایل۳ از سطح۳ سال۱۳۹۹ - علی.partial.txt
  [1/1] 0:00–1:17:51 (27372 KB)...
      → 43198 chars: اعوذ بالله من الشيطان الرجيم. بسم الله الرحمن الرحيم وبه نستعين وهو خير ناصر ومعين. الحمد لله رب العالمين وصلى الله على سيدنا ونبينا حبيب اله العالمين ابا القاسم المصطفى محمد. الله…

============================================================
TRANSCRIPTION (preview)
============================================================
اعوذ بالله من الشيطان الرجيم. بسم الله الرحمن الرحيم وبه نستعين وهو خير ناصر ومعين. الحمد لله رب العالمين وصلى الله على سيدنا ونبينا حبيب اله العالمين ابا القاسم المصطفى محمد. اللهم صل على محمد وآل محمد وعجل فرجهم وعلى آله الطيبين الطاهرين. لعنة الله على اعدائهم اجمعين من الان الى قيام يوم الدين. سلام عرض می‌کنم خدمت خواهران و برادران گرامی. خدا رو شکر می‌کنیم که توفیق عطا فرمود بار دیگر در پیشگاه مقدس و نورانی قرآن کریم حاضریم. از خدای بزرگ و مهربان عاجزانه مسألت می‌کنیم این توفیق رو تا آخرین لحظه زندگی از ما سلب نکنه. ما رو با قرآن زنده بدارد و با قرآن بمیراند به برکت صلوات بر محمد و آل محمد. اللهم صل على محمد وآل محمد وعجل فرجهم. بحثی که ما شروع کرده بودیم در جلسه قبلی مربوط به سوره مبارکه طلاق بود. اولین سوره سطح سوم از دوره آموزش معرفتی تدبر. مراحل تدبر رو هم یادتونه از فهم آیات شروع می‌کردیم تا تشخیص سیاق‌ها، جمع‌بندی سیاق‌ها، ارتباط سیاق‌ها و گفتیم که در سطح سوم توقع داریم تو جمع‌بندی سیاق‌ها تمرکز بیشتری داشته باشید. هفته در واقع جلسه آموزشی قبلی مرحله اول تدبر در سوره طلاق رو تا آیه هفتم پیش رفتیم که در این هفت آیه که الان من سریع مرور کردم روی پرده، تو این هفت آیه احکام مربوط به طلاق رجعی در واقع تشریع شده. قانون‌گذاری طلاق رجعی هست که ما در جلسه قبلی آیاتشو خوندیم و فهمیدیم. قشنگ هر آیه‌ای رو تمرکز کردیم، توضیح دادیم، معناشو گفتیم، مکث کردیم، درک کردیم، بعد عبور کردیم. هنوز روند در حقیقت فهم آیات سوره ادامه داره. تا آیه هفت اومدیم و حالا آیه هشتم رو انشاالله از امروز، امروز می‌خوایم آیه هشتم به بعد رو بخونیم و بفهمیم. اعوذ بالله من الشيطان الرجيم. بسم الله الرحمن الرحيم. "و کأين من قرية عتت عن أمر ربها ورسله". "و کأين" یعنی چه بسیار، چه بسیار. "من قرية". چه بسیار آبادی. قرية یعنی آبادی. آبادی لزوماً روستا. تو اصطلاح ما شاید قرية به معنی روستاست ولی تو فرهنگ قرآن قرية أعم از روستا، شهر، بلد، کشور. قرية آبادی، مردم آبادی. حالا چرا گفتم مردم آبادی؟ چون یک آبادی خودش که از فرمان خدا سرپیچی نمی‌کنه که مردمش سرپیچی می‌کنند دیگه. چه بسیار آبادی که چی؟ که "عتت". "عتت" از "اتو". "اتو" یعنی سرکشی. چه بسیار آبادی که سرکشی کرد، سرکشی کرد، طغیان کرد. "اتو". "عن أمر رب
… (truncated; see saved file for full transcript)

============================================================
SUMMARY
============================================================
Input file      : 003_آموزش تدبر در سوره طلاق - بخش دوم فایل۳ از سطح۳ سال۱۳۹۹ - علی.mp3
Provider        : ElevenLabs Scribe (scribe_v2)
Audio duration  : 1:17:51 (4671.40 s)
Requests        : 1
Billed duration : 4672 s (rounded up to nearest second)
Rate            : $0.22 / audio hour
Estimated cost  : $0.285474 USD
Transcript saved: /Users/mohammadreza/IslamASR/Audios/Tadabor_Sobohi/Manaee/Term3/003/003_آموزش تدبر در سوره طلاق - بخش دوم فایل۳ از سطح۳ سال۱۳۹۹ - علی.txt
============================================================
[003] ASR done
[004] ASR elevenlabs → 004_آموزش تدبر در سوره طلاق - بخش سوم فایل۴ از سطح۳ سال۱۳۹۹ - علی.mp3
Provider: ElevenLabs Scribe (scribe_v2)
Progress file (updated after each chunk): /Users/mohammadreza/IslamASR/Audios/Tadabor_Sobohi/Manaee/Term3/004/004_آموزش تدبر در سوره طلاق - بخش سوم فایل۴ از سطح۳ سال۱۳۹۹ - علی.partial.txt
  preparing audio (004_آموزش تدبر در سوره طلاق - بخش سوم فایل۴ از سطح۳ سال۱۳۹۹ - علی.mp3)...
  1:23:24 → 1 request(s)
  progress file: /Users/mohammadreza/IslamASR/Audios/Tadabor_Sobohi/Manaee/Term3/004/004_آموزش تدبر در سوره طلاق - بخش سوم فایل۴ از سطح۳ سال۱۳۹۹ - علی.partial.txt
  [1/1] 0:00–1:23:24 (29321 KB)...
      → 45086 chars: بسم الله الرحمن الرحیم. سیاق‌های سوره مبارکه طلاق مشخص شده. ما تو این مرحله می‌خوایم انشاالله جمع‌بندی هر سیاق رو داشته باشیم. همونطور که عرض کردم می‌خوایم رو قسمت جمع‌بندی یه توجه…

============================================================
TRANSCRIPTION (preview)
============================================================
بسم الله الرحمن الرحیم. سیاق‌های سوره مبارکه طلاق مشخص شده. ما تو این مرحله می‌خوایم انشاالله جمع‌بندی هر سیاق رو داشته باشیم. همونطور که عرض کردم می‌خوایم رو قسمت جمع‌بندی یه توجه بیشتری بکنیم. انشاالله شماها هم باید توی تکالیفتون رو قسمت جمع‌بندی تمرکز بیشتری داشته باشید. حالا در این سوره طلاق که ما هستیم خیلی جمع‌بندی سختی هم نداریم ولی خب باید یه مقدار با دقت و حساب شده بتونیم انشاالله جمع‌بندی‌مون رو پیش ببریم. اگر بخوایم یک جمع‌بندی سرانگشتی و اولیه داشته باشیم، خیلی روشنه که سیاق اول سوره بحث اصلیش چیه؟ احکام طلاق. مهم‌ترین رقیبی که داره تو جمع‌بندی، مهم‌ترین رقیبی که احکام طلاق تو جمع‌بندی داره در سیاق اول چیه؟ تقواست. یعنی اگر نگاه بکنیم آیات سیاق اولو یک دور مرور کنیم. ببینید این دو تا قسمت که "طلّقوهن لعَدَتِهِنَّ أهْلَ العِدَّة" حکم طلاق. بعد "اتق الله" باز "لا تخرجوهن من بيوتهن ولا يخرجن إلا أن يأتين" باز اینا چی‌ان؟ احکام طلاق. "تلك حدود الله ومن يتعد حدود الله" اما رفیق چیه؟ بگید. رفیق "اتق الله"ه. "اتق الله تلك حدود الله ومن يتعد حدود الله فقد ظلم نفسه". حالا "لا تبديل لله يحدث بعد ذلك أمرا" را من نمی‌خوام متصل کنم به تقوا و به "تلك حدود الله". ولی که یه جور بینابینه. نه می‌تونیم به خصوص تقوا بزنیمش، نه می‌تونیم به خصوص احکام طلاق بزنیم. یه جورایی هر دوشه. یعنی اگر احکام طلاق به شکل متقیانه رعایت بشود، امید می‌رود که خداوند بعد از طلاق امر دیگری حادث کند. یعنی به جای طلاق، پیوند و ادامه زندگی را خدا جایگزین بکند. خب بگذریم. پس تو این آیه یه خط احکام طلاق داشتیم، یه خط تقوا و حدود الله. بیاییم آیه بعدی. باز "إذا بلغن أجلهن أمسكوهن فارقوهن أشهدوا ذوي عدل منكم أقيموا الشهادة لله" اینا همه احکام. اما "ذلكم يؤذى به من كان يؤمن بالله" رفیقش چیه؟ باز هم بحث تقواست. باز "ومن يتق الله يجعل له مخرجا ويرزقه من حيث لا يحتسب" ادامه خط چیه؟ باز هم تقواست. "ومن يتوكل على الله فهو حسبه" ادامه باز خط تقواست. تقوا توکل می‌خواهد. "إن الله بالغ أمره" هم که استدلال "من يتوکل"ه. یعنی تو این قسمت می‌بینیم از "ذلكم يؤذى" تا خود آخر آیه سه بحث ما اون ادامه بحث خط تقوا هست. میایم اینجا "واللائي يعسن من المحيض" حکمه، "ولات الأحمال" حکمه اما باز "ومن يتق الله يجعل له من أمره يس
… (truncated; see saved file for full transcript)

============================================================
SUMMARY
============================================================
Input file      : 004_آموزش تدبر در سوره طلاق - بخش سوم فایل۴ از سطح۳ سال۱۳۹۹ - علی.mp3
Provider        : ElevenLabs Scribe (scribe_v2)
Audio duration  : 1:23:24 (5004.00 s)
Requests        : 1
Billed duration : 5004 s (rounded up to nearest second)
Rate            : $0.22 / audio hour
Estimated cost  : $0.305800 USD
Transcript saved: /Users/mohammadreza/IslamASR/Audios/Tadabor_Sobohi/Manaee/Term3/004/004_آموزش تدبر در سوره طلاق - بخش سوم فایل۴ از سطح۳ سال۱۳۹۹ - علی.txt
============================================================
[004] ASR done
[005] ASR elevenlabs → 005_آموزش تدبر در سوره تحریم - بخش اول فایل۵ از سطح۳ سال۱۳۹۹ - علی.mp3
Provider: ElevenLabs Scribe (scribe_v2)
Progress file (updated after each chunk): /Users/mohammadreza/IslamASR/Audios/Tadabor_Sobohi/Manaee/Term3/005/005_آموزش تدبر در سوره تحریم - بخش اول فایل۵ از سطح۳ سال۱۳۹۹ - علی.partial.txt
  preparing audio (005_آموزش تدبر در سوره تحریم - بخش اول فایل۵ از سطح۳ سال۱۳۹۹ - علی.mp3)...
  1:20:31 → 1 request(s)
  progress file: /Users/mohammadreza/IslamASR/Audios/Tadabor_Sobohi/Manaee/Term3/005/005_آموزش تدبر در سوره تحریم - بخش اول فایل۵ از سطح۳ سال۱۳۹۹ - علی.partial.txt
  [1/1] 0:00–1:20:31 (28309 KB)...
      → 45096 chars: اعوذ بالله من الشيطان الرجيم. بسم الله الرحمن الرحيم. الحمد لله رب العالمين وصلى الله على سيدنا ونبينا حبيب اله العالمين ابا القاسم المصطفى محمد اللهم صل على محمد وآل محمد وعجل فرج…

============================================================
TRANSCRIPTION (preview)
============================================================
اعوذ بالله من الشيطان الرجيم. بسم الله الرحمن الرحيم. الحمد لله رب العالمين وصلى الله على سيدنا ونبينا حبيب اله العالمين ابا القاسم المصطفى محمد اللهم صل على محمد وآل محمد وعجل فرجه. وعلى آله الطيبين الطاهرين ولعنة الله على أعدائهم أجمعين من الآن إلى قيام يوم الدين. عرض سلام و ادب و احترام محضر حاضران محترم در جلسه. خدا رو شکر میکنیم که توفیق داریم در پیشگاه مقدس قرآن حاضریم. آرزو میکنیم امروز هم بتونیم از محضر با سعادت قرآن حداکثر استفاده رو داشته باشیم. هم با تدبر آشناتر بشیم و هم ان شا الله از معارف نورانی و ناب سوره مبارکه تحریم بهره‌مند بشیم ان شا الله. به برکت صلوات بر محمد و آل محمد. اللهم صل على محمد. و عجل فرجه. امروز ان شا الله می‌خوایم تدبر در سوره تحریم رو آغاز کنیم و طبق روال تدبر در همه سوره‌های قرآن کریم مراحلی رو طی می‌کنیم. مرحله اول فهم آیات این سوره هست که ان شا الله کار کردید و ما هم یک مروری خواهیم داشت تا فهممون از آیات هماهنگ‌تر بشه. مرحله بعدی تشخیص سیاق‌های سوره هست که بازم ان شا الله کار کردید و کنترل خواهد شد، بررسی خواهد شد. مرحله سوم جمع‌بندی هر سیاقه که حالا به طور ویژه از شما خواسته شده توی این مرحله بیشتر زحمت بکشید، وقت بگذارید که اینم ان شا الله با کمک شما دنبال خواهد شد و در نهایت مرحله چهارم کشف ارتباط سیاق‌هاست. اما وارد بشیم به بحث آیات سوره. أعوذ بالله من الشيطان الرجيم. بسم الله الرحمن الرحيم. يا أيها النبي لم تحرم ما أحل الله لك تبتغي مرضاة أزواجك. یک سؤال خدا از پیامبر گرامی اسلام سؤال می‌پرسه يا أيها النبي ای پیامبر لم چرا تحرم چرا تحریم کردی؟ تحرم مصدرش میشه چی؟ تحریم. سوره تحریم هم به همین مناسبت تحریم معروف شده به تحریم. بله. چرا تحریم کردی ما أحل الله لك آن چیز را ما یعنی آن چیز را که أحل حلال کرد الله لك خدا برای تو. چرا آن چیزی را که خدا برای تو حلال کرد، تو برای خودت چی کار کردی؟ حرام قرار دادی. به چه منظور این کار را کردی؟ تبتغي، تبتغي مصدرش ابتغاء جستجو در طلب بودن. تبتغي یعنی طلب می‌کنی مرضاة أزواجك رضایت همسرانت را. یعنی تو برای اینکه همسرانت را از خودت راضی کنی، یک چیزی را که خدا بر تو حلال قرار داده بر خودت چی کار کردی؟ حرام کردی. چرا؟ خدا ازش سؤال می‌کنه چرا؟ چرا این کارو کردی؟ خب من دو تا نکته رو باید تا اینج
… (truncated; see saved file for full transcript)

============================================================
SUMMARY
============================================================
Input file      : 005_آموزش تدبر در سوره تحریم - بخش اول فایل۵ از سطح۳ سال۱۳۹۹ - علی.mp3
Provider        : ElevenLabs Scribe (scribe_v2)
Audio duration  : 1:20:31 (4831.31 s)
Requests        : 1
Billed duration : 4832 s (rounded up to nearest second)
Rate            : $0.22 / audio hour
Estimated cost  : $0.295247 USD
Transcript saved: /Users/mohammadreza/IslamASR/Audios/Tadabor_Sobohi/Manaee/Term3/005/005_آموزش تدبر در سوره تحریم - بخش اول فایل۵ از سطح۳ سال۱۳۹۹ - علی.txt
============================================================
[005] ASR done
[006] ASR elevenlabs → 006_آموزش تدبر در سوره تحریم - بخش دوم فایل۶ از سطح۳ سال۱۳۹۹ - علی.mp3
Provider: ElevenLabs Scribe (scribe_v2)
Progress file (updated after each chunk): /Users/mohammadreza/IslamASR/Audios/Tadabor_Sobohi/Manaee/Term3/006/006_آموزش تدبر در سوره تحریم - بخش دوم فایل۶ از سطح۳ سال۱۳۹۹ - علی.partial.txt
  preparing audio (006_آموزش تدبر در سوره تحریم - بخش دوم فایل۶ از سطح۳ سال۱۳۹۹ - علی.mp3)...
  1:28:25 → 1 request(s)
  progress file: /Users/mohammadreza/IslamASR/Audios/Tadabor_Sobohi/Manaee/Term3/006/006_آموزش تدبر در سوره تحریم - بخش دوم فایل۶ از سطح۳ سال۱۳۹۹ - علی.partial.txt
  [1/1] 0:00–1:28:25 (31085 KB)...
      → 50559 chars: تا آیه نه رو با هم خوندیم سعی کردیم به درکی از معنای این آیات برسیم. ولی توجه داریم که هنوز در مرحله اول تدبر در این سوره ایم. یعنی فعلاً داریم آیات رو بحث می‌کنیم. حالا دسته تشخیص…

============================================================
TRANSCRIPTION (preview)
============================================================
تا آیه نه رو با هم خوندیم سعی کردیم به درکی از معنای این آیات برسیم. ولی توجه داریم که هنوز در مرحله اول تدبر در این سوره ایم. یعنی فعلاً داریم آیات رو بحث می‌کنیم. حالا دسته تشخیص سیاق ها و جمع‌بندی و ارتباط یابی و اینا پیش روه. اما ادامه بحث. ورب الله مثلا للذین كفروا خدا مثلی زد برای کافران. مثل زدن یعنی چی؟ مثل زدن یعنی خدا میخواد برای کافران یک بیان کوتاه گویایی پیدا کنه و به ما بگه که بهتر از اون، یعنی یه بیان خیلی کوتاه و گویایی باشه که به خوبی حال کافران رو برای ما چه کار کنه؟ مشخص بکنه. میشه مثل زدن. توی ادبیات خودمونم ضرب المثل اون بیان کوتاهی коротاه گویای که در چند کلمه کوتاه میخواد بیشترین معنا رو به شما منتقل کنه. به جای یه پاراگراف حرف زدن میگه بار کج به منزل نمیرسد. تمام. حالا اینم همینطوره. ورب الله مثلا للذین كفروا خدا مثل زد برای کافران. تو یه کلمه امرأت نوح وامرأت لوط. همسر نوح را و همسر لوط را. جالبه که خدا برای کافران خواسته مثل بزنه در این سوره به چی مثل زده؟ به دو نفر. اولاً دو نفر. چرا؟ چون در این سوره بحث از خیانت چند نفر زن پیغمبر بود. دو تا زن پیغمبر. ان تتوبا توا هرا. دو نفر. ثانیا هر دو نفر هم مثل هر دو نفر سوره ما همسر کی ان؟ همسر پیغمبرند. اما شدن تابلو چی؟ کفر. ورب الله مثلا للذین كفروا امرأت نوح وامرأت لوط. خدا برای کافران مثل زد زن نوح را و زن لوط علیه السلام را. کانتا تحت عبدین من عبادنا صالحین. کانتا یعنی بودند این دو نفر تحت عبدین من عبادنا. یعنی بودند همسر دو تا از بندگان ما. عبدین دو بنده من عبادنا از بندگان ما. اینکه تحت عبدین من عبادنا یعنی اینا تحت ولایت و همسر این دو تا پیغمبر بودند. ولی تعبیر خیلی تشریفات داری بگید نیست. نمیگه کانتا مثلا زوجین یا زوجتين لعبدین من عبادنا. نمیگه زوج‌های دو تا بنده خوب ما بودند. میگه کانتا تحت عبدین من عبادنا یعنی با یه تعبیر خیلی پیش پا افتاده‌ای از نسبت اینها با پیغمبران یاد میکنه. چرا? چون خدا به نوع همسری اینها برای اون پیغمبران معترضه، منتقده. به این نمیگن همسر بودن. این همون تحت عبدین من عبادنا است. بیشتر چیزی نیست. کانتا تحت عبدین من عبادنا صالحین. اینا همسر دو تا از بنده‌های صالح ما بودند. فخانتاهما. پس این دو نفر به اون دو تا بنده صالح ما یعنی نوح و لوط خیانت کردند. فلم يغنيا عنهما 
… (truncated; see saved file for full transcript)

============================================================
SUMMARY
============================================================
Input file      : 006_آموزش تدبر در سوره تحریم - بخش دوم فایل۶ از سطح۳ سال۱۳۹۹ - علی.mp3
Provider        : ElevenLabs Scribe (scribe_v2)
Audio duration  : 1:28:25 (5305.10 s)
Requests        : 1
Billed duration : 5306 s (rounded up to nearest second)
Rate            : $0.22 / audio hour
Estimated cost  : $0.324201 USD
Transcript saved: /Users/mohammadreza/IslamASR/Audios/Tadabor_Sobohi/Manaee/Term3/006/006_آموزش تدبر در سوره تحریم - بخش دوم فایل۶ از سطح۳ سال۱۳۹۹ - علی.txt
============================================================
[006] ASR done
[007] ASR elevenlabs → 007_آموزش تدبر در سوره تحریم - بخش سوم فایل۷ از سطح۳ سال۱۳۹۹ - علی.mp3
Provider: ElevenLabs Scribe (scribe_v2)
Progress file (updated after each chunk): /Users/mohammadreza/IslamASR/Audios/Tadabor_Sobohi/Manaee/Term3/007/007_آموزش تدبر در سوره تحریم - بخش سوم فایل۷ از سطح۳ سال۱۳۹۹ - علی.partial.txt
  preparing audio (007_آموزش تدبر در سوره تحریم - بخش سوم فایل۷ از سطح۳ سال۱۳۹۹ - علی.mp3)...
  17:00 → 1 request(s)
  progress file: /Users/mohammadreza/IslamASR/Audios/Tadabor_Sobohi/Manaee/Term3/007/007_آموزش تدبر در سوره تحریم - بخش سوم فایل۷ از سطح۳ سال۱۳۹۹ - علی.partial.txt
  [1/1] 0:00–17:00 (5977 KB)...
      → 10738 chars: عرض کرده بودم که در ابتدای جلسه اگر سوالی از سوره تحریم باشه، ابهامی، اشکالی در سوره تحریم داشته باشیم پاسخ بدیم بعد سوره ملک رو شروع کنیم. اگر سوالی هست من در خدمتم بفرمایید. پیام…

============================================================
TRANSCRIPTION (preview)
============================================================
عرض کرده بودم که در ابتدای جلسه اگر سوالی از سوره تحریم باشه، ابهامی، اشکالی در سوره تحریم داشته باشیم پاسخ بدیم بعد سوره ملک رو شروع کنیم. اگر سوالی هست من در خدمتم بفرمایید. پیامبر چه قسمی خورده بودند؟ ببینید تصریح نشده ولی اونچه که از سیاق اول برمی‌آد اینه که پیامبر قسم خورده بودند که اینها را طلاق ندن، همسران خود را طلاق ندهند. طلاق دادن جزء امور مباح بر پیغمبر محسوب میشه. اگر میخواست طلاق بده میتونست از این حقش چیکار کنه؟ استفاده کنه. ولی برای جلب رضایت همسرانش و بدست آوردن دل اونها که اونا از یک مسئله‌ای به هر حال خوشحال بشن و جای دیگری پیغمبر رو خوشحال بکنن، پیامبر سوگند یاد کرده بودند که اینها را طلاق ندن. من این مطلب رو از شأن نزول نمیگم. برداشتی‌ست که از سیاق اول کردم. چرا؟ چون در ابتدا که خدا می‌فرماید "لم تحرم ما احلل الله لك تبتغي مرضات ازواجک" بعد می‌فرماید که "قد فرض الله لكم تحلة أيمانكم" یعنی به پیغمبر پیشنهاد میده قسمتو بشکن. هیچی نمیگه اون قسمه چی بوده و آیا پیغمبر قسمو شکست یا نه. فقط جلوتر میایم میگه "عسی ربه إن فلّقكن". یه چیزی اینجا خدا میگه امیدوار است پروردگار پیغمبر که اگر ایشون یعنی پیغمبر شما را طلاق داد، بهتر از شما را به او بدهد. این گزینه رو در ذهن ما تقویت میکنه که خدا بعد از اینکه به پیغمبرش گفته قسمتو بشکن، الان میخواد بگه خیالت راحت اگر از گزینه طلاق استفاده کنی، من بهتر از این همسران رو به تو خواهم داد. این سؤال اولتون. سؤال اینه چرا قرآن کریم صراحتاً به مسئله اینکه این توطئه چی بوده، اون قسم چی بوده و غیره اشاره نکرده. و من میخوام سؤال شما رو حتی یه مقدار کامل‌تر بکنم. چرا اصلا قرآن کریم در حوزه ولایت به تصریح اسم اولیاء بعد از پیغمبر و نمیدونم حل مسائلی که دیگه امت دچار شعبه‌ها و شاخه‌ها و غیره نشود، چرا قرآن کریم اصلاً اونجاها این کارو نکرده؟ من چرا میگم این کامل‌ترشه؟ چون این سوره با توجه به درکی که ما داشتیم، توطئه‌ای که تو بیت پیغمبر اتفاق افتاده، این توطئه در حوزه ولایت و امامت تحقق یافت. لذا اگر اینجا هم تصریح نشده به بعضی از چیزا، اینم یه قسمتی از همین سیاست قرآنه که کلاً در حوزه ولایت و امامت با تصریح اسم و مشخص کردن نفر و اینا پیش نرفته، بلکه اومده قرآن کریم در حد پایه‌گذاری، طراحی، پی‌ریزی اینجوری عمل کرده. ببینید شاید
… (truncated; see saved file for full transcript)

============================================================
SUMMARY
============================================================
Input file      : 007_آموزش تدبر در سوره تحریم - بخش سوم فایل۷ از سطح۳ سال۱۳۹۹ - علی.mp3
Provider        : ElevenLabs Scribe (scribe_v2)
Audio duration  : 17:00 (1019.95 s)
Requests        : 1
Billed duration : 1020 s (rounded up to nearest second)
Rate            : $0.22 / audio hour
Estimated cost  : $0.062330 USD
Transcript saved: /Users/mohammadreza/IslamASR/Audios/Tadabor_Sobohi/Manaee/Term3/007/007_آموزش تدبر در سوره تحریم - بخش سوم فایل۷ از سطح۳ سال۱۳۹۹ - علی.txt
============================================================
[007] ASR done
[008] ASR elevenlabs → 008_آموزش تدبر در سوره مُلک - بخش اول فایل۸ از سطح۳ سال۱۳۹۹ - علی.mp3
Provider: ElevenLabs Scribe (scribe_v2)
Progress file (updated after each chunk): /Users/mohammadreza/IslamASR/Audios/Tadabor_Sobohi/Manaee/Term3/008/008_آموزش تدبر در سوره مُلک - بخش اول فایل۸ از سطح۳ سال۱۳۹۹ - علی.partial.txt
  preparing audio (008_آموزش تدبر در سوره مُلک - بخش اول فایل۸ از سطح۳ سال۱۳۹۹ - علی.mp3)...
  33:36 → 1 request(s)
  progress file: /Users/mohammadreza/IslamASR/Audios/Tadabor_Sobohi/Manaee/Term3/008/008_آموزش تدبر در سوره مُلک - بخش اول فایل۸ از سطح۳ سال۱۳۹۹ - علی.partial.txt
  [1/1] 0:00–33:36 (11811 KB)...
      → 18327 chars: سوره‌های مبارکه طلاق و تحریم دو تا سوره ای بودند که مال مجموعه ده سوره ای حدید تا تحریم‌اند. یعنی از هشت تا سوره قبل از طلاق از سوره حدید تا الان تا اینجا که سوره ملک میخواد شروع ب…

============================================================
TRANSCRIPTION (preview)
============================================================
سوره‌های مبارکه طلاق و تحریم دو تا سوره ای بودند که مال مجموعه ده سوره ای حدید تا تحریم‌اند. یعنی از هشت تا سوره قبل از طلاق از سوره حدید تا الان تا اینجا که سوره ملک میخواد شروع بشه از حدید تا تحریم ما میگیم ده تا سوره است. این ده تا سوره فضای اجتماعی-سیاسی داشتند. از ملک به بعد فضای سوره ها، فضای اعتقادیه. یعنی الان ما سوره ملک که میخوایم کار بکنیم، سوره ملک با سوره تحریم یا سوره طلاق به لحاظ ماهیت و محتوا کاملاً متفاوته. یعنی بحثهای اجتماعی-سیاسی دیگه نیست. بحثهای اعتقادیه. شبیه سوره های دو-- مرحله قبلمونه که ما داشتیم از این سوره ها. خب شروع کنیم اول آیات رو با هم یه مرور بکنیم. معانی آیات رو بگذرونیم از ذهنمون. بعد انشاالله سیاق‌بندی و جمع‌بندی و ارتباط‌یابی. بسم الله الرحمن الرحیم. "تبارک الذي بيده الملك وهو على كل شيء قدير". "الذي بيده الملك" یعنی اون کسی که ملک دست اوست. ملک یعنی چی؟ فرمانروایی. "الذي بيده الملك" یعنی کسی که فرمانروایی دست اوست. "تبارک الذي بيده الملك". یعنی اون کسی که فرمانروایی دست اوست، او با برکت است. با توجه به اینکه گفته کسی که فرمانروایی دست اوست با برکت است، یعنی مدل فرمانروایی‌اش فرمانروایی با، با برکت است. فرمانروایی با برکت. برکت چیه؟ برکت... یه جورایی به درد بخور شدن یه چیزیه. حالا من براتون بخوام تطبیق بدم مثال بزنم. مثلاً میگن آقا برکتش مهمه. دیدید بعضی از کاسب‌ها میگن برکتش مهمه. راست هم میگن. پول به زیادیش نیست، به برکتشه. یه وقت شما می‌بینی یه پول زیادی به دست آوردی برکت نداره. یعنی به دردت نمی‌خوره. از دستت میره. نمی‌تونی ازش، خیر نمی‌بینی ازش. این پوله به دست آوردیش ولی برکت نداره. فایده به حالت نمی‌کنه. اِ همش خرج یه تصادف شد رفت. بر فرضی که خرج تصادف شدن برکت نباشه ها، دارم عرفی حرف می‌زنم عرفی. و الا ممکنه یه وقتی پول خرج تصادف بشه بازم اونم یه برکتی توش باشه انسان خودش از اون غافل باشه. عرفی میخوام بگم. اِ این پول انگار برکت نداشت، رفت اصلاً نموند به دردم نخورد، به کارم نیومد. اما یه وقت می‌بینی یه پول کمی یه جایی به دردت می‌خوره. پول زیادی نیستا صدهزار تومنه، پنجاه هزار تومنه. ولی یه جوری یه جایی کمکت می‌کنه که اندازه پنج میلیون، اندازه ده میلیون کمکت می‌کنه. به کارت میاد. مشکلتو حل می‌کنه، کارتو راه میندازه. این دیگه
… (truncated; see saved file for full transcript)

============================================================
SUMMARY
============================================================
Input file      : 008_آموزش تدبر در سوره مُلک - بخش اول فایل۸ از سطح۳ سال۱۳۹۹ - علی.mp3
Provider        : ElevenLabs Scribe (scribe_v2)
Audio duration  : 33:36 (2015.75 s)
Requests        : 1
Billed duration : 2016 s (rounded up to nearest second)
Rate            : $0.22 / audio hour
Estimated cost  : $0.123185 USD
Transcript saved: /Users/mohammadreza/IslamASR/Audios/Tadabor_Sobohi/Manaee/Term3/008/008_آموزش تدبر در سوره مُلک - بخش اول فایل۸ از سطح۳ سال۱۳۹۹ - علی.txt
============================================================
[008] ASR done
[009] ASR elevenlabs → 009_آموزش تدبر در سوره مُلک - بخش دوم فایل۹ از سطح۳ سال۱۳۹۹ - علی.mp3
Provider: ElevenLabs Scribe (scribe_v2)
Progress file (updated after each chunk): /Users/mohammadreza/IslamASR/Audios/Tadabor_Sobohi/Manaee/Term3/009/009_آموزش تدبر در سوره مُلک - بخش دوم فایل۹ از سطح۳ سال۱۳۹۹ - علی.partial.txt
  preparing audio (009_آموزش تدبر در سوره مُلک - بخش دوم فایل۹ از سطح۳ سال۱۳۹۹ - علی.mp3)...
  1:18:42 → 1 request(s)
  progress file: /Users/mohammadreza/IslamASR/Audios/Tadabor_Sobohi/Manaee/Term3/009/009_آموزش تدبر در سوره مُلک - بخش دوم فایل۹ از سطح۳ سال۱۳۹۹ - علی.partial.txt
  [1/1] 0:00–1:18:42 (27670 KB)...
      → 48429 chars: اعوذ بالله من الشيطان الرجيم. بسم الله الرحمن الرحيم. اعوذ بالله من الشيطان الرجيم. ولقد زينا السماء الدنيا بمصابيح. لام تأکید قدم تأکید لقد یعنی قطعاً به تحقیق. به تحقیق زينا زینت…

============================================================
TRANSCRIPTION (preview)
============================================================
اعوذ بالله من الشيطان الرجيم. بسم الله الرحمن الرحيم. اعوذ بالله من الشيطان الرجيم. ولقد زينا السماء الدنيا بمصابيح. لام تأکید قدم تأکید لقد یعنی قطعاً به تحقیق. به تحقیق زينا زینت دادیم. السماء الدنيا آسمان دنیا را بمصابيح با، با مصباح ها. مصباح یعنی چراغ. با چراغ‌ها. که اینجا منظور از چراغ‌ها چیه؟ ستاره‌ها و سیاره‌ها. اجرام نورانی آسمان. خدا می‌فرماید با مصابیح آسمان چی رو زینت دادیم؟ دنیا را. یعنی ببینید شما تا هر جایی که برید خبر از ستاره و سیاره باشد همه مال آسمان دنیاست. آسمان دنیا یعنی همین آسمان اولی که بالا سرمونه. پس خب حالا الان به حساب و کتاب و عدد و رقم‌های نجومی‌هایی که امروز دارن صحبت می‌کنند چقدر بریم آسمان اول تموم بشه؟ شما هرچی میری باز ستاره هست باز کهکشان هست. رفتن که بماند منظورمون از رفتن عمق مثلاً نفوذ مطالعات ماست. و الا تلسکوپ‌های ما که دیگه از یه جایی به بعد رو نمی‌کاود. حالا ماهواره می‌فرستیم فضا نمی‌دونم بالاخره موشک می‌فرستیم فضا چهارتا از این کارا دیگه تا یک کیلومتری می‌تونیم بریم بالا. دیگه بعدش اصلاً از دسترس ماها فعلاً خارجه. اما خب نگاه ما تا هر جا که مسلح و غیرمسلح، با پرواز و بی پرواز، هر چقدر که شما می‌تونی بررسی بکنی تا جایی که ستاره، سیاره وجود داره همه آسمان اوله. که همین آسمان اول به تصریح قرآن کریم لحظه به لحظه در حال توسعه است. خدا میگه انا لموسعون ما داریم توسعه‌اش میدیم. پس بنابراین دقت کردیم با همین مطلب متوجه میشیم که وقتی صحبت از آسمان دوم تا هفتمه، صحبت از کیلومتر و مسافت و اینا نیست. تا جایی که کیلومتر و مسافت و جرم و نمی‌دونم ستاره و سیاره هست همه آسمان اوله. خب پس این ستاره‌ها یکی از فلسفه‌های وجودی‌شون شد چی بگید؟ زینت بخش. خیلی هم قشنگه. خیلی هم قشنگه. حالا بازم از جاهایی که ارزش داره آدم تجربه بکنه رؤیت آسمان تو شب ظلمانی تو دل ظلمت و حالا کویر که دیگه کویر به خاطر اون ظلمتی که تأمین می‌کنه بیشترین احساس نزدیکی رو آدم به آدم میده در مقایسه با آسمان. آسمان ستاره بارون وقتی هوا پاک باشه و تاریک باشه یعنی نور ماه یا نور چراغ‌ها و این‌ها در واقع فضا رو نگرفته باشه، اون ظلمت مطلق وجود داشته باشه، اون وقت تازه اون زیبایی و زینت مصابیحی که خدا تو آسمان قرار داده به اوج خودش می‌رسه. وجعلناها رجوما للشياطين. اما کارکرد ا
… (truncated; see saved file for full transcript)

============================================================
SUMMARY
============================================================
Input file      : 009_آموزش تدبر در سوره مُلک - بخش دوم فایل۹ از سطح۳ سال۱۳۹۹ - علی.mp3
Provider        : ElevenLabs Scribe (scribe_v2)
Audio duration  : 1:18:42 (4722.37 s)
Requests        : 1
Billed duration : 4723 s (rounded up to nearest second)
Rate            : $0.22 / audio hour
Estimated cost  : $0.288589 USD
Transcript saved: /Users/mohammadreza/IslamASR/Audios/Tadabor_Sobohi/Manaee/Term3/009/009_آموزش تدبر در سوره مُلک - بخش دوم فایل۹ از سطح۳ سال۱۳۹۹ - علی.txt
============================================================
[009] ASR done
[010] ASR elevenlabs → 010_آموزش تدبر در سوره مُلک - بخش سوم فایل۱۰ از سطح۳ سال۱۳۹۹ - علی.mp3
Provider: ElevenLabs Scribe (scribe_v2)
Progress file (updated after each chunk): /Users/mohammadreza/IslamASR/Audios/Tadabor_Sobohi/Manaee/Term3/010/010_آموزش تدبر در سوره مُلک - بخش سوم فایل۱۰ از سطح۳ سال۱۳۹۹ - علی.partial.txt
  preparing audio (010_آموزش تدبر در سوره مُلک - بخش سوم فایل۱۰ از سطح۳ سال۱۳۹۹ - علی.mp3)...
  1:23:11 → 1 request(s)
  progress file: /Users/mohammadreza/IslamASR/Audios/Tadabor_Sobohi/Manaee/Term3/010/010_آموزش تدبر در سوره مُلک - بخش سوم فایل۱۰ از سطح۳ سال۱۳۹۹ - علی.partial.txt
  [1/1] 0:00–1:23:11 (29244 KB)...
      → 44765 chars: اعوذ بالله من الشيطان الرجيم. بسم الله الرحمن الرحيم. الحمد لله رب العالمين وصلى الله على سيدنا ونبينا وحبيب اله العالمين ابى القاسم المصطفى محمد. اللهم صل على محمد وآل محمد. وعلى …

============================================================
TRANSCRIPTION (preview)
============================================================
اعوذ بالله من الشيطان الرجيم. بسم الله الرحمن الرحيم. الحمد لله رب العالمين وصلى الله على سيدنا ونبينا وحبيب اله العالمين ابى القاسم المصطفى محمد. اللهم صل على محمد وآل محمد. وعلى آله الطيبين الطاهرين ولعنة الله على أعدائهم أجمعين من الآن إلى قيام يوم الدين. عرض سلام و ادب و احترام محضر خواهران بزرگوار و خواهران و برادرانی که به شکل زنده برنامه رو دنبال می‌کنند. امیدواریم که خدای بزرگ توفیق عطا کنه در پیشگاه مقدس قرآن کریم باشیم و از آموزه های نورانی این کتاب شریف بیش از گذشته بهره ببریم و توفیق پایبندی به تعالیم قرآن رو در همه ابعاد زندگی از خدا مسألت می‌کنیم. به امید اجابت این دعا صلواتی ختم بفرمایید. اللهم صل على محمد. وآل محمد وعجل فرجهم. در حال تدبر در سوره مبارکه ملک هستیم و مرحله اول که فهم آیات سوره است در جلسه قبلی پیش رفتیم تا آیه نوزده آمدیم. حالا من برای اینکه یادآوری بشه بخشی از مطالبی که در جلسه قبلی گفته شد در حد اشاره عرض کنم که بحث‌ها با آیه شریفه تبارك الذي بيده الملك آغاز شد. ذیل الذي بيده الملك دو تا الذي آمد که شرح بیشتری درباره الذي بيده الملك داد. بعد در آیات بعدی از عدم وجود تفاوت در خلق خدا صحبت کرد. بعد از اون برای کافران از عذاب سعیر برای کافران به ربوبیت و شیاطین از عذاب سعیر صحبت شد و در پایان از خشیت پروردگار و اینکه اهل خشیت از پروردگار مشمول مغفرت و اجر کبیرن صحبت شد. در ادامه آیه‌ای آمد که شما اعتقاد و سخن خودتون رو پنهان یا آشکار کنید خدا می‌داند چرا که او لطیف خبیر است. و بعد خدا فرمود هو الذي جعل لكم الأرض ذلولا فامشوا في مناكبها وكلوا من رزقه. با یک زیرساختی تحت عبارت هو الذي جعل لكم الأرض ذلولا خدا کسی است که زمین را برای شما ذلول رام قرار داد. دو تا ازش خروجی گرفت. یکی فامشوا في مناكبها یکی هم کلوا من رزقه. فامشوا في مناكبها و کلوا من رزقه. روی گرده‌های زمین حرکت بکنید و از رزق خدا بخورید. والیه النشور و بازگشت به سوی خداست. بعد با توجه به همین دو تا خروجی که گرفت، یک سؤال پرسید اامنتم من في السماء ان يخسف بكم الأرض فإذا هي تمور ام امنتم من في السماء ان يرسل عليكم حاصبا فستعلمون كيف نذير. گفتیم این دو تا اامنتم ام امنتم ناظر به هر کدوم ناظر به یکی از این خروجی‌هاست. اینجا که فرمود فامشوا في مناكبها رو زمین راه بروید. پرسید آیا 
… (truncated; see saved file for full transcript)

============================================================
SUMMARY
============================================================
Input file      : 010_آموزش تدبر در سوره مُلک - بخش سوم فایل۱۰ از سطح۳ سال۱۳۹۹ - علی.mp3
Provider        : ElevenLabs Scribe (scribe_v2)
Audio duration  : 1:23:11 (4990.82 s)
Requests        : 1
Billed duration : 4991 s (rounded up to nearest second)
Rate            : $0.22 / audio hour
Estimated cost  : $0.304995 USD
Transcript saved: /Users/mohammadreza/IslamASR/Audios/Tadabor_Sobohi/Manaee/Term3/010/010_آموزش تدبر در سوره مُلک - بخش سوم فایل۱۰ از سطح۳ سال۱۳۹۹ - علی.txt
============================================================
[010] ASR done
[011] ASR elevenlabs → 011_آموزش تدبر در سوره مُلک - بخش چهارم فایل۱۱ از سطح۳ سال۱۳۹۹ - علی.mp3
Provider: ElevenLabs Scribe (scribe_v2)
Progress file (updated after each chunk): /Users/mohammadreza/IslamASR/Audios/Tadabor_Sobohi/Manaee/Term3/011/011_آموزش تدبر در سوره مُلک - بخش چهارم فایل۱۱ از سطح۳ سال۱۳۹۹ - علی.partial.txt
  preparing audio (011_آموزش تدبر در سوره مُلک - بخش چهارم فایل۱۱ از سطح۳ سال۱۳۹۹ - علی.mp3)...
  1:26:13 → 1 request(s)
  progress file: /Users/mohammadreza/IslamASR/Audios/Tadabor_Sobohi/Manaee/Term3/011/011_آموزش تدبر در سوره مُلک - بخش چهارم فایل۱۱ از سطح۳ سال۱۳۹۹ - علی.partial.txt
  [1/1] 0:00–1:26:13 (30310 KB)...
      → 49345 chars: بسم الله الرحمن الرحیم. سلام علیکم و رحمة الله. از آیه سیزده و چهارده صحبت کردیم. گفتیم که متصل بودنش به گذشته قابل قبول نیست. مستقل بودنش هم همچنین. و به این جمع‌بندی رسیدیم که سی…

============================================================
TRANSCRIPTION (preview)
============================================================
بسم الله الرحمن الرحیم. سلام علیکم و رحمة الله. از آیه سیزده و چهارده صحبت کردیم. گفتیم که متصل بودنش به گذشته قابل قبول نیست. مستقل بودنش هم همچنین. و به این جمع‌بندی رسیدیم که سیزده و چهارده یه مقدمه‌ای باشه برای ورود به آیات پونزده به بعد. و با این ملاحظه قولکم در آیه "أسروا قولكم أو اجهروا به". قولکم میشه همون احساس امنیتی که اینجا ازش صحبت میشه. با مقدم-- با آیه پونزده "هو الذي جعل لكم الأرض ذلولا فامشوا في مناكبها وکلوا من رزقه وإليه النشور". "أأمنتُم". ببینید حالا اینو بحثش کنید. "أسروا قولكم أو اجهروا به أأمنتُم أم أمنتُم". احساس امنیت می‌کنید؟ اینه مسئله اصلی شما. اینه مسئله درونی شما. حالا چه پنهانش کنید، چه بگید، چه مخفیش کنید، چه آشکارش کنید. و تا این حل نشه معلومه که هشدارهای نظیر فایده نخواهد داشت. خب. حالا این سیر تا کجا ادامه داره؟ این "فامشوا في مناكبها وكلوا من رزقه" دو تا سرفصل درست می‌کنه که ادامه آیات همینجوری میره جلو. ببینید شونزده ذیل "فامشوا في مناكبها". هفده ذیل "وكلوا من رزقه". با توجه به مفاهیمش. بعد "ولقد كذب الذين من قبلهم فكيف كان نكير". آیه هجده. اینم به شونزده و هفده وصله. یعنی این احساس امنیتی که شما دارید و باعث تکذیب شده، [سرفه] خب قبلی‌ها هم تکذیب کردن چی شد؟ یه عبرتی از قبلی‌ها بگیرید. آیه نوزده در نگاه اول "أولم يروا إلى الطير". بله. کیا "أولم يروا إلى الطير"؟ همینایی که از گذشتگان عبرت نمی‌گیرند. همین ضمیر هم. همینایی که از گذشتگان عبرت نمی‌گیرند. چرا به پرنده‌ها نگاه نمی‌کنند بالا سرشون؟ اما از نظر مفهومی مثل اینکه اتصالش خیلی برای ما جا بگید نیفتاد. ادامه رو که نگاه کردیم حل شد. دیدیم بله، آیه نوزده مقدمه شده برای بیست و برای بیست و یک. اون وقت بیست و بیست و یک یکیش ادامه شونزده، یکیشم ادامه چنده؟ هفده. پس اتصاله برقرار شد. همچنان رفتیم جلو. "أفمن يمشي مكبا على وجهه". داره از کل این مقایسه نتیجه می‌گیره. اگر کسی به این مقایسه بی‌اعتنایی کنه مثل این اونی که رو صورت داره راه میره. "قل هو الذي أنشأكم". میگه حالا ای کسایی که رو صورت دارید راه میرید پس چرا از سمع و ابصار و افئده استفاده نمی‌کنید؟ چرا از گوش و چشم و دل استفاده نمی‌کنید؟ بعد این آیه که میگه "قل هو الذي زرعكم في الأرض وإليه تحشرون". این "هو الذي" و "هو الذي" و "هو ا
… (truncated; see saved file for full transcript)

============================================================
SUMMARY
============================================================
Input file      : 011_آموزش تدبر در سوره مُلک - بخش چهارم فایل۱۱ از سطح۳ سال۱۳۹۹ - علی.mp3
Provider        : ElevenLabs Scribe (scribe_v2)
Audio duration  : 1:26:13 (5172.80 s)
Requests        : 1
Billed duration : 5173 s (rounded up to nearest second)
Rate            : $0.22 / audio hour
Estimated cost  : $0.316116 USD
Transcript saved: /Users/mohammadreza/IslamASR/Audios/Tadabor_Sobohi/Manaee/Term3/011/011_آموزش تدبر در سوره مُلک - بخش چهارم فایل۱۱ از سطح۳ سال۱۳۹۹ - علی.txt
============================================================
[011] ASR done
[012] ASR elevenlabs → 012_آموزش تدبر در سوره مُلک - بخش پنجم فایل۱۲ از سطح۳ سال۱۳۹۹ - علی.mp3
Provider: ElevenLabs Scribe (scribe_v2)
Progress file (updated after each chunk): /Users/mohammadreza/IslamASR/Audios/Tadabor_Sobohi/Manaee/Term3/012/012_آموزش تدبر در سوره مُلک - بخش پنجم فایل۱۲ از سطح۳ سال۱۳۹۹ - علی.partial.txt
  preparing audio (012_آموزش تدبر در سوره مُلک - بخش پنجم فایل۱۲ از سطح۳ سال۱۳۹۹ - علی.mp3)...
  1:19:24 → 1 request(s)
  progress file: /Users/mohammadreza/IslamASR/Audios/Tadabor_Sobohi/Manaee/Term3/012/012_آموزش تدبر در سوره مُلک - بخش پنجم فایل۱۲ از سطح۳ سال۱۳۹۹ - علی.partial.txt
  [1/1] 0:00–1:19:24 (28159 KB)...
      → 44769 chars: اعوذ بالله من الشيطان الرجيم. بسم الله الرحمن الرحيم. الحمد لله رب العالمين وصلى الله على سيدنا ونبينا حبيب اله العالمين ابى القاسم المصطفى محمد. اللهم صل على محمد وآل محمد وعلى آل…

============================================================
TRANSCRIPTION (preview)
============================================================
اعوذ بالله من الشيطان الرجيم. بسم الله الرحمن الرحيم. الحمد لله رب العالمين وصلى الله على سيدنا ونبينا حبيب اله العالمين ابى القاسم المصطفى محمد. اللهم صل على محمد وآل محمد وعلى آله الطيبين الطاهرين ولعنة الله على أعدائهم أجمعين من الآن إلى قيام يوم الدين. عرض سلام و ادب و احترام محضر خواهران و برادران گرامی حاضر در جلسه. امیدوار هستیم خدای بزرگ این توفیق رو به ما عطا بکنه که در این جلسه بتونیم انشاالله در محضر پرفیض قرآن کریم باشیم و از پیشگاه مقدس این کتاب شریف بهره کاملی انشاالله ببریم و انشاالله اونچه از قرآن یاد می‌گیریم سر لوحه زندگی ما، اخلاق ما، رفتار ما و افکار ما باشه به برکت صلوات بر محمد و آل محمد. اللهم صل على محمد و آل محمد و عجل فرجهم. خب ما در حال تدبر در سوره ملک بودیم. مرحله اول که فهم آیات بود سپری شد. مرحله دوم که تشخیص سیاق‌ها بود انجام شد. مرحله سوم که جمع‌بندی سیاق‌ها بود صورت پذیرفت. مرحله چهارم که ارتباط سیاق‌ها بود خواستیم که در این جلسه چند دقیقه اول راجع به این صحبت کنیم. بعد اگر سؤال و ابهامی در سوره ملک باشه اونها رو جواب بدیم انشاالله و بعد در خدمت سوره مبارکه قلم انشاالله قرار بگیریم، تدبر در این سوره رو هم شروع بکنیم. همونطور که مستحضرید گفته شد سوره مبارکه ملک دارای مجموعاً سه تا سیاقه: آیه یک تا چهار، پنج تا دوازده، سیزده تا سی. جمع‌بندی این آیات هم به شکل اجمالی حتماً به خاطر دارید که گفتیم آیات یک تا چهار داره اشاره میکنه به استمرار پربرکت ملک پروردگار عالم. یعنی میخواد بگه ملک عالم در دست خداست و خدا قدرتمندانه و البته با برکت عالم رو فرمانروایی میکنه، مدیریت میکنه. هم نظام موت و حیات را خدا خلق کرده به شکل هدفمند، هم نظام سماوات را خدا خلق کرده و نظام موت و حیات را با نظام سماوات کاملاً هماهنگ قرار داده به گونه‌ای که هیچکدام مصلحت دیگری را فوت نده. و خدا در این باره تحدی کرد. گفت هر قدر می‌خواید بررسی کنید نخواهید رسید با بررسی و تفکر و توجه نخواهید رسید به یک نقطه ضعفی در مدیریت این عالم. این عالم به احسن وجه خلق شده و به احسن وجه مدیریت میشه. نظام تشریعش با نظام تکوینش کاملاً هماهنگ و منطبقه. اونطوری نیست کسی بگه نظام تکوین تحمل نظام تشریع را نداره یا بگه نظام تشریع مصلحت نظام تکوین را به هم میزنه. نه، عالم به نحو احسن قابل م
… (truncated; see saved file for full transcript)

============================================================
SUMMARY
============================================================
Input file      : 012_آموزش تدبر در سوره مُلک - بخش پنجم فایل۱۲ از سطح۳ سال۱۳۹۹ - علی.mp3
Provider        : ElevenLabs Scribe (scribe_v2)
Audio duration  : 1:19:24 (4763.52 s)
Requests        : 1
Billed duration : 4764 s (rounded up to nearest second)
Rate            : $0.22 / audio hour
Estimated cost  : $0.291104 USD
Transcript saved: /Users/mohammadreza/IslamASR/Audios/Tadabor_Sobohi/Manaee/Term3/012/012_آموزش تدبر در سوره مُلک - بخش پنجم فایل۱۲ از سطح۳ سال۱۳۹۹ - علی.txt
============================================================
[012] ASR done
[013] ASR elevenlabs → 013_آموزش تدبر در سوره قلم - بخش اول فایل۱۳ از سطح۳ سال۱۳۹۹ - علی.mp3
Provider: ElevenLabs Scribe (scribe_v2)
Progress file (updated after each chunk): /Users/mohammadreza/IslamASR/Audios/Tadabor_Sobohi/Manaee/Term3/013/013_آموزش تدبر در سوره قلم - بخش اول فایل۱۳ از سطح۳ سال۱۳۹۹ - علی.partial.txt
  preparing audio (013_آموزش تدبر در سوره قلم - بخش اول فایل۱۳ از سطح۳ سال۱۳۹۹ - علی.mp3)...
  1:20:25 → 1 request(s)
  progress file: /Users/mohammadreza/IslamASR/Audios/Tadabor_Sobohi/Manaee/Term3/013/013_آموزش تدبر در سوره قلم - بخش اول فایل۱۳ از سطح۳ سال۱۳۹۹ - علی.partial.txt
  [1/1] 0:00–1:20:25 (28270 KB)...
      → 44853 chars: اعوذ بالله من الشيطان الرجيم. بسم الله الرحمن الرحيم. خب سوره قلم رو کار کردید؟ بله الحمد لله. ما در این جلسه بحث مفاهیم رو انشاالله دنبال بکنیم. مرحله اول تدبر در این سوره رو پیش …

============================================================
TRANSCRIPTION (preview)
============================================================
اعوذ بالله من الشيطان الرجيم. بسم الله الرحمن الرحيم. خب سوره قلم رو کار کردید؟ بله الحمد لله. ما در این جلسه بحث مفاهیم رو انشاالله دنبال بکنیم. مرحله اول تدبر در این سوره رو پیش بریم و ببینیم خدا چی روزیمون میکنه. به سیاق شناسی میرسیم یا نه. بسم الله الرحمن الرحيم. ن والقلم وما یسترون. نون از حروف مقطعه هست. برخی از سوره های قرآن با حروف مقطعه یعنی حروف که تقطیع شده است، یک کلمه درست نکرده با حروف مقطعه آغاز شده‌اند. مثل ياسین، مثل الف لام میم، الف لام میم را، حامیم، طه. یکی هم نونه. سوره قلم از جمله سوره هایی است که با حرف نون یعنی یکی از حروف مقطعه آغاز شده. درباره حروف مقطعه دیدگاه‌های مفسران بسیار زیاده. شاید بالغ بر سی چهل قول درباره حروف مقطعه وجود داره. هر کس یه دیدگاهی داشته، نظری داشته مطرح کرده، بعضی مستند به روایات، برخی حالا دیدگاهی به ذهن خودشون رسیده مطرح کردن. اونچه مسلمه اینه که حروف مقطعه مانند کلمات دیگر یعنی به مانند کلمات دیگر بر معنا دلالت نمی‌کنند. اگر هم بر معنا دلالت دارند، نوع دلالت بر معناشون با مدل دلالت کلمات دیگر بر معنا فرق داره. مثلا حمد بر یک معنایی دلالت میکنه. ما میدونیم کلمه حمد وضع شده برای سپاس و ستایش در مقابل کسی که رفتار نیکی انجام داده. اما حامیم یعنی چی؟ ما وضع مشخصی برای معنای حامیم نداریم. پس مانند کلمه حمد، حامیم بر یک معنایی دلالت نمی‌کند. اما آیا این یعنی بی‌معناست؟ نه. مدل دلالتش فرق داره. اما اینکه معنا نداشته باشه نیست. گاهی اوقات بعضی از کلمات حالت کد و رمز دارن. شما میبینید که مثلا یه کلمه ای رو ممکنه فرض کنیدا یه پلیسی با یه پلیسی داره صحبت میکنه از یه کلمه ای استفاده میکنه که شما نمیدونی یعنی چی. شما منظور اونو متوجه نمیشی. اما بین خود این پ-- مثلا پلیسا معنیش مشخصه. رمزه. اعداد یه وقت کد میشن، حروف یه وقت کد میشن. مثلا میگه هر وقت گفتم حامیم یعنی این. هر وقت گفتم نون یعنی این. یه کدیه. حالا این کد برای همه رمزگشایی شده نیست. برای اهلش اما هست. یکی از دیدگاه‌ها که بعید به نظر میرسه غلط باشه همین مس- مطلبه که این‌ها یه رمزهایی‌ست، کدهایی‌ست بین خدا و بین پیغمبرش. خدا میدونه، پیغمبرم میدونه. لازمم نیست بقیه بدونن. حالا بقیه می‌تونن حدس‌هایی بزنن. مثلا برن سوره هایی رو که الف لام میم داره با هم مقایسه کنن ببینن چه
… (truncated; see saved file for full transcript)

============================================================
SUMMARY
============================================================
Input file      : 013_آموزش تدبر در سوره قلم - بخش اول فایل۱۳ از سطح۳ سال۱۳۹۹ - علی.mp3
Provider        : ElevenLabs Scribe (scribe_v2)
Audio duration  : 1:20:25 (4824.68 s)
Requests        : 1
Billed duration : 4825 s (rounded up to nearest second)
Rate            : $0.22 / audio hour
Estimated cost  : $0.294842 USD
Transcript saved: /Users/mohammadreza/IslamASR/Audios/Tadabor_Sobohi/Manaee/Term3/013/013_آموزش تدبر در سوره قلم - بخش اول فایل۱۳ از سطح۳ سال۱۳۹۹ - علی.txt
============================================================
[013] ASR done
[014] ASR elevenlabs → 014_آموزش تدبر در سوره قلم - بخش دوم فایل۱۴ از سطح۳ سال۱۳۹۹ - علی.mp3
Provider: ElevenLabs Scribe (scribe_v2)
Progress file (updated after each chunk): /Users/mohammadreza/IslamASR/Audios/Tadabor_Sobohi/Manaee/Term3/014/014_آموزش تدبر در سوره قلم - بخش دوم فایل۱۴ از سطح۳ سال۱۳۹۹ - علی.partial.txt
  preparing audio (014_آموزش تدبر در سوره قلم - بخش دوم فایل۱۴ از سطح۳ سال۱۳۹۹ - علی.mp3)...
  1:30:06 → 1 request(s)
  progress file: /Users/mohammadreza/IslamASR/Audios/Tadabor_Sobohi/Manaee/Term3/014/014_آموزش تدبر در سوره قلم - بخش دوم فایل۱۴ از سطح۳ سال۱۳۹۹ - علی.partial.txt
  [1/1] 0:00–1:30:06 (31673 KB)...
      → 49010 chars: اعوذ بالله من الشيطان الرجيم. بسم الله الرحمن الرحيم. السلام عليك يا أبا عبد الله. وعلى الأرواح التي حلت بفنائك. عليك مني سلام الله. أبدا ما بقيت وبقي الليل والنهار. ولا جعله الله …

============================================================
TRANSCRIPTION (preview)
============================================================
اعوذ بالله من الشيطان الرجيم. بسم الله الرحمن الرحيم. السلام عليك يا أبا عبد الله. وعلى الأرواح التي حلت بفنائك. عليك مني سلام الله. أبدا ما بقيت وبقي الليل والنهار. ولا جعله الله آخر العهد مني لزيارتكم. السلام على الحسين وعلى علي بن الحسين وعلى أولاد الحسين وعلى أصحاب الحسين ورحمة الله وبركاته. ای گردش چشمان تو سرچشمه هستی. ما محو تو هستیم. تو حیران که هستی. خورشید که سرچشمه زیبایی و نور است از میکده چشم تو آموخته مستی. تا جرعه ای از عشق تو ریزند به جامش هر لاله کند دعوی پیمان پرستی تا جرعه ای از عشق تو ریزند به جامش هر لاله کند دعوی پیمان به دستی از چهار طرف محو تماشای تو هستند هفتاد و دو آینه توحید پرستی. وا کرد در مسجد الاقصی یقین را تکبیرة الاحرام نمازی که تو بستی تا وا شدن پنجره هرگز نزدی پلک تا خون شدن حنجره از پا ننشستی. ای کاش که گل‌های عطشناک نبینند در دیده خود خار غمی را که شکستی. یک گوشه چشم تو مرا از دو جهان بس. ای گردش چشمان تو سرچشمه هستی. تسلیت عرض می‌کنم ایام سوگواری سید و سالار شهیدان حضرت ابا عبدالله الحسین علیه السلام رو به محضر شما بزرگواران و از طرف جمع حاضر تسلیت عرض می‌کنم به محضر امام زمان علیه آلاف التحیه و الثنا. ان شاء الله که دعای ابا عبدالله الحسین علیه السلام شامل حال ما باشه. بتونیم بیش از گذشته از محضر پرفیض و نورانی قرآن کریم بهره ببریم و بتونیم انس بیشتر با این کتاب پیدا بکنیم. زندگیمون رو با آموزه‌های نورانی این کتاب ان شاء الله بیشتر از گذشته تطبیق بدیم. به برکت صلوات بر محمد و آل محمد. [صوت جمعیت] ما بحثمون تدبر در سوره مبارکه قلم بود و مرحله اول تدبر در این سوره رو که فهم آیات این سوره بود این رو تا آیه سی و سه اگر اشتباه نکنم پیش رفتیم. با توجه به اینکه یک هفته فاصله شده یک یادآوری کوتاه می‌کنم از آیاتی که قبلاً خوندیم و ترجمه کردیم و بحث فهم آیات رو ادامه میدیم تا ان شاء الله مرحله اولمون تمام بشه. ابتدا این هفت آیه اول رو ملاحظه فرمایید که خدا در این آیات بعد از سوگند به قلم و آنچه که با قلم می‌نویسند یعنی وحی که اینجا منظور وحیه، خدا خطاب به پیامبر گرامی اسلام فرمود که درسته قرآن بر تو نازل شده اما قرآن سخن جن نیست تا تو به سبب قرآن مجنون باشی. نه تو به سبب نعمت پروردگارت مجنون نیستی. اون سخن جن نیست بلکه نعمت پروردگار است.
… (truncated; see saved file for full transcript)

============================================================
SUMMARY
============================================================
Input file      : 014_آموزش تدبر در سوره قلم - بخش دوم فایل۱۴ از سطح۳ سال۱۳۹۹ - علی.mp3
Provider        : ElevenLabs Scribe (scribe_v2)
Audio duration  : 1:30:06 (5405.51 s)
Requests        : 1
Billed duration : 5406 s (rounded up to nearest second)
Rate            : $0.22 / audio hour
Estimated cost  : $0.330337 USD
Transcript saved: /Users/mohammadreza/IslamASR/Audios/Tadabor_Sobohi/Manaee/Term3/014/014_آموزش تدبر در سوره قلم - بخش دوم فایل۱۴ از سطح۳ سال۱۳۹۹ - علی.txt
============================================================
[014] ASR done
[015] ASR elevenlabs → 015_آموزش تدبر در سوره قلم - بخش سوم فایل۱۵ از سطح۳ سال۱۳۹۹ - علی.mp3
Provider: ElevenLabs Scribe (scribe_v2)
Progress file (updated after each chunk): /Users/mohammadreza/IslamASR/Audios/Tadabor_Sobohi/Manaee/Term3/015/015_آموزش تدبر در سوره قلم - بخش سوم فایل۱۵ از سطح۳ سال۱۳۹۹ - علی.partial.txt
  preparing audio (015_آموزش تدبر در سوره قلم - بخش سوم فایل۱۵ از سطح۳ سال۱۳۹۹ - علی.mp3)...
  1:20:29 → 1 request(s)
  progress file: /Users/mohammadreza/IslamASR/Audios/Tadabor_Sobohi/Manaee/Term3/015/015_آموزش تدبر در سوره قلم - بخش سوم فایل۱۵ از سطح۳ سال۱۳۹۹ - علی.partial.txt
  [1/1] 0:00–1:20:29 (28297 KB)...
      → 47631 chars: اعوذ بالله من الشيطان الرجيم. بسم الله الرحمن الرحيم. قسمت یعنی مرحله اول از تدبر در سوره رو انجام دادیم. مفاهیم آیات کار شد. تو مفاهیم آیات اگر ابهام و اشکالی باقی مونده بفرمایید …

============================================================
TRANSCRIPTION (preview)
============================================================
اعوذ بالله من الشيطان الرجيم. بسم الله الرحمن الرحيم. قسمت یعنی مرحله اول از تدبر در سوره رو انجام دادیم. مفاهیم آیات کار شد. تو مفاهیم آیات اگر ابهام و اشکالی باقی مونده بفرمایید تا برطرف کنیم وارد مرحله دوم بشیم. اما برگردیم به حوزه تشخیص سیاق‌ها. یعنی مرحله دوم تدبر در سوره قلم. کار کردید سیاق‌ها رو؟ کتابو که دیدید کسی هست نظرش با اونچه در کتاب هست فرق کنه؟ کجا فرق داره نظرتون؟ سؤالو من مطرح می‌کنم و جواب میدم. آیه سی و سه اگر یادتون باشه این بود. کذلک العذاب ولعذاب الآخرة أكبر لو كانوا يعلمون. درسته؟ این آیه سی و سه. کذلک العذاب ولعذاب الآخرة أكبر لو كانوا يعلمون. آیه سی و چهار چیه؟ إن للمتقين عند ربهم جنات نعيم. وهله اول چیزی که به ذهن انسان میاد اینه که إن للمتقين عند ربهم جنات نعيم در نقطه مقابل کذلک العذاب ولعذاب الآخرة أكبر لو كانوا يعلمون آمده یعنی تقابل. که بله این آیه سی و سه گفته لَعَذَابُ الآخِرَةِ أَكْبَرُ لَوْ كَانُوا يَعْلَمُونَ. این آیه هم گفته إِنَّ لِلْمُتَّقِينَ عِنْدَ رَبِّهِمْ جَنَّاتُ النَّعِيمِ. خب میگه آقا اینجا عذابو گفته اینجا هم نقطه مقابلش از چی صحبت کرده؟ از جنات النعیم صحبت کرده. خب چرا شما اینجا میخواید بگید آیه سی و چهار شروع سیاق جدید است؟ چون ما در کتاب آوردیم که شروع سیاق جدید آیه چنده؟ سی و چهاره. درسته؟ اولا نکته اول اینه در تقابل معمولا تقابلی نشانه اتصال هست. معمولا تقابلی نشانه اتصال هست که همراه با سبک مشترک باشد. سبک مشترک. مثلا این بفرماید إن للمتقين عند ربهم جنات النعيم. اون یکی بگه إن للمجرمين عند ربهم مثلا عذاب و جهنم. إن، إن للمتقين، للمجرمين، للمجرمين، عند ربهم، عند ربهم، جنات، عذاب. این میشه تقابل. تقابل معمولا بر پایه سبک مشترک اتصال درست میکنه. همیشه اینطور نیست. ممکنه در مواردی تقابل باشه، سبک مشترک نباشه. مثلا یه مقسم مشترک داشته باشن یا یه لفظ مشترک بینشون باشه. بالاخره یه چیزی، یه اشتراکی بین طرفین تقابل لازمه. الان اینجا لَعَذَابُ الْآخِرَةِ أَكْبَرُ لَوْ كَانُوا يَعْلَمُونَ قالب بیانش با إِنَّ لِلْمُتَّقِينَ عِنْدَ رَبِّهِمْ جَنَّاتُ النَّعِيمِ کاملاً متفاوته. این نکته اول. اما بازم ممکنه با وجود نکته ای که عرض کردم کسی بگه حالا باشه سبک مشترک نیست، لفظ مشترک ندارد اما بالاخره یه تقابل معنایی احساس میشه دیگه
… (truncated; see saved file for full transcript)

============================================================
SUMMARY
============================================================
Input file      : 015_آموزش تدبر در سوره قلم - بخش سوم فایل۱۵ از سطح۳ سال۱۳۹۹ - علی.mp3
Provider        : ElevenLabs Scribe (scribe_v2)
Audio duration  : 1:20:29 (4829.33 s)
Requests        : 1
Billed duration : 4830 s (rounded up to nearest second)
Rate            : $0.22 / audio hour
Estimated cost  : $0.295126 USD
Transcript saved: /Users/mohammadreza/IslamASR/Audios/Tadabor_Sobohi/Manaee/Term3/015/015_آموزش تدبر در سوره قلم - بخش سوم فایل۱۵ از سطح۳ سال۱۳۹۹ - علی.txt
============================================================
[015] ASR done
[016] ASR elevenlabs → 016_آموزش تدبر در سوره قلم - بخش چهارم فایل۱۶ از سطح۳ سال۱۳۹۹ - علی.mp3
Provider: ElevenLabs Scribe (scribe_v2)
Progress file (updated after each chunk): /Users/mohammadreza/IslamASR/Audios/Tadabor_Sobohi/Manaee/Term3/016/016_آموزش تدبر در سوره قلم - بخش چهارم فایل۱۶ از سطح۳ سال۱۳۹۹ - علی.partial.txt
  preparing audio (016_آموزش تدبر در سوره قلم - بخش چهارم فایل۱۶ از سطح۳ سال۱۳۹۹ - علی.mp3)...
  1:14:57 → 1 request(s)
  progress file: /Users/mohammadreza/IslamASR/Audios/Tadabor_Sobohi/Manaee/Term3/016/016_آموزش تدبر در سوره قلم - بخش چهارم فایل۱۶ از سطح۳ سال۱۳۹۹ - علی.partial.txt
  [1/1] 0:00–1:14:57 (26351 KB)...
      → 45045 chars: اعوذ بالله من الشيطان الرجيم. بسم الله الرحمن الرحيم. السلام عليك يا أبا عبد الله وعلى الأرواح التي حلت بفنائك. عليك مني سلام الله أبدا ما بقيت، وبقي الليل والنهار، ولا جعله الله آ…

============================================================
TRANSCRIPTION (preview)
============================================================
اعوذ بالله من الشيطان الرجيم. بسم الله الرحمن الرحيم. السلام عليك يا أبا عبد الله وعلى الأرواح التي حلت بفنائك. عليك مني سلام الله أبدا ما بقيت، وبقي الليل والنهار، ولا جعله الله آخر العهد مني لزيارتكم. السلام على الحسين وعلى علي ابن الحسين وعلى أولاد الحسين وعلى أصحاب الحسين رحمة الله وبركاته. عرض سلام و ادب و احترام محضر خواهران گرامی حاضر در جلسه. همچنین عرض سلام و ادب خدمت بزرگوارانی که از طریق پخش مستقیم برنامه رو دنبال می‌کنند. ما بحثمون تدبر در سوره مبارکه قلم هست. مرحله اول و دوم تدبر در این سوره به طور کامل انجام شده. مرحله سوم یعنی جمع‌بندی سیاق‌ها. اون هم دو سیاق انجام شده، دو سیاق باقی مونده. سیاق اول اگر حضور ذهن داشته باشید یک بحثش در واقع پاسخ به اتهامی بود که به پیامبر گرامی اسلام زده بودند و قسمت تکمیلیش هم این بود. هدف از پاسخ به این اتهام بود. یعنی برای جلوگیری از اینکه پیامبر اکرم بخوان با اتهام‌زنندگان یک رفتار سازش‌آمیزی داشته باشن. جلوگیری از مداهنه و سازش با کسانی که به پیغمبر اتهام زده بودند تا ایشون رو به سازش بکشن. پس سیاق اول با دفاع از پیامبر گرامی اسلام و راهنمایی ایشون جمع‌بندی شد. یک قسمت دفاع، یک قسمت راهنمایی که در مقابل این‌هایی که اتهام زدند خلاصه کوتاه نباید بیاد. سیاق دوم از آیه هفده بود تا آیه سی و سه که در مجموع این آیات یک حکایت بیان شده بود. حکایت اصحاب الجنه بیان شده بود. کسانی که تصمیم گرفته بودند که میوه‌های باغشون رو بچینند، هیچ چیز از اون رو برای فقرا باقی نگذارند. قاطع بودند بر اینکه مانع بشوند از اینکه فقرا بخوان بهره‌ای از حاصل باغ اون‌ها ببرند و فکر می‌کردند که قدرت بر این مسئله را دارند. خدای بزرگ هم اون‌ها را ناکام کرد. با پدیده‌ای از جانب خدا میوه‌های باغ اون‌ها از بین رفت. این‌ها با یک باغ بی‌حاصل روبه‌رو شدند و متذکر شدند به اینکه بله، اگر خدا بخواهد مانع بشه، مانع میشه. اون‌ها بی‌جهت فکر می‌کردند که همه کار دست خودشونه. بلکه کارها دست کیه؟ دست خداست. اون‌ها بی‌جهت خیال می‌کردند که مسلط بر ثروت خود هستند و می‌تونند مانع بشن از بقیه. در حالی که حتی ثروت اون‌ها در اختیار کی بود؟ خدا و خدا بود که مانع اون‌ها شد. خدا بود که اون‌ها رو محروم کرد. اون‌ها می‌خواستند دیگران رو محروم کنند، خدا خودشون رو محروم کرد. بعد جم
… (truncated; see saved file for full transcript)

============================================================
SUMMARY
============================================================
Input file      : 016_آموزش تدبر در سوره قلم - بخش چهارم فایل۱۶ از سطح۳ سال۱۳۹۹ - علی.mp3
Provider        : ElevenLabs Scribe (scribe_v2)
Audio duration  : 1:14:57 (4497.08 s)
Requests        : 1
Billed duration : 4498 s (rounded up to nearest second)
Rate            : $0.22 / audio hour
Estimated cost  : $0.274822 USD
Transcript saved: /Users/mohammadreza/IslamASR/Audios/Tadabor_Sobohi/Manaee/Term3/016/016_آموزش تدبر در سوره قلم - بخش چهارم فایل۱۶ از سطح۳ سال۱۳۹۹ - علی.txt
============================================================
[016] ASR done
[017] ASR elevenlabs → 017_آموزش تدبر در سوره حاقّه - بخش اول فایل۱۷ از سطح۳ سال۱۳۹۹ - علی.mp3
Provider: ElevenLabs Scribe (scribe_v2)
Progress file (updated after each chunk): /Users/mohammadreza/IslamASR/Audios/Tadabor_Sobohi/Manaee/Term3/017/017_آموزش تدبر در سوره حاقّه - بخش اول فایل۱۷ از سطح۳ سال۱۳۹۹ - علی.partial.txt
  preparing audio (017_آموزش تدبر در سوره حاقّه - بخش اول فایل۱۷ از سطح۳ سال۱۳۹۹ - علی.mp3)...
  1:23:12 → 1 request(s)
  progress file: /Users/mohammadreza/IslamASR/Audios/Tadabor_Sobohi/Manaee/Term3/017/017_آموزش تدبر در سوره حاقّه - بخش اول فایل۱۷ از سطح۳ سال۱۳۹۹ - علی.partial.txt
  [1/1] 0:00–1:23:12 (29248 KB)...
      → 44897 chars: اعوذ بالله من الشيطان الرجيم. بسم الله الرحمن الرحيم. مجدداً خدمت خواهران و برادران عرض سلام و احترام دارم. بحث ما سوره مبارکه حاقه است. برای تدبر در سوره حاقه هم روال قدیمی دیگه، …

============================================================
TRANSCRIPTION (preview)
============================================================
اعوذ بالله من الشيطان الرجيم. بسم الله الرحمن الرحيم. مجدداً خدمت خواهران و برادران عرض سلام و احترام دارم. بحث ما سوره مبارکه حاقه است. برای تدبر در سوره حاقه هم روال قدیمی دیگه، همون روالی که شما باهاش آشنا هستید؛ فهم آیات، دسته‌بندی، جمع‌بندی دسته‌ها، ارتباط دسته‌ها. ببینید این حرکت در آشنایی با یک سوره در چهار سطح و چهار مرحله برای اینه که چهار رویکرد مختلف تأمین بشه. اگر اینا رو همزمان بخواهیم طی کنیم، ممکنه خیلی از این چیزا در بیان ما جا بیفته یا اصلاً به دست نیاد. ما یک بار میریم تا آخر فقط دقتمون و توجهمون به مفاهیمه. یه بار میریم توجهمون به سیاق‌هاست، یه بار میریم جمع‌بندیه، یه بار میریم ارتباطه. اینجوری به خودمون فرصت بیشتری میدیم که به شکل منظم با یک سوره معنوس بشیم. حالا مرحله اول رو در سوره حاقه با توکل به خدا پیاده کنیم. بسم الله الرحمن الرحیم. الحاقه. حاقه مادش حققه مثل حقیقت. این ماده در زبان عربی به معنی ثبوت و ثباته. حاقه یعنی یه امر ثابت، پایدار. حقیقت هم که ما تو فارسی خودمون میگیم همینه. امر ثابت پایدار میشه حقیقت. فرق حقیقت با باطل چیه؟ حق و باطل. حق ثابت و پایداره. باطل بی‌اساسه، بی‌پایه است. باطل توهمه، سرابه، چیزی نیست. اما حق ثابته، پایداره. حاقه صفته در اینجا برای قیامت، روز قیامت. منتها اون موصوفش ذکر نمیشه. خدا نمیگه روز قیامت که حاقه است. مستقیماً میگه الحاقه. یعنی اون حقیقت ثابت و پایدار. ما الحاقه. چیست اون حقیقت ثابت و پایدار؟ این سؤال ما الحاقه مثل و ما أدراک مثل ما ليلة القدر. مثل القارعة ما القارعة. چیست قارعه؟ این سؤال برای چیه؟ برای بیان عظمته. یعنی این حقیقت ثابت ما الحاقه. چیست اون حقیقت ثابت؟ یعنی حقیقت ثابت امری بسیار با عظمت است. و ما أدراک ما الحاقه. چه چیز آگاه کرد تو را که حاقه چیست؟ این سؤال هم مثل ما الحاقه میخواد یه بیان بیشتری از عظمت حاقه داشته باشه. میخواد بگه حاقه اونقدر عظمت داره که کسی و چیزی جز خدا نمیتونه اون رو برای تو چیکار کنه؟ روشن کنه. ما أدراک ما الحاقه. چی آگاه کرد تو را؟ کی آگاه کرد تو را که حاقه چیه؟ کی میتونه از عهده بیان عظمت حاقه بربیاد اصلاً؟ اینجا خدا قیامت را توصیف به حاقه میکنه. یعنی قیامت بی‌تردید ثابت پایداره، اتفاق خواهد افتاد، رخ خواهد داد. امر بسیار با عظمتی‌ست که کسی و چیزی نمیتونه از عمق
… (truncated; see saved file for full transcript)

============================================================
SUMMARY
============================================================
Input file      : 017_آموزش تدبر در سوره حاقّه - بخش اول فایل۱۷ از سطح۳ سال۱۳۹۹ - علی.mp3
Provider        : ElevenLabs Scribe (scribe_v2)
Audio duration  : 1:23:12 (4991.62 s)
Requests        : 1
Billed duration : 4992 s (rounded up to nearest second)
Rate            : $0.22 / audio hour
Estimated cost  : $0.305043 USD
Transcript saved: /Users/mohammadreza/IslamASR/Audios/Tadabor_Sobohi/Manaee/Term3/017/017_آموزش تدبر در سوره حاقّه - بخش اول فایل۱۷ از سطح۳ سال۱۳۹۹ - علی.txt
============================================================
[017] ASR done
[018] ASR elevenlabs → 018_آموزش تدبر در سوره حاقّه - بخش دوم فایل۱۸ از سطح۳ سال۱۳۹۹ - علی.mp3
Provider: ElevenLabs Scribe (scribe_v2)
Progress file (updated after each chunk): /Users/mohammadreza/IslamASR/Audios/Tadabor_Sobohi/Manaee/Term3/018/018_آموزش تدبر در سوره حاقّه - بخش دوم فایل۱۸ از سطح۳ سال۱۳۹۹ - علی.partial.txt
  preparing audio (018_آموزش تدبر در سوره حاقّه - بخش دوم فایل۱۸ از سطح۳ سال۱۳۹۹ - علی.mp3)...
  1:11:38 → 1 request(s)
  progress file: /Users/mohammadreza/IslamASR/Audios/Tadabor_Sobohi/Manaee/Term3/018/018_آموزش تدبر در سوره حاقّه - بخش دوم فایل۱۸ از سطح۳ سال۱۳۹۹ - علی.partial.txt
  [1/1] 0:00–1:11:38 (25184 KB)...
      → 39632 chars: اعوذ بالله من الشيطان الرجيم. بسم الله الرحمن الرحيم. السلام علیک يا أبا عبد الله وعلى الأرواح التي حلت بفنائك. علیک مني سلام الله أبدا ما بقیت وبقي الليل والنهار ولا جعله الله آخر…

============================================================
TRANSCRIPTION (preview)
============================================================
اعوذ بالله من الشيطان الرجيم. بسم الله الرحمن الرحيم. السلام علیک يا أبا عبد الله وعلى الأرواح التي حلت بفنائك. علیک مني سلام الله أبدا ما بقیت وبقي الليل والنهار ولا جعله الله آخر العهد مني لزيارتكم. السلام على الحسين وعلى علي بن الحسين وعلى أولاد الحسين وعلى أصحاب الحسين ورحمة الله وبركاته. عرض سلام و ادب و احترام محضر بزرگواران حاضر در جلسه و همینطور عرض سلام خدمت بزرگوارانی که از طریق پخش زنده با کلاس ما همراهی می‌کنند. خدا رو شکر می‌کنیم که توفیق عطا فرموده در پیشگاه مقدس و نورانی قرآن کریم حاضریم و آرزو می‌کنیم خدای بزرگ ما را قدردان این توفیق الهی قرار بده. ما را با قرآن زنده بدارد، با قرآن بمیراند و با قرآن محشور فرماید. به برکت صلوات بر محمد و آل محمد. صلوات الله علی محمد. بحث ما تدبر در سوره مبارکه حاقة هست. مرحله اول تدبر در این سوره یعنی فهم آیات این سوره را داریم دنبال می‌کنیم که یه بخشیش هنوز باقی مونده. انشاالله امروز می‌خونیم و رو معناش مباحثه می‌کنیم انشاالله. بعد مرحله دوم انشاالله همین امروز تشخیص سیاق‌ها، جمع‌بندی و ارتباط یابی یعنی مرحله سوم و چهارم هم انشاالله انجام میشه. در جلسه گذشته آیات رو تا آیه چند پیش رفتیم؟ سی و هفت. سه آیه اول راجع به حاقة بیان عظمت حاقة بود و بعد از اون از تکذیب قارعه توسط ثمود و عاد صحبت شد. عاقبت قوم ثمود و عاقبت قوم عاد توضیح داده شد و از رفتار فرعون و طواغیت قبل از فرعون و جوامع منحرف، رفتار مشابه یعنی تکذیب قارعه سخن گفته شد که نتیجه اون عصیان از رسول پروردگاره و همون عذاب الهی رو دم در دنبالش داره در پی خودش داره و اشاره شد به جریان نجات انسان‌ها در ماجرای طغیان آب، یعنی عذاب قوم نوح علیه السلام و اینکه توقع می‌رفت بعد از عذاب مردم در عصر حضرت نوح علیه السلام که زمین یک بار از لوث وجود کافران پاک شد، دیگه بعد از اون دو مرتبه راه کفر در پیش گرفته نشه. ولی متأسفانه قوم عاد، قوم ثمود، فرعونیان و جوامع منحرف همین راه رو رفتن و متأسفانه در زمان معاصر قرآن هم همین اتفاق داره میفته. سپس به مسئله نفخ در صور اشاره شد و وقایعی که با نفخ در صور اتفاق میفته و اینکه پس از نفخ صور انسان‌ها عرضه می‌شن و هیچ امری از انسان‌ها مخفی نمی‌مونه. اون وقت انسان‌ها که عرضه شدند یک گروه کسانی هستند که نامه عمل به دست راست اون‌ها داده میش
… (truncated; see saved file for full transcript)

============================================================
SUMMARY
============================================================
Input file      : 018_آموزش تدبر در سوره حاقّه - بخش دوم فایل۱۸ از سطح۳ سال۱۳۹۹ - علی.mp3
Provider        : ElevenLabs Scribe (scribe_v2)
Audio duration  : 1:11:38 (4298.00 s)
Requests        : 1
Billed duration : 4299 s (rounded up to nearest second)
Rate            : $0.22 / audio hour
Estimated cost  : $0.262656 USD
Transcript saved: /Users/mohammadreza/IslamASR/Audios/Tadabor_Sobohi/Manaee/Term3/018/018_آموزش تدبر در سوره حاقّه - بخش دوم فایل۱۸ از سطح۳ سال۱۳۹۹ - علی.txt
============================================================
[018] ASR done
[019] ASR elevenlabs → 019_آموزش تدبر در سوره حاقّه - بخش سوم فایل۱۹ از سطح۳ سال۱۳۹۹ - علی.mp3
Provider: ElevenLabs Scribe (scribe_v2)
Progress file (updated after each chunk): /Users/mohammadreza/IslamASR/Audios/Tadabor_Sobohi/Manaee/Term3/019/019_آموزش تدبر در سوره حاقّه - بخش سوم فایل۱۹ از سطح۳ سال۱۳۹۹ - علی.partial.txt
  preparing audio (019_آموزش تدبر در سوره حاقّه - بخش سوم فایل۱۹ از سطح۳ سال۱۳۹۹ - علی.mp3)...
  39:17 → 1 request(s)
  progress file: /Users/mohammadreza/IslamASR/Audios/Tadabor_Sobohi/Manaee/Term3/019/019_آموزش تدبر در سوره حاقّه - بخش سوم فایل۱۹ از سطح۳ سال۱۳۹۹ - علی.partial.txt
  [1/1] 0:00–39:17 (13814 KB)...
      → 22411 chars: اعوذ بالله من الشيطان الرجيم. بسم الله الرحمن الرحيم. درباره مرحله اول مفاهیم آیات اگر سوالی ابهامی هست در خدمت باشم اگر نه مرحله دوم رو آغاز کنیم. بله ضمیر ها. يا ليت یعنی ای کاش …

============================================================
TRANSCRIPTION (preview)
============================================================
اعوذ بالله من الشيطان الرجيم. بسم الله الرحمن الرحيم. درباره مرحله اول مفاهیم آیات اگر سوالی ابهامی هست در خدمت باشم اگر نه مرحله دوم رو آغاز کنیم. بله ضمیر ها. يا ليت یعنی ای کاش ها مرگ كانت القاضیه پایان دهنده بود. [پچ،پچ] نه، به غیر از اون گزینه ای وجود نداره. کسی که در قیامت محشور شده الان از محشور شدنش ناراحته. آرزو میکنه کاش دفعه قبلی که من مردم تو مرگی که داشتم دیگه همه چی تمام شده بود و اصلاً من دو مرتبه محشور نمیشدم. اصلاً جز این گزینه ای نداره. اگر مرگ نخواد باشه چی میخواد باشه اون ها؟ پس در-- حالا کسایی که سؤال رو نشنیدن، سؤال این بود که در يا ليتها كانت القاضيه این ها از کجا میفهمیم که مرگه؟ من میگم به معنا وقتی نگاه میکنیم ای-- کسی که در قیامت محشور شده میگه ای کاش آن پایان دهنده بود. چی پایان دهنده بود؟ ای کاش چی پایان دهنده بود. حالا فرض کنیم مرگ نباشه. چی به جز اون میشه گفت؟ آخرین اتفاق. آخرین اتفاقی که مدل پایان دادن داشته مرگ بوده. بله ما داریم در جاهای دیگر قرآن یکی از آرزوهایی که مجرمین در قیامت می‌کنند که يا ليتني كنت ترابا. که يا ليتني كنت ترابا دو تا معنا میشه براش داشت. یکی اینکه یعنی همون که مرده بودم، خاک شده بودم، خاک می‌موندم. یکی اینه که از اول اصلاً به دنیا نمی‌آمدم. در يا ليتني كنت ترابا دو تا گزینه قابل تصوره. یکی اینکه با مرگم كنت ترابا، یکی اینکه اصلاً به دنیا نمی آمدم كنت ترابا. اما در يا ليتها كانت القاضيه این دیگه نمی‌تونه به دنیا نیومدن من باشه فقط گزینه‌ش مرگه. اصلاً این چه-- ولی از دیدن حسابش ناراحته. ولی وقتی فهمیده حساب کتاب داره ناراحته. اینکه چرا معنی داره بگه ای کاش حساب و کتاب من آخرین چیز بود. یعنی چی؟ این چه آرزوییه؟ نه، این آرزو میکنه کاش من این حسابو نمی‌دیدم هیچ‌وقت. ناراحت از دیدن حساب خودش هست که میگه يا ليتها كانت القاضيه اگر بخواد خود حساب باشه اون ها، بعد اصلاً معنا دیگه کاملاً از حالت نرمالش خارج میشه. بله. ما سؤال اینه مگر ضمیر نباید همیشه قبلش یک مرجعی داشته باشد؟ جواب: خیر. ضمیر گاهی اوقات مرجعش تو ذهن من و شما هست کافیه . همین که شما میدونی منم میدونم. از سخن فهمیده میشه، از فضا فهمیده میشه. خب فرض کنید همه منتظر آمدن یه کسی‌اند. یکی میاد میگه اومد، اومد. نمیگه کی اومد. همه می‌دونن اما کیه. یه او داره تو خ
… (truncated; see saved file for full transcript)

============================================================
SUMMARY
============================================================
Input file      : 019_آموزش تدبر در سوره حاقّه - بخش سوم فایل۱۹ از سطح۳ سال۱۳۹۹ - علی.mp3
Provider        : ElevenLabs Scribe (scribe_v2)
Audio duration  : 39:17 (2357.50 s)
Requests        : 1
Billed duration : 2358 s (rounded up to nearest second)
Rate            : $0.22 / audio hour
Estimated cost  : $0.144069 USD
Transcript saved: /Users/mohammadreza/IslamASR/Audios/Tadabor_Sobohi/Manaee/Term3/019/019_آموزش تدبر در سوره حاقّه - بخش سوم فایل۱۹ از سطح۳ سال۱۳۹۹ - علی.txt
============================================================
[019] ASR done
[020] ASR elevenlabs → 020_آموزش تدبر در سوره حاقّه - بخش چهارم فایل۲۰ از سطح۳ سال۱۳۹۹ - علی.mp3
Provider: ElevenLabs Scribe (scribe_v2)
Progress file (updated after each chunk): /Users/mohammadreza/IslamASR/Audios/Tadabor_Sobohi/Manaee/Term3/020/020_آموزش تدبر در سوره حاقّه - بخش چهارم فایل۲۰ از سطح۳ سال۱۳۹۹ - علی.partial.txt
  preparing audio (020_آموزش تدبر در سوره حاقّه - بخش چهارم فایل۲۰ از سطح۳ سال۱۳۹۹ - علی.mp3)...
  55:26 → 1 request(s)
  progress file: /Users/mohammadreza/IslamASR/Audios/Tadabor_Sobohi/Manaee/Term3/020/020_آموزش تدبر در سوره حاقّه - بخش چهارم فایل۲۰ از سطح۳ سال۱۳۹۹ - علی.partial.txt
  [1/1] 0:00–55:26 (19491 KB)...
      → 33440 chars: اعوذ بالله من الشيطان الرجيم بسم الله الرحمن الرحيم. عرض سلام و ادب و احترام محضر خواهران و برادران گرامی حاضر در جلسه. الحمد لله مرحله اول و دوم تدبر در سوره حاقه انجام شده. انشاا…

============================================================
TRANSCRIPTION (preview)
============================================================
اعوذ بالله من الشيطان الرجيم بسم الله الرحمن الرحيم. عرض سلام و ادب و احترام محضر خواهران و برادران گرامی حاضر در جلسه. الحمد لله مرحله اول و دوم تدبر در سوره حاقه انجام شده. انشاالله مرحله سه و چهار رو می‌خوایم انجام بدیم. مرحله سه و چهار همونطور که می‌دونید جمع‌بندی سیاق‌ها و ارتباط یابی اون‌هاست. تقریباً ارتباط سیاق‌ها خیلی روشنه. جمع‌بندیش هم همینطوره. من یعنی چون سوره خیلی واضح هست از این نظر خیلی تو این مسئله الان ما کار شاقی پیش رو نداریم. سیاق اول که تلیعه یک در نظر گرفته شد آیا تلیعه سوره در نظر گرفته شد؟ خب فضای سخنش فقط از تأکیداتش قابل استفاده است. همین که "الحاقة" "ما الحاقة" "وما أدراك ما الحاقة". این تکرار حاقه، حاقه، حاقه و سؤال کردن درباره حاقه این فضا تأکیدیه یعنی سخن جنسش تأکیدیه. معمولاً جنس سخن تأکیدی مال فضاییه که تردیدی باشه. یعنی مخاطب این سوره از نظر خود این سوره گویا در حقانیت قیامت چه دارد؟ تردید دارد. این سوره می‌خواد تردید را با تأکید برطرف بکنه. قرآن کریم برای مسئله قیامت سوره‌های متنوعی داره. خیلی از سوره‌های قرآن جنس سخن‌شون حالت استدلالی و اثباتیه تو مسئله قیامت. استدلال می‌کنند، اثبات می‌کنند. مثل سوره طارق. قشنگ استدلال و اثباته. امکان قیامت را اثبات می‌کنه. بعضی سوره‌ها ضرورت مثل سوره نبر ضرورت قیامت را هم اثبات می‌کنه. اما بعضی سوره‌ها حالت اثبات و استدلال ندارن، حالت تأکید دارن. این سوره‌هایی که حالت تأکید دارن معمولاً تو فضاییه که مخاطبش خیلی گیر قدرت خدا بر قیامت، بر انجام قیامت یا گیر علم خدا به حساب و کتاب آدم‌ها و اینا خیلی نیست. یعنی مشکل استدلالی در مخاطب تشخیص داده نشده. بیشتر مخاطب غفلت می‌گیرتش. اگه بری باهاش صحبت بکنی ای بسا خودش برای اثبات قیامت چهار تا هم دلیل بیاره. اصلاً ای بسا خودش بتونه یه کلاس بذاره قیامت رو ثابت کنه. اما دو هزار برای قیامت تو زندگیش تره خورد نمی‌کنه. یعنی این اثبات مشکل نداره، تو اثبات مسئله نداره. هیچ شبهه‌ای راجع به قیامت نداره ها. کاملاً واقف به این که قیامت حقه اتفاقاً میفته. اما تو زندگیش برای قیامت حساب باز نمی‌کنه. عاد و ثمود و فرعون و معطفکاتی که خدا ازشون حرف می‌زنه همه اینطورین. اگه یادتون باشه من تو همون جلسه اول هم گفتم، گفتم عاد و ثمود مستبصر بودند به تصریح قرآن. یعنی اقوام هدایت 
… (truncated; see saved file for full transcript)

============================================================
SUMMARY
============================================================
Input file      : 020_آموزش تدبر در سوره حاقّه - بخش چهارم فایل۲۰ از سطح۳ سال۱۳۹۹ - علی.mp3
Provider        : ElevenLabs Scribe (scribe_v2)
Audio duration  : 55:26 (3326.36 s)
Requests        : 1
Billed duration : 3327 s (rounded up to nearest second)
Rate            : $0.22 / audio hour
Estimated cost  : $0.203278 USD
Transcript saved: /Users/mohammadreza/IslamASR/Audios/Tadabor_Sobohi/Manaee/Term3/020/020_آموزش تدبر در سوره حاقّه - بخش چهارم فایل۲۰ از سطح۳ سال۱۳۹۹ - علی.txt
============================================================
[020] ASR done
[021] ASR elevenlabs → 021_آموزش تدبر در سوره معارج - بخش اول فایل۲۱ از سطح۳ سال۱۳۹۹ - علی.mp3
Provider: ElevenLabs Scribe (scribe_v2)
Progress file (updated after each chunk): /Users/mohammadreza/IslamASR/Audios/Tadabor_Sobohi/Manaee/Term3/021/021_آموزش تدبر در سوره معارج - بخش اول فایل۲۱ از سطح۳ سال۱۳۹۹ - علی.partial.txt
  preparing audio (021_آموزش تدبر در سوره معارج - بخش اول فایل۲۱ از سطح۳ سال۱۳۹۹ - علی.mp3)...
  56:17 → 1 request(s)
  progress file: /Users/mohammadreza/IslamASR/Audios/Tadabor_Sobohi/Manaee/Term3/021/021_آموزش تدبر در سوره معارج - بخش اول فایل۲۱ از سطح۳ سال۱۳۹۹ - علی.partial.txt
  [1/1] 0:00–56:17 (19787 KB)...
      → 31517 chars: اعوذ بالله من الشيطان الرجيم. بسم الله الرحمن الرحيم. السلام علیک يا أبا عبد الله و على الأرواح التي حلت بفنائك. علیک مني سلام الله أبدا ما بقیت و بقي الليل والنهار و لا جعله الله …

============================================================
TRANSCRIPTION (preview)
============================================================
اعوذ بالله من الشيطان الرجيم. بسم الله الرحمن الرحيم. السلام علیک يا أبا عبد الله و على الأرواح التي حلت بفنائك. علیک مني سلام الله أبدا ما بقیت و بقي الليل والنهار و لا جعله الله آخر العهد مني لزيارتكم. السلام على الحسين و على علي بن الحسين و على أولاد الحسين و على أصحاب الحسين و رحمة الله و بركاته. عرض سلام و ادب و احترام محضر خواهران بزرگوار و بزرگوارانی که از طریق پخش مستقیم با کلاس همراهی می‌کنند. خدا رو شکر می‌کنیم که توفیق عطا فرموده در محضر کتاب شریف او هستیم و آرزو می‌کنیم خدای بزرگ شایستگی فهم و درک صحیح و عمیق از قرآن کریم را به ما عطا کنه. توفیق انس با قرآن را به ما عطا بکنه و ما را اهل عمل و آموزه‌های نورانی قرآن کریم قرار بده. دنیا و آخرت ما را به نور قرآن و اهل بیت منور کنه. به برکت صلوات بر محمد و آل محمد. اللهم صل على محمد و آل محمد و عجل فرجهم. ما بحث امروزمون در تدبر سوره مبارکه معارج. طبق روال تدبر در سوره‌ها، مرحله اول کار ما فهم آیاته، بعد دسته‌بندی، بعد جمع‌بندی، بعد ارتباط یابی که دیگه برای همه شما خداروشکر ملکه شده. تو مرحله فهم آیات باید دقت بکنیم که فهم ما از آیات به نقطه درک برسه. صرف اینکه ترجمه آیات رو بدونیم کافی نیست، بلکه باید معنا و مقصود آیه را درک بکنیم. برای درک کردن گاهی اوقات تعملی بیش از فهم ترجمه لازمه. ترجمه رو خوندیم، فهمیدیم، تعمل می‌خواد، توجه می‌خواد، دقت می‌خواد، بررسی می‌خواد، گاهی اوقات توقف و مکث می‌خواد تا آدم براش فهم اون آیه جا بیفته. گاهی اوقات احتیاج به مطالعه داره. یعنی ممکنه یک آیه ای مطلبی رو گفته تا یه سری مطالعات انجام ندیم به درک از معنای اون آیه نمی‌رسیم. باید اون مطالعه مون کامل بشه. خب حالا انشاالله با همدیگه در خدمت این سوره هستیم. آیه به آیه پیش بریم [سرفه] مفاهیم آیات مرور بشه. بسم الله الرحمن الرحیم. سأل سائل بعذاب واقع للكافرين ليس له دافع من الله ذي المعارج. سأل یعنی درخواست کرد. یک درخواست کننده‌ای. سائل درخواست کننده. درخواست کرد. یک درخواست کننده‌ای بعذاب. درخواست عذاب کرد. عذابی را درخواست کرد. این با برای تأکید بیشتر اومده. مثل اینه که بگه سأل سائل عذابا. حالا به جای عذابا فرموده بعذاب تا تأکیدش بیشتر بشه. یه درخواست کننده‌ای درخواست عذاب کرد. می‌فرماید واقع این صفت عذابه. یعنی عذابی که او در
… (truncated; see saved file for full transcript)

============================================================
SUMMARY
============================================================
Input file      : 021_آموزش تدبر در سوره معارج - بخش اول فایل۲۱ از سطح۳ سال۱۳۹۹ - علی.mp3
Provider        : ElevenLabs Scribe (scribe_v2)
Audio duration  : 56:17 (3376.87 s)
Requests        : 1
Billed duration : 3377 s (rounded up to nearest second)
Rate            : $0.22 / audio hour
Estimated cost  : $0.206364 USD
Transcript saved: /Users/mohammadreza/IslamASR/Audios/Tadabor_Sobohi/Manaee/Term3/021/021_آموزش تدبر در سوره معارج - بخش اول فایل۲۱ از سطح۳ سال۱۳۹۹ - علی.txt
============================================================
[021] ASR done
[022] ASR elevenlabs → 022_آموزش تدبر در سوره معارج - بخش دوم فایل۲۲ از سطح۳ سال۱۳۹۹ - علی.mp3
Provider: ElevenLabs Scribe (scribe_v2)
Progress file (updated after each chunk): /Users/mohammadreza/IslamASR/Audios/Tadabor_Sobohi/Manaee/Term3/022/022_آموزش تدبر در سوره معارج - بخش دوم فایل۲۲ از سطح۳ سال۱۳۹۹ - علی.partial.txt
  preparing audio (022_آموزش تدبر در سوره معارج - بخش دوم فایل۲۲ از سطح۳ سال۱۳۹۹ - علی.mp3)...
  37:58 → 1 request(s)
  progress file: /Users/mohammadreza/IslamASR/Audios/Tadabor_Sobohi/Manaee/Term3/022/022_آموزش تدبر در سوره معارج - بخش دوم فایل۲۲ از سطح۳ سال۱۳۹۹ - علی.partial.txt
  [1/1] 0:00–37:58 (13347 KB)...
      → 21623 chars: بسم الله الرحمن الرحیم. خب ما تا آیه هجده آمدیم. حالا با هم پیش بریم ببینیم ادامه سوره با ما چه حرف‌هایی داره. بسم الله الرحمن الرحیم. "إن الإنسان خلق هلوعا" همانا انسان "خلق هلوعا…

============================================================
TRANSCRIPTION (preview)
============================================================
بسم الله الرحمن الرحیم. خب ما تا آیه هجده آمدیم. حالا با هم پیش بریم ببینیم ادامه سوره با ما چه حرف‌هایی داره. بسم الله الرحمن الرحیم. "إن الإنسان خلق هلوعا" همانا انسان "خلق هلوعا". هلووع آفریده شد. انسان هلووع آفریده شد. هلووع صیغه مبالغه است. یعنی بسیار دارای هلع. هلع خودش یعنی حرص شدید. شما حرص شدید را شدیدترش کن میشه هلع. میشه-- ببخشید میشه هلووع. پس خود هلع حرص شدید هلووع یعنی بسیار بسیار حریص. بسیار بسیار حریص. انسان بسیار بسیار حریص آفریده شد. حریص دیگه میدونید یعنی چی؟ یعنی همه چی رو میخواد. انسان در مقایسه با پول حرص داره. انسان در مقایسه با قدرت حرص داره. انسان در مقایسه با شهرت حرص داره. انسان در مقایسه با علم حرص داره. انسان هلووع آفریده شد. دو تا شاهد خدا میاره برای هلووع بودن انسان. "إذا مسه الشر" وقتی شر "مسه" انسان را مس کند یعنی شر به انسان برسد. وقتی که شر به انسان برسد "جزوعا" انسان چکار می‌کند؟ بسیار جزع می‌کند. جزوع یعنی بسیار جزع کننده. شر به انسان برسد بسیار جزع می‌کند. شر در اینجا میشه چی؟ یعنی هر چیزی که انسان فکر کنه به نفع او نیست، به ضرر او هست اگر برای انسان اتفاق بیفته انسان به خاطر اصابت اون شر جزع و فزع میکنه، ناله میکنه، اعتراض میکنه، ناراحت میشه، خیلی شدیدا ناراحت میشه. این از نشانه‌های حرصه. یعنی حرص یکی از نشانه‌هاش اینه که-- حریص یکی از نشانه‌هاش اینه که اگر یه چیزی رو از دست میده به خاطر از دست دادنش بگید جزع و فزع میکنه. دادش بلند میشه، شاکی میشه. "وإذا مسه الخير منوعا" وقتی به انسان خیری برسد در نقطه مقابل شر میشه خیر. وقتی به انسان خیری برسد "منوعا" بسیار منع کننده‌ست. یعنی همه اون خیر رو برای خودش می‌خواد. نمی‌خواد از این خیر به دیگران هم چیزی برسه برای خودش می‌خواد. این صفت انسانه. "إن الإنسان خلق هلوعا إذا مسه الشر جزوعا وإذا مسه الخير منوعا" انسان بسیار حریص، بسیار بسیار حریص آفریده شده. وقتی شری به او برسد بسیار بسیار جزوع و ناله کننده‌ست و وقتی خیری به او برسد بسیار بسیار منع کننده از دیگران است و تمام اون خیر رو برای خود می‌خواهد. "إلا المصلین". به غیر از نمازگزاران. به غیر از نمازگزاران. اینجا یه دقتی بفرمایید. خدا اینجا فرمود "إن الإنسان خلق هلوعا" بعد برای هلوع بودن هم دو تا چی م-نشانه فرمود؟ یکی جزوع بودن‌ش، یکی م
… (truncated; see saved file for full transcript)

============================================================
SUMMARY
============================================================
Input file      : 022_آموزش تدبر در سوره معارج - بخش دوم فایل۲۲ از سطح۳ سال۱۳۹۹ - علی.mp3
Provider        : ElevenLabs Scribe (scribe_v2)
Audio duration  : 37:58 (2277.86 s)
Requests        : 1
Billed duration : 2278 s (rounded up to nearest second)
Rate            : $0.22 / audio hour
Estimated cost  : $0.139203 USD
Transcript saved: /Users/mohammadreza/IslamASR/Audios/Tadabor_Sobohi/Manaee/Term3/022/022_آموزش تدبر در سوره معارج - بخش دوم فایل۲۲ از سطح۳ سال۱۳۹۹ - علی.txt
============================================================
[022] ASR done
[023] ASR elevenlabs → 023_آموزش تدبر در سوره معارج - بخش سوم فایل۲۳ از سطح۳ سال۱۳۹۹ - علی.mp3
Provider: ElevenLabs Scribe (scribe_v2)
Progress file (updated after each chunk): /Users/mohammadreza/IslamASR/Audios/Tadabor_Sobohi/Manaee/Term3/023/023_آموزش تدبر در سوره معارج - بخش سوم فایل۲۳ از سطح۳ سال۱۳۹۹ - علی.partial.txt
  preparing audio (023_آموزش تدبر در سوره معارج - بخش سوم فایل۲۳ از سطح۳ سال۱۳۹۹ - علی.mp3)...
  1:00:03 → 1 request(s)
  progress file: /Users/mohammadreza/IslamASR/Audios/Tadabor_Sobohi/Manaee/Term3/023/023_آموزش تدبر در سوره معارج - بخش سوم فایل۲۳ از سطح۳ سال۱۳۹۹ - علی.partial.txt
  [1/1] 0:00–1:00:03 (21110 KB)...
      → 33565 chars: اعوذ بالله من الشيطان الرجيم. بسم الله الرحمن الرحيم. خود صدقه ثواب داره اما صدقه از حق معلوم، این باز یک مرتبه ویژه‌ای داره. هر مؤمنی اگر احساس تکلیف کنه که بخشی از اموالش رو تعری…

============================================================
TRANSCRIPTION (preview)
============================================================
اعوذ بالله من الشيطان الرجيم. بسم الله الرحمن الرحيم. خود صدقه ثواب داره اما صدقه از حق معلوم، این باز یک مرتبه ویژه‌ای داره. هر مؤمنی اگر احساس تکلیف کنه که بخشی از اموالش رو تعریف کنه برای نیازمندان. من دیدم کشاورزانی که مثلاً یه زمینی داره، زمین زراعی داره، یه قسمت خاصی از این زمین رو اصلاً خودش جدا کرده میگه اینجا رو برای اونا می‌کارم، برای فقرا. بعد خودش به من می‌گفت همیشه بیشترین محصول رو از اینجا برمی‌داره. غیر از اینکه خودمم همیشه برکت داره محصولم، از اینجا بیشترین محصول رو برمی‌داره. زمین همون زمینه، آب همون آبه ولی خب خدا یه برکتی داده بهش. یا مثلاً از حقوق ماهیانه خودش یه درصدی تعریف کرده، اصلاً نمیاره تو اموالش. میگه این مال من نیست، این مال نیازمندانه. منتظر جای مناسبه که جاشو پیدا کرد برسونه. چقدر خوبه که این صفت در ما هم تثبیت بشه. حالا غیر از اینکه قرآن کریم مشخص کرده، حالا من می‌خوام اگر صدقه‌ای بدم و لو از مال معلوم می‌خوام صدقه‌ای بدم، چقدر خوبه که اقربا را در اولویت قرار بدم، نزدیکان را. نیازمند تو نزدیکانم هستن. می‌تونه این صدقه‌ای که از مال حق معلوم میشه، می‌تونه قرض داده بشه ها. لزوماً همیشه بلاعوض نیست. آقا من گذاشتم از این مبلغ قرض میدم، عیبی نداره. بلاعوض میدم، عیبی نداره. برای مریض میدم، عیبی نداره. ولی اولویت رو بده به نزدیکان خودش. پدر، مادر اگر نیازمندن، خواهر، برادر، فرزند اگر نیازمندن، عمو، عمه، خاله، دایی، بچه‌هاشون، همسایه‌هامون اگر نیازمندن، آشنا‌هامون. اینا در اولویت باشن. حالا من تقریباً فکر می‌کنم که هر دو سه نفر به شکل طبیعی اگه یه حقی از اموالشون رو تعریف بکنن برای نیازمندان، به ازای هر دو سه نفر تو قشر متوسط جامعه میگما، نه تو قشر ثروتمند، تو قشر متوسط و متوسط به پایین، به ازای هر دو سه خانواده، یه خانواده پوشش می‌گیره. و چقدر خوبه تو رسیدگی‌هامون مشکل حل کنیم. فقط این نباشه یه پولی آقا من انداختم صندوق صدقه رفت. خب بله من اگر دستم نرسه آخرین گزینه همینه. اگه نیازمندی رو نمی‌تونم برم حمایت کمک بکنم از نزدیک، ببینم مشکلش چیه، همفکری می‌خواد همفکری، پول می‌خواد پول، حضور می‌خواد حضور کمکش بکنم، خب دیگه بالاخره به مجمع، مجامع خیریه اعتماد می‌کنم یا توی بخشی از اموالم به مجامع خیریه اعتماد می‌کنم. اما اینکه ממשرت وجود داشته باشه،
… (truncated; see saved file for full transcript)

============================================================
SUMMARY
============================================================
Input file      : 023_آموزش تدبر در سوره معارج - بخش سوم فایل۲۳ از سطح۳ سال۱۳۹۹ - علی.mp3
Provider        : ElevenLabs Scribe (scribe_v2)
Audio duration  : 1:00:03 (3602.74 s)
Requests        : 1
Billed duration : 3603 s (rounded up to nearest second)
Rate            : $0.22 / audio hour
Estimated cost  : $0.220167 USD
Transcript saved: /Users/mohammadreza/IslamASR/Audios/Tadabor_Sobohi/Manaee/Term3/023/023_آموزش تدبر در سوره معارج - بخش سوم فایل۲۳ از سطح۳ سال۱۳۹۹ - علی.txt
============================================================
[023] ASR done
[024] ASR elevenlabs → 024_آموزش تدبر در سوره معارج - بخش چهارم فایل۲۴ از سطح۳ سال۱۳۹۹ - علی.mp3
Provider: ElevenLabs Scribe (scribe_v2)
Progress file (updated after each chunk): /Users/mohammadreza/IslamASR/Audios/Tadabor_Sobohi/Manaee/Term3/024/024_آموزش تدبر در سوره معارج - بخش چهارم فایل۲۴ از سطح۳ سال۱۳۹۹ - علی.partial.txt
  preparing audio (024_آموزش تدبر در سوره معارج - بخش چهارم فایل۲۴ از سطح۳ سال۱۳۹۹ - علی.mp3)...
  54:02 → 1 request(s)
  progress file: /Users/mohammadreza/IslamASR/Audios/Tadabor_Sobohi/Manaee/Term3/024/024_آموزش تدبر در سوره معارج - بخش چهارم فایل۲۴ از سطح۳ سال۱۳۹۹ - علی.partial.txt
  [1/1] 0:00–54:02 (18997 KB)...
      → 29694 chars: اعوذ بالله من الشيطان الرجيم. بسم الله الرحمن الرحيم. الحمد لله رب العالمين وصلى الله على سيدنا ونبينا حبيب اله العالمين ابا القاسم المصطفى محمد. اللهم صل على محمد وآل محمد وعلى آل…

============================================================
TRANSCRIPTION (preview)
============================================================
اعوذ بالله من الشيطان الرجيم. بسم الله الرحمن الرحيم. الحمد لله رب العالمين وصلى الله على سيدنا ونبينا حبيب اله العالمين ابا القاسم المصطفى محمد. اللهم صل على محمد وآل محمد وعلى آله الطيبين الطاهرين ولعنة الله على أعدائهم أجمعين من الآن إلى قيام يوم الدين. عرض سلام و ادب و احترام محضر حاضران محترم در این جلسه و بزرگوارانی که از طریق پخش زنده همراهی می‌کنند با جلسه ما. به لطف الهی بعد از یک وقفه بیش از سه ماهی که ایجاد شد در برگزاری جلسات دوره ما، دوره تدبر، الحمد لله با کاهش یافتن محدودیت‌ها و امکان رفت و آمد و تشکیل جلسه باز هم این توفیق شامل حال ما و شما شده که در محضر نورانی قرآن کریم حاضر بشیم و از این فرصت برای یاددهی و یادگیری معارف نورانی قرآن استفاده کنیم. به خاطر این لطف الهی خدا رو شاکریم و از خدای بزرگ عاجزانه مسألت می‌کنیم تا آخرین لحظه زندگی توفیق حضور در پیشگاه مقدس قرآن، یادگیری معارف این کتاب عزیز و عظیم و عمل به آموزه‌های نورانی و انسان‌ساز و جامعه‌ساز این کتاب رو به ما عطا کنه ان شاء الله به برکت صلوات بر محمد و آل محمد. اللهم صل على محمد وآل محمد وعجل فرجهم. ان شاء الله که خدا این صلوات رو بر بال‌های ملائکه تا آسمان تا عرش بالا ببره و ان شاء الله دل پیغمبر ما را شاد کنه و خوشحال از این اجتماع آخرالزمانی قرآنی. خب ما سطح سوم رو داریم کار می‌کنیم. تدبر، دوره معرفتی تدبر سطح سومش هست و رسیدیم به سوره مبارکه معارج. بعدش هم سوره نوح علیه السلام و سوره جن سوره‌های پایان بخش این سطح هستند. ان شاء الله ما امروز اگر سوره معارج رو به یه جایی برسونیم شاید سوره نوح رو هم شروع بکنیم و حداکثر احتمال میدم دو هفته دیگه غیر از این در خدمت خواهیم بود که دیگه سطح سه به پایان برسه. ما روزی که سوره معارج رو اینجا تا یه جایی رفتیم جلو و می‌خواستیم از محضر شما مرخص بشیم فکر می‌کردیم مثل همیشه هفته آینده میاییم و ان شاء الله بحثمون رو ادامه میدیم. ولی خب از اون فاصله تا به حال سه و نیم ماه نزدیک چهار ماه گذشته. کسی که با قرآن معنوسه تو هر شرایطی باید سعی کنه این انسش رو با قرآن حفظ بکنه. حالا این کلاس‌ها و این جلسات یه بهانه‌ایست، یه فرصتی‌ست که ما در محضر قرآن جمع بشیم. حالا اینا نبود. قرآن همون قرآنه و ما هم همون آدمی هستیم که بهش احتیاج داریم. وقتی این جلسات نیست بیشت
… (truncated; see saved file for full transcript)

============================================================
SUMMARY
============================================================
Input file      : 024_آموزش تدبر در سوره معارج - بخش چهارم فایل۲۴ از سطح۳ سال۱۳۹۹ - علی.mp3
Provider        : ElevenLabs Scribe (scribe_v2)
Audio duration  : 54:02 (3242.05 s)
Requests        : 1
Billed duration : 3243 s (rounded up to nearest second)
Rate            : $0.22 / audio hour
Estimated cost  : $0.198125 USD
Transcript saved: /Users/mohammadreza/IslamASR/Audios/Tadabor_Sobohi/Manaee/Term3/024/024_آموزش تدبر در سوره معارج - بخش چهارم فایل۲۴ از سطح۳ سال۱۳۹۹ - علی.txt
============================================================
[024] ASR done
[025] ASR elevenlabs → 025_آموزش تدبر در سوره معارج - بخش پنجم فایل۲۵ از سطح۳ سال۱۳۹۹ - علی.mp3
Provider: ElevenLabs Scribe (scribe_v2)
Progress file (updated after each chunk): /Users/mohammadreza/IslamASR/Audios/Tadabor_Sobohi/Manaee/Term3/025/025_آموزش تدبر در سوره معارج - بخش پنجم فایل۲۵ از سطح۳ سال۱۳۹۹ - علی.partial.txt
  preparing audio (025_آموزش تدبر در سوره معارج - بخش پنجم فایل۲۵ از سطح۳ سال۱۳۹۹ - علی.mp3)...
  35:22 → 1 request(s)
  progress file: /Users/mohammadreza/IslamASR/Audios/Tadabor_Sobohi/Manaee/Term3/025/025_آموزش تدبر در سوره معارج - بخش پنجم فایل۲۵ از سطح۳ سال۱۳۹۹ - علی.partial.txt
  [1/1] 0:00–35:22 (12435 KB)...
      → 19105 chars: اعوذ بالله من الشيطان الرجيم. بسم الله الرحمن الرحيم. دور اول که مفاهيم آيات بود به لطف الهی بررسی شد آيات و معانی روشن شد. خب اما دور دوم بحث تشخیص سیاق‌هاست. ببینید من تو روش تدر…

============================================================
TRANSCRIPTION (preview)
============================================================
اعوذ بالله من الشيطان الرجيم. بسم الله الرحمن الرحيم. دور اول که مفاهيم آيات بود به لطف الهی بررسی شد آيات و معانی روشن شد. خب اما دور دوم بحث تشخیص سیاق‌هاست. ببینید من تو روش تدریس این سوره با توجه به فاصله سه ماه و نیمه‌ای که ایجاد شده بود، روش تدریس رو عوض کردم. بر خلاف سوره‌های دیگه که یه طوری صحبت نمی‌کردم که شما ارتباطات را بگید متوجه بشید. یعنی می‌خواستم سیاق‌ها رو راحت تفکیک کنید. اما در این تدریس به خاطر فاصله ایجاد شده یه جوری صحبت کردیم الان یه کسی نگاه کنه میگه اصلا این سوره [پچ،پچ] یه سیاقه. در حالی که سه سیاقه. این سیاق سوره چیا هست؟ ببینید سیاق اول آیه یک تا هجده. اونچه که در آیات یک تا هجده شما می‌خونید یه سگره مفهومی مربوط به انکار عذاب از طرف کافران و اثبات و توصیف عذاب از طرف کی؟ خدا. تا آیه هجده خواسته بگه-- اونا می‌خواستن بگن عذاب نیست. خدا می‌خواست بگه عذاب هست. انکار عذاب برای کافران سوره معارج خیلی مهمه. خیلی مهمه. اونایی که میخوان نظام نماز را بزنن باید حتماً چیو بزنن اول؟ عذاب را بزنن. چون واقعاً اگر عذابی در کار نباشه چرا تم به نظام نماز بدیم؟ چرا بخواهیم خودمون رو محدود کنیم؟ چرا بخواهیم چارچوب بپذیریم؟ بهشت کافی نیست. قطعا نیست. قطعا نیست. بهشت مال کسیه که اول-- من مثال براتون می‌زنم‌ها. تو بحث مه-- بهشت براتون مثال می‌زنم. آدم‌ها را وقتی به یک پاداشی وعده میدید، یک پاداشی رو براشون بیان می‌کنید به قصد اینکه از یک کار غلطی که براشون لذت داره بگید دست بردارن. معمولاً جواب روانشناختی آدم‌ها به این دعوت اینه نقد را رها کنم که نسيه تو باشه؟ نمی‌خوام. اونچه که شما بهشت میخوای از خانه‌ها و باغ‌ها و حوریان و نهرها و چه و چه ما بری-- ما رو به اون وعده بدی، وعده سر خرمنی بدی که نمی‌دونیم بهش می‌رسیم یا نمی‌رسیم. همین الان اینجا هست. اما اول اگر اینو بفهمن، این کاری که تو می‌کنی این عذاب را در پی دارد. نه که بهشت ندارد، عذاب را در پی دارد. سپس میشه به او گفت حالا اگر این کارو ترک کردی جبرانی این محدودیتی که اینجا داری یه پاداش ابدی برای تو در نظر گرفته میشه. مثال می‌زنم بازم یه مثال محسوس‌تر و ملموس‌تر. حالا من تو کلاسم از این مثال خیلی استفاده می‌کنم. [خنده]. کسی که مثلاً اهل دوده، اهل سیگاره اگر بهش بگی سیگار نکش که هوای پاک در انتظار توست، میگ
… (truncated; see saved file for full transcript)

============================================================
SUMMARY
============================================================
Input file      : 025_آموزش تدبر در سوره معارج - بخش پنجم فایل۲۵ از سطح۳ سال۱۳۹۹ - علی.mp3
Provider        : ElevenLabs Scribe (scribe_v2)
Audio duration  : 35:22 (2122.20 s)
Requests        : 1
Billed duration : 2123 s (rounded up to nearest second)
Rate            : $0.22 / audio hour
Estimated cost  : $0.129690 USD
Transcript saved: /Users/mohammadreza/IslamASR/Audios/Tadabor_Sobohi/Manaee/Term3/025/025_آموزش تدبر در سوره معارج - بخش پنجم فایل۲۵ از سطح۳ سال۱۳۹۹ - علی.txt
============================================================
[025] ASR done
[026] ASR elevenlabs → 026_آموزش تدبر در سوره معارج - بخش ششم فایل۲۶ از سطح۳ سال۱۳۹۹ - علی.mp3
Provider: ElevenLabs Scribe (scribe_v2)
Progress file (updated after each chunk): /Users/mohammadreza/IslamASR/Audios/Tadabor_Sobohi/Manaee/Term3/026/026_آموزش تدبر در سوره معارج - بخش ششم فایل۲۶ از سطح۳ سال۱۳۹۹ - علی.partial.txt
  preparing audio (026_آموزش تدبر در سوره معارج - بخش ششم فایل۲۶ از سطح۳ سال۱۳۹۹ - علی.mp3)...
  58:33 → 1 request(s)
  progress file: /Users/mohammadreza/IslamASR/Audios/Tadabor_Sobohi/Manaee/Term3/026/026_آموزش تدبر در سوره معارج - بخش ششم فایل۲۶ از سطح۳ سال۱۳۹۹ - علی.partial.txt
  [1/1] 0:00–58:33 (20583 KB)...
      → 33659 chars: اعوذ بالله من الشيطان الرجيم. بسم الله الرحمن الرحيم. عرض سلام و ادب و احترام مجدداً خدمت خواهران و برادران گرامی. سیاق دوم این سوره هم جمع‌بندی شد. حالا ان‌شاءالله جمع‌بندی سیاق س…

============================================================
TRANSCRIPTION (preview)
============================================================
اعوذ بالله من الشيطان الرجيم. بسم الله الرحمن الرحيم. عرض سلام و ادب و احترام مجدداً خدمت خواهران و برادران گرامی. سیاق دوم این سوره هم جمع‌بندی شد. حالا ان‌شاءالله جمع‌بندی سیاق سوم رو خواهیم داشت. قبل از اینکه جمع‌بندی کنم سیاق سه رو، در حقیقت یک سوالی مطرحه. اون سؤال رو تو مفردات، تو مفاهیم آیات اونو پاسخ بدیم و ان‌شاءالله به جمع‌بندی بپردازیم. سؤال اینه "فلا اقسم برب المشارق والمغارب". دو تا سؤال مطرحه. یک چرا لا اقسم؟ چرا خدا میگه من به پروردگار مشرق‌ها و مغرب‌ها سوگند یاد نمی‌کنم؟ ما شبیه این سؤال رو در سوره بلد تو سطح یک جواب دادیم. الان بازم تأکیداً و تکراراً عرض می‌کنیم. ببینید خیلی‌ها که هستن این لا را زائده گرفتن و میگن فایده‌اش تأکیده. یعنی لا اقسم برب المشارق یعنی اقسم مؤکداً برب المشارق والمغارب. میگن عرب یه وقتی برای تأکید قسم لا میاره. قسم یاد نمی‌کنم یعنی شدیدترین قسم را یاد می‌کنم. این یک. ما یه مقدار ابا داریم از اینکه به سادگی تو قرآن یه چیزی رو به عنوان کلمه زائده براش قبول کنیم. لذا ما میگیم لا، لا. نفیه. واقعاً لا اقسم یعنی قسم یاد نمی‌کنم. اما قسم یاد نکردن تأکیدش از قسم یاد کردن بیشتره. تو اون جایی که جای تأکیده، یه بار به یک- یکی میگی که مثلاً به جون مادرم، یه بار به یکی میگن بگو به جون مادرم. میگه اصلاً برای چی بگم به جون مادرم؟ یعنی انقدر مسئله روشنه که احتیاجی به این قسم خوردن نمی‌بینم. خدا می‌خواد بگه مثلاً مظاهر قدرت من در شرق و غرب عالم در اقصی نقاط عالم همه مشرق‌ها و مغرب‌ها اونقدر واضحه که دلیلی به سوگند یاد کردن بر ربوبیت خودم برای اثبات قدرت نمی‌بینم. قدرت من روشنه. شما به هر مشرق و مغربی نگاه بکنی جلوه‌ای از قدرت من رو می‌بینی. لزومی نمی‌بینم قسم یاد کنم. این دو تا. سومین مطلبم در نفی قسم اینه ما تو قرآن کریم نمونه داریم. می‌فرماید "فلا اقسم بمواقع النجوم. و إنه لقسم لو تعلمون عظيم". یعنی یه وقتایی خدا به یه چیزی سوگند یاد نمی‌کنه، استدلال هم می‌کنه. میگه چون قسم عظیمی است. اگر من این قسم را یاد کنم حالا من نتیجه‌گیری می‌کنما، اگر من این قسم را یاد کنم و شماها بی‌اعتنا به قسم من باشید، آثار وضعی داره. بلایی بر سرتون میاد. برای همین من قسم یاد نمی‌کنم تا اون آثار وضعی به وجود نیاد. لا اقسم بهذا البلد وأنت حل بهذا البلد. من به این 
… (truncated; see saved file for full transcript)

============================================================
SUMMARY
============================================================
Input file      : 026_آموزش تدبر در سوره معارج - بخش ششم فایل۲۶ از سطح۳ سال۱۳۹۹ - علی.mp3
Provider        : ElevenLabs Scribe (scribe_v2)
Audio duration  : 58:33 (3512.74 s)
Requests        : 1
Billed duration : 3513 s (rounded up to nearest second)
Rate            : $0.22 / audio hour
Estimated cost  : $0.214667 USD
Transcript saved: /Users/mohammadreza/IslamASR/Audios/Tadabor_Sobohi/Manaee/Term3/026/026_آموزش تدبر در سوره معارج - بخش ششم فایل۲۶ از سطح۳ سال۱۳۹۹ - علی.txt
============================================================
[026] ASR done
[027] ASR elevenlabs → 027_آموزش تدبر در سوره نوح علیهالسلام - بخش اول فایل۲۷ از سطح۳ سال۱۳۹۹ - علی.mp3
Provider: ElevenLabs Scribe (scribe_v2)
Progress file (updated after each chunk): /Users/mohammadreza/IslamASR/Audios/Tadabor_Sobohi/Manaee/Term3/027/027_آموزش تدبر در سوره نوح علیهالسلام - بخش اول فایل۲۷ از سطح۳ سال۱۳۹۹ - علی.partial.txt
  preparing audio (027_آموزش تدبر در سوره نوح علیهالسلام - بخش اول فایل۲۷ از سطح۳ سال۱۳۹۹ - علی.mp3)...
  53:28 → 1 request(s)
  progress file: /Users/mohammadreza/IslamASR/Audios/Tadabor_Sobohi/Manaee/Term3/027/027_آموزش تدبر در سوره نوح علیهالسلام - بخش اول فایل۲۷ از سطح۳ سال۱۳۹۹ - علی.partial.txt
  [1/1] 0:00–53:28 (19058 KB)...
      → 31902 chars: اعوذ بالله من الشيطان الرجيم. بسم الله الرحمن الرحيم. الحمد لله رب العالمين وصلى الله على سيدنا ونبينا حبيب الله العالمين أبي القاسم المصطفى محمد. اللهم صل على محمد وآل محمد وعلى آ…

============================================================
TRANSCRIPTION (preview)
============================================================
اعوذ بالله من الشيطان الرجيم. بسم الله الرحمن الرحيم. الحمد لله رب العالمين وصلى الله على سيدنا ونبينا حبيب الله العالمين أبي القاسم المصطفى محمد. اللهم صل على محمد وآل محمد وعلى آله الطيبين الطاهرين ولعنة الله على أعدائهم أجمعين من الآن إلى قيام يوم الدين. سلام عرض می‌کنم خدمت حاضران محترم در جلسه و بزرگوارانی که با جلسه ما همراهی می‌کنند و از طریق پخش مستقیم در کلاس حاضرند. به حول و قوه الهی ما این جلسه تدبر در سوره مبارکه نوح رو شروع می‌کنیم. البته الآن که تدبر سه رو شما آموزش می‌بینید در واقع ترم سه رو آموزش می‌بینید، تدبر یک‌تون که همون تدبر مقدماتیه تمام میشه و از ترم چهار تا شش تدبر دو یا همون تدبر تکمیلی هست. لذا یک سطح واقعاً تمام میشه و کسانی که مایل باشند وارد حوزه تربیت مربی بشن خواهند تونست بعد از سطح سه در واقع دوره تربیت مربی ببینن حداقل سطح یک تا سه را یاد بگیرند که یاد بدن، تدریس بکنند اگر جایی خواستند تدریس بکنند. بنابراین این اهمیت داره. حالا افرادی که انگیزه و علاقه دارند به کارهای مربی‌گری در حوزه تدبر در قرآن، اینا لطف بکنند که یه مقدار جدی‌تر بگیرند مطالعات‌شون رو، مباحثات‌شون رو و انشاالله برنامه‌ریزی‌هاش متعاقباً اعلام میشه خدمتتون. اونایی که شرایطش رو داشتن می‌تونن وارد این عرصه هم بشن انشاالله. از خدا می‌خواهیم که بالاتر از همه این حرف‌ها به ما توفیق التزام فکری، اخلاقی و عملی به کلام نورانی خودش و آموزه‌های انسان‌ساز و جامعه‌پرداز این کتاب رو عطا بکنه. به برکت صلوات بر محمد و آل محمد. اللهم صل على محمد وآل محمد وعجل فرجهم. سوره مبارکه نوح کل مباحث سوره درباره یعنی یه گزارشی‌ست از رسالت حضرت نوح علیه السلام و از نظر مفاهیم خیلی آیات ساده هست. از نظر اتصالات و اینا خیلی روشن هست، جمع‌بندی‌ش هم همینطوره. لذا ما خیلی قرار نیست اینجا زمان خاصی صرف بکنیم. اما از اون سوره‌های بسیار جدی و پراهمیت تو قرآن کریمه و علتشو انشاالله با تدبر در این سوره خواهیم فهمید. اعوذ بالله من الشيطان الرجيم. بسم الله الرحمن الرحيم. حالا یه دور بخونیم و مفاهیم آیات رو بررسی کنیم. انشاالله بعد از اون ببینیم که وضعیت سیاق‌ها و جمع‌بندی چه خواهد بود. بسم الله الرحمن الرحيم. انا ارسلنا نوحا الى قومه ما فرستادیم نوح را به سوی قومش. ان انذر قومک اینکه انذار ده قومت را من 
… (truncated; see saved file for full transcript)

============================================================
SUMMARY
============================================================
Input file      : 027_آموزش تدبر در سوره نوح علیهالسلام - بخش اول فایل۲۷ از سطح۳ سال۱۳۹۹ - علی.mp3
Provider        : ElevenLabs Scribe (scribe_v2)
Audio duration  : 53:28 (3207.82 s)
Requests        : 1
Billed duration : 3208 s (rounded up to nearest second)
Rate            : $0.22 / audio hour
Estimated cost  : $0.196033 USD
Transcript saved: /Users/mohammadreza/IslamASR/Audios/Tadabor_Sobohi/Manaee/Term3/027/027_آموزش تدبر در سوره نوح علیهالسلام - بخش اول فایل۲۷ از سطح۳ سال۱۳۹۹ - علی.txt
============================================================
[027] ASR done
[028] ASR elevenlabs → 028_آموزش تدبر در سوره نوح علیهالسلام - بخش دوم فایل۲۸ از سطح۳ سال۱۳۹۹ - علی.mp3
Provider: ElevenLabs Scribe (scribe_v2)
Progress file (updated after each chunk): /Users/mohammadreza/IslamASR/Audios/Tadabor_Sobohi/Manaee/Term3/028/028_آموزش تدبر در سوره نوح علیهالسلام - بخش دوم فایل۲۸ از سطح۳ سال۱۳۹۹ - علی.partial.txt
  preparing audio (028_آموزش تدبر در سوره نوح علیهالسلام - بخش دوم فایل۲۸ از سطح۳ سال۱۳۹۹ - علی.mp3)...
  52:22 → 1 request(s)
  progress file: /Users/mohammadreza/IslamASR/Audios/Tadabor_Sobohi/Manaee/Term3/028/028_آموزش تدبر در سوره نوح علیهالسلام - بخش دوم فایل۲۸ از سطح۳ سال۱۳۹۹ - علی.partial.txt
  [1/1] 0:00–52:22 (18554 KB)...
      → 29398 chars: بسم الله الرحمن الرحیم. حضرت نوح علیه السلام در گزارش خودشون دارن توضیح میدن که من با چه بیانی قوم خودم را دعوت به استغفار می‌کردم. من به قوم خودم گفتم ای خدا که "استغفروا ربکم انه…

============================================================
TRANSCRIPTION (preview)
============================================================
بسم الله الرحمن الرحیم. حضرت نوح علیه السلام در گزارش خودشون دارن توضیح میدن که من با چه بیانی قوم خودم را دعوت به استغفار می‌کردم. من به قوم خودم گفتم ای خدا که "استغفروا ربکم انه كان غفارا". گفتم از پروردگارتان طلب مغفرت کنید که او توبه‌پذیر است، مغفرت کننده است. اگر از او طلب مغفرت کنید، او آسمان را به شکلی پربرکت بر شما می‌باراند. اگر از او طلب مغفرت کنید، او شما را با اموال و فرزندان یاری می‌رساند. اگر از او طلب مغفرت کنید، او برای شما باغ‌ها قرار می‌دهد و برای شما [مکث] انهار و نهرها قرار می‌دهد. به قومم گفتم شما را چه می‌شود که برای خدا وقاری را امید ندارید. امید به وقار نداشتن برای خدا اگه بخواهیم خودمونی معنیش کنیم یعنی چی میشه رو حرف خدا حساب نمی‌کنیم؟ چی میشه وزن برای خدا قائل نیستید؟ فکر می‌کنید حرف می‌زنه نمی‌تونه عمل کنه. بعد حالا برای این قسمتش که شما را چه می‌شود برای خدا وقاری امید ندارید، می‌خواد استدلالی بکنه که علی‌القاعده هر کسی که به آیات خدا توجه داشته باشه باید بالاترین عظمت را برای کی قائل باشه؟ برای خدا قائل باشه و بر اساس این ایمان به عظمت بر پروردگار، وعده‌های او را که گفت "یمددکم و یرسل السماء" و اینا بپذیره، باورش بشه، یه دستی نگیره، سهل نگیره. [مکث] ما روی هر آدمی به اندازه وزنش رو حرفاش حساب باز می‌کنیم. مثلاً طرف نمی‌تونه نون شبشو پیدا کنه میاد میگه آقا شماها حرف منو گوش بدید. من برای همتون یکی یه خونه می‌خرم. بابا تو نون شب تو نمی‌تونی پیدا کنی، خودت خونه نداری، خودت اجاره خونتو نمی‌تونی بدی. بعد چجوری داری وعده میدی که برای همه ما یکی یه خونه می‌خری؟ معلومه این وعده، وعده پوچه، تو خالیه، سر خرمنه. تو نمی‌تونی به این وعده عمل بکنی. ما برای اون آدم رجاء به وقار نداریم. امید نداریم انقدر وزن داشته باشه، انقدر عظمت داشته باشه که بتونه به اون وعده‌اش عمل کنه. چون دیدیم دیگه. [مکث] یه وقتایی آدما در مقابل وعده خدا این شکلی رفتار می‌کنند. یعنی انگار یک کسی وعده داده که از عهده‌اش بر نمیاد. آقا این اندازه... نعوذ بالله، نعوذ بالله، نعوذ الله. اندازه این حرفا نیستی که به ما میگی آقا شما مغفرت طلب کنید، من علم می‌کنم، بلم می‌کنم. تو نمی‌تونی. [مکث] این بی‌اعتنایی این مردم به دعوت حضرت نوح به استغفار و به اون وعده‌هایی که پیرو استغفار بهشون د
… (truncated; see saved file for full transcript)

============================================================
SUMMARY
============================================================
Input file      : 028_آموزش تدبر در سوره نوح علیهالسلام - بخش دوم فایل۲۸ از سطح۳ سال۱۳۹۹ - علی.mp3
Provider        : ElevenLabs Scribe (scribe_v2)
Audio duration  : 52:22 (3142.22 s)
Requests        : 1
Billed duration : 3143 s (rounded up to nearest second)
Rate            : $0.22 / audio hour
Estimated cost  : $0.192025 USD
Transcript saved: /Users/mohammadreza/IslamASR/Audios/Tadabor_Sobohi/Manaee/Term3/028/028_آموزش تدبر در سوره نوح علیهالسلام - بخش دوم فایل۲۸ از سطح۳ سال۱۳۹۹ - علی.txt
============================================================
[028] ASR done
[029] ASR elevenlabs → 029_آموزش تدبر در سوره نوح علیهالسلام - بخش سوم فایل۲۹ از سطح۳ سال۱۳۹۹ - علی.mp3
Provider: ElevenLabs Scribe (scribe_v2)
Progress file (updated after each chunk): /Users/mohammadreza/IslamASR/Audios/Tadabor_Sobohi/Manaee/Term3/029/029_آموزش تدبر در سوره نوح علیهالسلام - بخش سوم فایل۲۹ از سطح۳ سال۱۳۹۹ - علی.partial.txt
  preparing audio (029_آموزش تدبر در سوره نوح علیهالسلام - بخش سوم فایل۲۹ از سطح۳ سال۱۳۹۹ - علی.mp3)...
  47:09 → 1 request(s)
  progress file: /Users/mohammadreza/IslamASR/Audios/Tadabor_Sobohi/Manaee/Term3/029/029_آموزش تدبر در سوره نوح علیهالسلام - بخش سوم فایل۲۹ از سطح۳ سال۱۳۹۹ - علی.partial.txt
  [1/1] 0:00–47:09 (16576 KB)...
      → 28564 chars: اعوذ بالله من الشيطان الرجيم. بسم الله الرحمن الرحيم. عرض سلام و ادب و احترام. ما تا آیه بیست و چهار در واقع خوندیم و مشخص شد که غیر از آیه یک تا چهار که اصل ارسال حضرت نوح علیه ال…

============================================================
TRANSCRIPTION (preview)
============================================================
اعوذ بالله من الشيطان الرجيم. بسم الله الرحمن الرحيم. عرض سلام و ادب و احترام. ما تا آیه بیست و چهار در واقع خوندیم و مشخص شد که غیر از آیه یک تا چهار که اصل ارسال حضرت نوح علیه السلام برای انذار قومش مطرح شد و خدا از اجابت و کلیت دعوت حضرت نوح علیه السلام صحبت کرد؛ در آیه یک تا چهار اجمال این ماجرا گفته شد از آیه پنج تا بیست و چهارش چی بود؟ گزارش نوح علیه السلام بود که سه تا ردیف داشت دو تا ستون توضیح دادم راجع بهش. اینجا جمله بعدی دیگه از زبان حضرت نوح علیه السلام نیست. جمله بعدی صحبت خداست. خدا می‌فرماید "مما خطیئاتهم اغرقوا" یعنی بر اثر خطاهایشان غرق شدند. یعنی عملاً اونچه که می‌خواستیم با دعوت نوح علی-- با ارسال نوح علیه السلام اتفاق بیفته و اینا دست از خطاهاشون بردارن تا عذاب برگردد، اون اتفاق نیفتاد. خطاهاشون رو ادامه دادن و به سبب خطاهای خود غرق شدند. که حالا در جاهای دیگه قرآن توضیح داده زمین، خدا به زمین دستور داد که در قالب چشمه‌های عظیم آب بجوشاند و به آسمان فرمان داد که باران شدید بباراند و از به هم پیوستن آب زمین و آسمان دریای عظیم در سطح کره زمین ایجاد شد و تمام این کافران غرق شدند و جز کسانی که بر کشتی نوح علیه السلام سوار بودند بقیه کسی نجات پیدا نکرد. "مما خطیئاتهم اغرقوا فادخلوا نارا" یعنی از غرق صاف منتقل به کجا شدند؟ به آتش. از غرق در آب منتقل به آتش شدند. چرا؟ چون مرگ این‌ها عذاب بود دیگه عذاب. کسی که با عذاب دنیا از دنیا میره مستقیم به عذاب دوزخ میرسه. دیگه این وسط فاصله هم نداره. "مما خطیئاتهم اغرقوا فادخلوا نارا فلم يجدوا لهم من دون الله أنصارا" برای خودشون به غیر از خدا هیچ یار یاوری پیدا نکردند. یعنی از اون ود و صوا و یغوث و يعوق و نصر چیزی براشون در نیامد. از اون خدایان خیالی که قرار بود سلب مسئولیت از خودشون بکنند و اون‌ها را بین خودشون و خدا پارتی قرار بدن، زندگی مسئولانه توحیدی نداشته باشن، از اونا برای اینا کاری ساخته نشد. اصلاً از زبان حضرت نوح علیه السلام این آیه گفتنش صحیح نیست. یعنی چی؟ الآن نوح علیه السلام دارد به خدا گزارش عملکرد خود و عکس العمل قوم میده. بعد اون وقت نوح به خدا میگه که اینا غرق شدند. اما این آیه اینو قبول دارید که متن این آیه بهش نمیخوره که صحبت حضرت نوح باشه. حضرت نوح که غرق نکرده این‌ها را بخواد گزارش به خدا ب
… (truncated; see saved file for full transcript)

============================================================
SUMMARY
============================================================
Input file      : 029_آموزش تدبر در سوره نوح علیهالسلام - بخش سوم فایل۲۹ از سطح۳ سال۱۳۹۹ - علی.mp3
Provider        : ElevenLabs Scribe (scribe_v2)
Audio duration  : 47:09 (2828.88 s)
Requests        : 1
Billed duration : 2829 s (rounded up to nearest second)
Rate            : $0.22 / audio hour
Estimated cost  : $0.172876 USD
Transcript saved: /Users/mohammadreza/IslamASR/Audios/Tadabor_Sobohi/Manaee/Term3/029/029_آموزش تدبر در سوره نوح علیهالسلام - بخش سوم فایل۲۹ از سطح۳ سال۱۳۹۹ - علی.txt
============================================================
[029] ASR done
[030] ASR elevenlabs → 030_آموزش تدبر در سوره جنّ - بخش اول فایل۳۰ از سطح۳ سال۱۳۹۹ - علی.mp3
Provider: ElevenLabs Scribe (scribe_v2)
Progress file (updated after each chunk): /Users/mohammadreza/IslamASR/Audios/Tadabor_Sobohi/Manaee/Term3/030/030_آموزش تدبر در سوره جنّ - بخش اول فایل۳۰ از سطح۳ سال۱۳۹۹ - علی.partial.txt
  preparing audio (030_آموزش تدبر در سوره جنّ - بخش اول فایل۳۰ از سطح۳ سال۱۳۹۹ - علی.mp3)...
  1:31:14 → 1 request(s)
  progress file: /Users/mohammadreza/IslamASR/Audios/Tadabor_Sobohi/Manaee/Term3/030/030_آموزش تدبر در سوره جنّ - بخش اول فایل۳۰ از سطح۳ سال۱۳۹۹ - علی.partial.txt
  [1/1] 0:00–1:31:14 (32073 KB)...
      → 51937 chars: اعوذ بالله من الشيطان الرجيم بسم الله الرحمن الرحيم. الحمد لله رب العالمين وصلى الله على سيدنا ونبينا حبيب اله العالمين ابى القاسم المصطفى محمد. اللهم صل على محمد. وعلى آله الطيبين…

============================================================
TRANSCRIPTION (preview)
============================================================
اعوذ بالله من الشيطان الرجيم بسم الله الرحمن الرحيم. الحمد لله رب العالمين وصلى الله على سيدنا ونبينا حبيب اله العالمين ابى القاسم المصطفى محمد. اللهم صل على محمد. وعلى آله الطيبين الطاهرين ولعنة الله على أعدائهم أجمعين من الآن إلى قيام يوم الدين. سلام عرض می‌کنم خدمت حاضران محترم در این جلسه و بزرگوارانی که از طریق پخش مستقیم همراهی می‌کنند و امیدوار هستیم خدای بزرگ به همه ما توفیق درک صحیح و عمیق قرآن کریم رو عطا بکنه. ما رو با قرآن زنده بدارد و با قرآن بمیراند و با قرآن محشور کند به برکت صلوات بر محمد و آل محمد. اللهم صل على محمد وآل محمد وعجل فرجه. ان شاء الله امروز ما بنا هست سوره مبارکه جن رو تدبر بکنیم و این آخرین سوره ای هست که در سطح سوم از دوره معرفتی تدبر، دوره مقدماتی در واقع داریم خدمت شما تقدیم می‌کنیم. ان شاء الله که خدا کمک بکنه به همه ما که بتونیم در ادامه مسیر زندگیمون هم با سایر سوره‌های قرآن و با روش تدبر در قرآن بیشتر آشنا بشیم و امیدوارم تا اینجای مباحث تدبر برای شما بزرگواران مفید و سازنده باشه هم از نظر روش مطالعه قرآن هم از نظر معارفی که به هر حال در ضمن تدبر در سوره‌ها گفته‌گو شده. ما در هر سوره ای که می‌خوایم تدبر بکنیم حتما حضور ذهن دارید که چهار قدم رو برمی‌داریم. ابتدا آیات سوره را می‌خوانیم و می‌فهمیم. سعی می‌کنیم که فهم ما از آیات فهم صحیح و دقیقی باشه. به درک از معانی آیات برسیم. خب برای این کار لغت باید بدونیم، صرف و نحو یه مقدار باید بدونیم. اگر نه باید به ترجمه ها مراجعه کنیم و متن آیات رو با ترجمه ها مقایسه بکنیم، به شکل تطبیقی کار بکنیم تا کم‌کم با نحوه فهم اولیه معانی آیات قرآن مانوس بشیم. بعد از اون بحث تشخیص سیاق ها یا همون پاراگراف بندی سوره است. هر سوره ای بالاخره سیاق هایی هم داره. ببینیم که سیر مفهومی که در آیه اول آغاز شده تا کجا ادامه پیدا می‌کنه، کجا این سیر مفهومی قطع میشه و سیر مفهومی جدیدی شروع میشه و باز تا کجا ادامه پیدا می‌کنه. همینطور تا پایان یک سوره. بعد از اینکه سیاق ها شناخته شد نوبت می‌رسه به جمع‌بندی سیاق ها. اینکه هر سیاقی رو بتونیم اون مبحث اصلیش رو کشف بکنیم، جهت هدایتیش رو کشف بکنیم و به درک جامع و هماهنگی از اون سیاق برسیم. و در نهایت قدم چهارم کشف ارتباط سیاق ها با همدیگه است. اینکه بتونیم سیر هدایتی
… (truncated; see saved file for full transcript)

============================================================
SUMMARY
============================================================
Input file      : 030_آموزش تدبر در سوره جنّ - بخش اول فایل۳۰ از سطح۳ سال۱۳۹۹ - علی.mp3
Provider        : ElevenLabs Scribe (scribe_v2)
Audio duration  : 1:31:14 (5473.80 s)
Requests        : 1
Billed duration : 5474 s (rounded up to nearest second)
Rate            : $0.22 / audio hour
Estimated cost  : $0.334510 USD
Transcript saved: /Users/mohammadreza/IslamASR/Audios/Tadabor_Sobohi/Manaee/Term3/030/030_آموزش تدبر در سوره جنّ - بخش اول فایل۳۰ از سطح۳ سال۱۳۹۹ - علی.txt
============================================================
[030] ASR done
[031] ASR elevenlabs → 031_آموزش تدبر در سوره جنّ - بخش دوم فایل۳۱ از سطح۳ سال۱۳۹۹ - علی.mp3
Provider: ElevenLabs Scribe (scribe_v2)
Progress file (updated after each chunk): /Users/mohammadreza/IslamASR/Audios/Tadabor_Sobohi/Manaee/Term3/031/031_آموزش تدبر در سوره جنّ - بخش دوم فایل۳۱ از سطح۳ سال۱۳۹۹ - علی.partial.txt
  preparing audio (031_آموزش تدبر در سوره جنّ - بخش دوم فایل۳۱ از سطح۳ سال۱۳۹۹ - علی.mp3)...
  26:28 → 1 request(s)
  progress file: /Users/mohammadreza/IslamASR/Audios/Tadabor_Sobohi/Manaee/Term3/031/031_آموزش تدبر در سوره جنّ - بخش دوم فایل۳۱ از سطح۳ سال۱۳۹۹ - علی.partial.txt
  [1/1] 0:00–26:28 (9305 KB)...
      → 14253 chars: اعوذ بالله من الشيطان الرجيم. بسم الله الرحمن الرحيم. مجدداً سلام عرض می‌کنم خدمت خواهران و برادران گرامی. بعد از اینکه آخرین جملات از زبان جنیان توسط خدا برای پیغمبر وحی شد و از ج…

============================================================
TRANSCRIPTION (preview)
============================================================
اعوذ بالله من الشيطان الرجيم. بسم الله الرحمن الرحيم. مجدداً سلام عرض می‌کنم خدمت خواهران و برادران گرامی. بعد از اینکه آخرین جملات از زبان جنیان توسط خدا برای پیغمبر وحی شد و از جان-- از طریق وحی برای ما نقل قول شد، بحث منتقل میشه به فضای ما انسان‌ها. آخرین جملاتی که از جنیان از سخنرانی جنیان در جمع خودشون نقل شد این است که اون‌ها گفتند مساجد متعلق به خداست پس نباید جز خدا عهدی را بخوانید؛ و در همین راستا اظهار تعجب کردند. جنی‌ها اظهار تعجب کردند که عبدالله ایستاده تا الله را بخواند. یک عده‌ای از انسان‌ها این کادو یکنونه مراد انسان‌هاست چون اگر جنی‌ها مراد بودند دیگه در نقل قول اونا باید می‌گفت شما. نباید می‌گفت یک عده‌ای. غایب نباید می‌آورد. این غایب آورده یعنی جنیان دارن راجع به کی؟ راجع به آدما صحبت می‌کنند. میگه عبدالله ایستاده خدا را بخواند. اینا یکنون علیه لبدا کادو یکنون علیه، علیه لبدا. نزدیک است که او را در حلقه متراکم خود خلاصه محاصره‌اش بکنند و به اعتراض دور او جمع شدند که این چه کاریه تو داری می‌کنی؟ از همین جا معلوم می‌شود که از اول اونجایی که خدا گفت قل اوحی الیه انه سمع نفر من الجن، یک اتفاق خیلی عجیبی را خدا مدیریت کرده تو این سوره. این نقل قول پیغمبر از سخنرانی اون‌ها داغ داغه. یعنی سخنرانی جنی‌ها همزمان است تو عالم خودشون با همین وقایعی که داره تو عالم ما انسان‌ها چی میشه؟ اتفاق می‌افته. او قول اول رو به کیا داره میگه؟ به همین‌هایی که دور پیغمبر چی شدند؟ بگید. کادو یکنون علیه لبدا که قول دومش هم اینه. قل انما ادعو ربی. قل اوحی الی انه سمع نفر من الجن تا اینجا قول دوم. قل انما ادعو ربی. قول سوم. قل انی لا امرک. قول چهارم. قل انی لن یجیرنی الی آخر. و قول پنجم قل ادری که البته این ذیل یکی از اون بحث‌هاست. اصلش چهار تا قول اصلی در کنار همه که حالا من انشاالله بهش اشاره می‌کنم. خب. اینا رو پیغمبر داره در جواب کیا میگه؟ داره در جواب این معترضین به عبادت خدا. پیغمبر ایستاده خدا را می‌خواند، آدم‌ها اعتراض دارند. در جواب این اعتراض خدا به او دستور داده اول بگو جریان جنیان را. حالا اینو بگو، حالا اینو بگو، حالا اینو بگو. این جریان جنیان را بگو. چرا بگو؟ می‌خوام اینو تو ذهنتون داشته باشید فعلاً. چرا خدا در جواب به این اعتراض از پیغمبر خواست که بگو جریان جنیا
… (truncated; see saved file for full transcript)

============================================================
SUMMARY
============================================================
Input file      : 031_آموزش تدبر در سوره جنّ - بخش دوم فایل۳۱ از سطح۳ سال۱۳۹۹ - علی.mp3
Provider        : ElevenLabs Scribe (scribe_v2)
Audio duration  : 26:28 (1587.92 s)
Requests        : 1
Billed duration : 1588 s (rounded up to nearest second)
Rate            : $0.22 / audio hour
Estimated cost  : $0.097040 USD
Transcript saved: /Users/mohammadreza/IslamASR/Audios/Tadabor_Sobohi/Manaee/Term3/031/031_آموزش تدبر در سوره جنّ - بخش دوم فایل۳۱ از سطح۳ سال۱۳۹۹ - علی.txt
============================================================
[031] ASR done
[032] ASR elevenlabs → 032_آموزش تدبر در سوره جنّ - بخش سوم فایل۳۲ از سطح۳ سال۱۳۹۹ - علی.mp3
Provider: ElevenLabs Scribe (scribe_v2)
Progress file (updated after each chunk): /Users/mohammadreza/IslamASR/Audios/Tadabor_Sobohi/Manaee/Term3/032/032_آموزش تدبر در سوره جنّ - بخش سوم فایل۳۲ از سطح۳ سال۱۳۹۹ - علی.partial.txt
  preparing audio (032_آموزش تدبر در سوره جنّ - بخش سوم فایل۳۲ از سطح۳ سال۱۳۹۹ - علی.mp3)...
  1:25:52 → 1 request(s)
  progress file: /Users/mohammadreza/IslamASR/Audios/Tadabor_Sobohi/Manaee/Term3/032/032_آموزش تدبر در سوره جنّ - بخش سوم فایل۳۲ از سطح۳ سال۱۳۹۹ - علی.partial.txt
  [1/1] 0:00–1:25:52 (30186 KB)...
      → 47084 chars: اینکه خدا از گذشته جنیان داره صحبت میکنه از کجا ثابته که از گذشته جنیانه؟ [پچ،پچ] گفتند با یه فاصله چند دقیقه‌ای هم گفتند حاصله. خب الان دارن سخنرانی می‌کنن. الان داره از سخنرانی‌ش…

============================================================
TRANSCRIPTION (preview)
============================================================
اینکه خدا از گذشته جنیان داره صحبت میکنه از کجا ثابته که از گذشته جنیانه؟ [پچ،پچ] گفتند با یه فاصله چند دقیقه‌ای هم گفتند حاصله. خب الان دارن سخنرانی می‌کنن. الان داره از سخنرانی‌شون نقل قول می‌کنه، نه از اینکه بله من دارم تعریف می‌کنم رفتن کجا و کجا. اینا الان دارن سخنرانی می‌کنن، خودشون تو سخنرانی‌شون دارن میگن چی شد و خدا از این سخنرانیه داره نقل قول می‌کنه. من اینجوری می‌فهمم. خیلی س-- بخوام شفاف حرف بزنم اینجوری می‌فهمم که دقیقاً همزمان با اجتماع مشرکان دور بر پیغمبر به اعتراض که شما داری خدا را می‌خوانی چرا؟ همون زمان جنیان دارن با گروهی از خودشون صحبت می‌کنند درباره پیغمبر و درباره لزوم ایمان به او. و خدا از اون واقعه تو این واقعه داره نقل قول می‌کنه برای پیغمبر تو اینا رو بگو. بگو به من وحی شد چنین، چنان. اینکه چرا میخوام این دو تا رو هم منطبق کنم اصلا چه اصراریه؟ این اصرار برمی‌گرده به این. قل دوم وزانش در سوره با قل اول فرق نداره. قل اوحی قل انما ادعو این یک. اونوقت قل دوم جوابی که ذیل قل دوم شما می‌بینید انما ادعوئه که جواب آخرین جمله‌ایست که تو قل اول دیدید که، که انه لما قام عبدالله يدعه کادوا يكونون عليه لبدا قل انما ادعو. خب حالا اون جمله آخر قل اول اگر مال مثلاً فرض کنید سی روز پیش بود. اونوقت چه معنی داشت که الان جواب بده پیغمبر قل انما ادعو ربی. اون اجتماعه انجام شده. اون اجتماعی که جنیان ازش حرف زدن، اون اجتماع انجام شده، تمام شده، پنجاه روز هم گذشته. حالا خدا نقل قول می‌کنه، آخرین جمله اونا رو هم نقل می‌کنه که آره پنجاه روز پیش گفتن که عبدالله وقتی وایساد خدا را بخواند یک عده دور و برش ازدحام کردن و محاصره‌اش کردن که چرا داری این کارو می‌کنی اعتراض داشتن. حالا پیغمبر به اون معترضین بگو فلان و فلان زنده. یعنی به ظاهری می‌مونه که این ماجرا مال پنجاه روز پیشه که نقل شده از زبان جنیان جوابش الان داره داده میشه. این نمی‌خونه. خود این نشون میده که یه تدبیری در کار بوده. شبیه سوره علق یادتونه؟ گفتیم مثلا همون حینی که این فرد داره پیغمبر رو ن-- نهی میکنه شما نباید وایسی اینجا نماز بخونی. تو همون حین آیات نازل میشه و جواب اون فرد داده میشه و به او گفته میشه اگر دست برنداره موی پیشانی او را می‌گیریم. بعد آخر سوره خدا میگه از او اطاعت نکن، سجده کن، به من نز
… (truncated; see saved file for full transcript)

============================================================
SUMMARY
============================================================
Input file      : 032_آموزش تدبر در سوره جنّ - بخش سوم فایل۳۲ از سطح۳ سال۱۳۹۹ - علی.mp3
Provider        : ElevenLabs Scribe (scribe_v2)
Audio duration  : 1:25:52 (5151.71 s)
Requests        : 1
Billed duration : 5152 s (rounded up to nearest second)
Rate            : $0.22 / audio hour
Estimated cost  : $0.314827 USD
Transcript saved: /Users/mohammadreza/IslamASR/Audios/Tadabor_Sobohi/Manaee/Term3/032/032_آموزش تدبر در سوره جنّ - بخش سوم فایل۳۲ از سطح۳ سال۱۳۹۹ - علی.txt
============================================================
[032] ASR done
ALL DONE dl_fail=0 asr_ok=32 asr_skip=0 asr_fail=0
001: ['001_play.m4a', '001_آموزش تدبر در قرآن - سطح۳ - توصیه های آموزشی فایل۱ از سطح۳ سال۱۳۹۹ - علی.mp3', '001_آموزش تدبر در قرآن - سطح۳ - توصیه های آموزشی فایل۱ از سطح۳ سال۱۳۹۹ - علی.txt']
002: ['002_play.m4a', '002_آموزش تدبر در سوره طلاق - بخش اول فایل۲ از سطح۳ سال۱۳۹۹ - علی.mp3', '002_آموزش تدبر در سوره طلاق - بخش اول فایل۲ از سطح۳ سال۱۳۹۹ - علی.txt']
003: ['003_play.m4a', '003_آموزش تدبر در سوره طلاق - بخش دوم فایل۳ از سطح۳ سال۱۳۹۹ - علی.mp3', '003_آموزش تدبر در سوره طلاق - بخش دوم فایل۳ از سطح۳ سال۱۳۹۹ - علی.txt']
004: ['004_play.m4a', '004_آموزش تدبر در سوره طلاق - بخش سوم فایل۴ از سطح۳ سال۱۳۹۹ - علی.mp3', '004_آموزش تدبر در سوره طلاق - بخش سوم فایل۴ از سطح۳ سال۱۳۹۹ - علی.txt']
005: ['005_play.m4a', '005_آموزش تدبر در سوره تحریم - بخش اول فایل۵ از سطح۳ سال۱۳۹۹ - علی.mp3', '005_آموزش تدبر در سوره تحریم - بخش اول فایل۵ از سطح۳ سال۱۳۹۹ - علی.txt']
006: ['006_play.m4a', '006_آموزش تدبر در سوره تحریم - بخش دوم فایل۶ از سطح۳ سال۱۳۹۹ - علی.mp3', '006_آموزش تدبر در سوره تحریم - بخش دوم فایل۶ از سطح۳ سال۱۳۹۹ - علی.txt']
007: ['007_play.m4a', '007_آموزش تدبر در سوره تحریم - بخش سوم فایل۷ از سطح۳ سال۱۳۹۹ - علی.mp3', '007_آموزش تدبر در سوره تحریم - بخش سوم فایل۷ از سطح۳ سال۱۳۹۹ - علی.txt']
008: ['008_play.m4a', '008_آموزش تدبر در سوره مُلک - بخش اول فایل۸ از سطح۳ سال۱۳۹۹ - علی.mp3', '008_آموزش تدبر در سوره مُلک - بخش اول فایل۸ از سطح۳ سال۱۳۹۹ - علی.txt']
009: ['009_play.m4a', '009_آموزش تدبر در سوره مُلک - بخش دوم فایل۹ از سطح۳ سال۱۳۹۹ - علی.mp3', '009_آموزش تدبر در سوره مُلک - بخش دوم فایل۹ از سطح۳ سال۱۳۹۹ - علی.txt']
010: ['010_play.m4a', '010_آموزش تدبر در سوره مُلک - بخش سوم فایل۱۰ از سطح۳ سال۱۳۹۹ - علی.mp3', '010_آموزش تدبر در سوره مُلک - بخش سوم فایل۱۰ از سطح۳ سال۱۳۹۹ - علی.txt']
011: ['011_play.m4a', '011_آموزش تدبر در سوره مُلک - بخش چهارم فایل۱۱ از سطح۳ سال۱۳۹۹ - علی.mp3', '011_آموزش تدبر در سوره مُلک - بخش چهارم فایل۱۱ از سطح۳ سال۱۳۹۹ - علی.txt']
012: ['012_play.m4a', '012_آموزش تدبر در سوره مُلک - بخش پنجم فایل۱۲ از سطح۳ سال۱۳۹۹ - علی.mp3', '012_آموزش تدبر در سوره مُلک - بخش پنجم فایل۱۲ از سطح۳ سال۱۳۹۹ - علی.txt']
013: ['013_play.m4a', '013_آموزش تدبر در سوره قلم - بخش اول فایل۱۳ از سطح۳ سال۱۳۹۹ - علی.mp3', '013_آموزش تدبر در سوره قلم - بخش اول فایل۱۳ از سطح۳ سال۱۳۹۹ - علی.txt']
014: ['014_play.m4a', '014_آموزش تدبر در سوره قلم - بخش دوم فایل۱۴ از سطح۳ سال۱۳۹۹ - علی.mp3', '014_آموزش تدبر در سوره قلم - بخش دوم فایل۱۴ از سطح۳ سال۱۳۹۹ - علی.txt']
015: ['015_play.m4a', '015_آموزش تدبر در سوره قلم - بخش سوم فایل۱۵ از سطح۳ سال۱۳۹۹ - علی.mp3', '015_آموزش تدبر در سوره قلم - بخش سوم فایل۱۵ از سطح۳ سال۱۳۹۹ - علی.txt']
016: ['016_play.m4a', '016_آموزش تدبر در سوره قلم - بخش چهارم فایل۱۶ از سطح۳ سال۱۳۹۹ - علی.mp3', '016_آموزش تدبر در سوره قلم - بخش چهارم فایل۱۶ از سطح۳ سال۱۳۹۹ - علی.txt']
017: ['017_play.m4a', '017_آموزش تدبر در سوره حاقّه - بخش اول فایل۱۷ از سطح۳ سال۱۳۹۹ - علی.mp3', '017_آموزش تدبر در سوره حاقّه - بخش اول فایل۱۷ از سطح۳ سال۱۳۹۹ - علی.txt']
018: ['018_play.m4a', '018_آموزش تدبر در سوره حاقّه - بخش دوم فایل۱۸ از سطح۳ سال۱۳۹۹ - علی.mp3', '018_آموزش تدبر در سوره حاقّه - بخش دوم فایل۱۸ از سطح۳ سال۱۳۹۹ - علی.txt']
019: ['019_play.m4a', '019_آموزش تدبر در سوره حاقّه - بخش سوم فایل۱۹ از سطح۳ سال۱۳۹۹ - علی.mp3', '019_آموزش تدبر در سوره حاقّه - بخش سوم فایل۱۹ از سطح۳ سال۱۳۹۹ - علی.txt']
020: ['020_play.m4a', '020_آموزش تدبر در سوره حاقّه - بخش چهارم فایل۲۰ از سطح۳ سال۱۳۹۹ - علی.mp3', '020_آموزش تدبر در سوره حاقّه - بخش چهارم فایل۲۰ از سطح۳ سال۱۳۹۹ - علی.txt']
021: ['021_play.m4a', '021_آموزش تدبر در سوره معارج - بخش اول فایل۲۱ از سطح۳ سال۱۳۹۹ - علی.mp3', '021_آموزش تدبر در سوره معارج - بخش اول فایل۲۱ از سطح۳ سال۱۳۹۹ - علی.txt']
022: ['022_play.m4a', '022_آموزش تدبر در سوره معارج - بخش دوم فایل۲۲ از سطح۳ سال۱۳۹۹ - علی.mp3', '022_آموزش تدبر در سوره معارج - بخش دوم فایل۲۲ از سطح۳ سال۱۳۹۹ - علی.txt']
023: ['023_play.m4a', '023_آموزش تدبر در سوره معارج - بخش سوم فایل۲۳ از سطح۳ سال۱۳۹۹ - علی.mp3', '023_آموزش تدبر در سوره معارج - بخش سوم فایل۲۳ از سطح۳ سال۱۳۹۹ - علی.txt']
024: ['024_play.m4a', '024_آموزش تدبر در سوره معارج - بخش چهارم فایل۲۴ از سطح۳ سال۱۳۹۹ - علی.mp3', '024_آموزش تدبر در سوره معارج - بخش چهارم فایل۲۴ از سطح۳ سال۱۳۹۹ - علی.txt']
025: ['025_play.m4a', '025_آموزش تدبر در سوره معارج - بخش پنجم فایل۲۵ از سطح۳ سال۱۳۹۹ - علی.mp3', '025_آموزش تدبر در سوره معارج - بخش پنجم فایل۲۵ از سطح۳ سال۱۳۹۹ - علی.txt']
026: ['026_play.m4a', '026_آموزش تدبر در سوره معارج - بخش ششم فایل۲۶ از سطح۳ سال۱۳۹۹ - علی.mp3', '026_آموزش تدبر در سوره معارج - بخش ششم فایل۲۶ از سطح۳ سال۱۳۹۹ - علی.txt']
027: ['027_play.m4a', '027_آموزش تدبر در سوره نوح علیهالسلام - بخش اول فایل۲۷ از سطح۳ سال۱۳۹۹ - علی.mp3', '027_آموزش تدبر در سوره نوح علیهالسلام - بخش اول فایل۲۷ از سطح۳ سال۱۳۹۹ - علی.txt']
028: ['028_play.m4a', '028_آموزش تدبر در سوره نوح علیهالسلام - بخش دوم فایل۲۸ از سطح۳ سال۱۳۹۹ - علی.mp3', '028_آموزش تدبر در سوره نوح علیهالسلام - بخش دوم فایل۲۸ از سطح۳ سال۱۳۹۹ - علی.txt']
029: ['029_play.m4a', '029_آموزش تدبر در سوره نوح علیهالسلام - بخش سوم فایل۲۹ از سطح۳ سال۱۳۹۹ - علی.mp3', '029_آموزش تدبر در سوره نوح علیهالسلام - بخش سوم فایل۲۹ از سطح۳ سال۱۳۹۹ - علی.txt']
030: ['030_play.m4a', '030_آموزش تدبر در سوره جنّ - بخش اول فایل۳۰ از سطح۳ سال۱۳۹۹ - علی.mp3', '030_آموزش تدبر در سوره جنّ - بخش اول فایل۳۰ از سطح۳ سال۱۳۹۹ - علی.txt']
031: ['031_play.m4a', '031_آموزش تدبر در سوره جنّ - بخش دوم فایل۳۱ از سطح۳ سال۱۳۹۹ - علی.mp3', '031_آموزش تدبر در سوره جنّ - بخش دوم فایل۳۱ از سطح۳ سال۱۳۹۹ - علی.txt']
032: ['032_play.m4a', '032_آموزش تدبر در سوره جنّ - بخش سوم فایل۳۲ از سطح۳ سال۱۳۹۹ - علی.mp3', '032_آموزش تدبر در سوره جنّ - بخش سوم فایل۳۲ از سطح۳ سال۱۳۹۹ - علی.txt']
EXIT=0
