Transcribing 49 sessions with ElevenLabs…

=== 001 001_احراز ۱.mp3 ===
Provider: ElevenLabs Scribe (scribe_v2)
Progress file (updated after each chunk): Audios/Bayat/ehras_awzat/001/001_احراز ۱.partial.txt
  preparing audio (001_احراز ۱.mp3)...
  18:20 → 1 request(s)
  progress file: Audios/Bayat/ehras_awzat/001/001_احراز ۱.partial.txt
  [1/1] 0:00–18:20 (6446 KB)...
      → 12466 chars: بسم الله الرحمن الرحیم و به نستعین. السلام علیک ای داعی الله و ربانی ای ایاته سلام علیکم و رحمت الله. [مکث] اولا تبریک عرض می‌کنم خدمت همه‌ی شما این ایام فرخنده و پر از نور رو واقع…

============================================================
TRANSCRIPTION (preview)
============================================================
بسم الله الرحمن الرحیم و به نستعین. السلام علیک ای داعی الله و ربانی ای ایاته سلام علیکم و رحمت الله. [مکث] اولا تبریک عرض می‌کنم خدمت همه‌ی شما این ایام فرخنده و پر از نور رو واقعا تبریک عرض می‌کنم که نمی‌دانیم واقعا چه حق بزرگی این انقلاب گردن ما دارد و می‌طلبد که در این ایام ما چه‌ها بکنیم و نمی‌کنیم. بماند. یکی از بدترین دشمنی‌هایی که شد تا ما این روزها رو نبینیم از همون ابتدای جنگ شما بگیرید، از ضرب‌الاجلی که صدام اعلام کرد گفت من دو هفته‌ای کار ایران رو یکسره می‌کنم، تمومش می‌کنم. تا بیا جلوتر منافقین در مرصاد مثلاً گفتن نهایتا یک ماهه کار فاتحه‌ی ایران رو می‌خونیم. بیا جلو همین‌طوری ضرب‌الاجلی که از داخل و خارج هی اعلام کردن گفتن تا همین اواخر که حتی توی این سه ماه اخیر دیدید که گفتن آره برف رو به خودش دیگه انقلاب نمی‌بینه. برف رو. بیست و دو بهمن رو به خودش نمی‌بینه. همین دشمنای داخلی خارجی این‌ها. با تمام قوا بر علیه نظام ما، ارزش‌های ما، دین ما، مملکت ما دست به دست هم دادن، متفق‌القول شدن اما به فضل الهی نتوانستند. من با توجه به اینکه چون سیر بحث ما کتاب الموت مرحوم مجلسی بود، [مکث] می‌خوام استفاده کنم اگر یادتون باشه ارتباطش با ملائکه این بود که ملائکه قوای عالم بودند و گفتیم اون‌ها کمک‌کننده‌اند، مددرساند از سمت حضرت حق. چرا انسان بترسه؟ چرا کم بیاره؟ این‌ها تا دسته‌های نوزده‌گانه ملائکه رو گفتیم آخرین ملائک که معرفی کردیم هجدهم و نوزدهم اگر یادتون باشه هاروت و ماروت بودند. این‌ها دستور باطل کردن سحر و جادو رو و در امان ماندن از شر اشرار از جن و انس رو که سحر و جادو می‌کردند رو به مسلمون‌ها به اهل ایمان تعلیم می‌دادند. از این فرصت می‌خوام استفاده کنم، اینجا یه پرانتز باز کنم که اینطور که قاطع و یقین متوجه شدیم و می‌شویم حتی دشمنان جنی هم در براندازی انقلاب ما دست داشتند. اجازه بدید که برای تأیید همین موضوع اشاره کنم به صحبت‌های رهبر عزیزمون سال گذشته که البته چندین بار رهبر عزیزمون به بحث اجنه و دخالت‌شون در مواجهه با انقلاب سخن گفتند. یکیش وقتی بود که اشاره به آیه‌ی صد و دوازده سوره انعام کردند و فرمودند که دشمنان جنی، ایشون فرمودند دشمنان جنی و هم دشمنان انسی وجود دارند. هم جنی هم انسی و این‌ها به هم کمک می‌کنند. هر دو به هم کمک می‌کنند. نه اینکه جنی‌ها
… (truncated; see saved file for full transcript)

============================================================
SUMMARY
============================================================
Input file      : 001_احراز ۱.mp3
Provider        : ElevenLabs Scribe (scribe_v2)
Audio duration  : 18:20 (1099.98 s)
Requests        : 1
Billed duration : 1100 s (rounded up to nearest second)
Rate            : $0.22 / audio hour
Estimated cost  : $0.067221 USD
Transcript saved: Audios/Bayat/ehras_awzat/001/001_احراز ۱.txt
============================================================
001: OK → 001_احراز ۱.txt

=== 002 002_احراز ۲.mp3 ===
Provider: ElevenLabs Scribe (scribe_v2)
Progress file (updated after each chunk): Audios/Bayat/ehras_awzat/002/002_احراز ۲.partial.txt
  preparing audio (002_احراز ۲.mp3)...
  12:10 → 1 request(s)
  progress file: Audios/Bayat/ehras_awzat/002/002_احراز ۲.partial.txt
  [1/1] 0:00–12:10 (4275 KB)...
      → 8082 chars: السلام علیک یا داعی الله و ربانی ایات. سلام علیکم و رحمة الله. وعده داده بودیم که یه چند تا تعویذ رو معرفی کنیم که پناه ببریم به اون‌ها. بحث ما کتاب الموت مرحوم مجلسی بود و ما داری…

============================================================
TRANSCRIPTION (preview)
============================================================
السلام علیک یا داعی الله و ربانی ایات. سلام علیکم و رحمة الله. وعده داده بودیم که یه چند تا تعویذ رو معرفی کنیم که پناه ببریم به اون‌ها. بحث ما کتاب الموت مرحوم مجلسی بود و ما داریم حتی روایت داریم که مثلاً پیغمبر از قبرستانی عبور می‌کرد فرمود بسیاری از این‌هایی که در این قبرها خوابیده‌اند از چشم بد خوابیده‌اند. روایت داریم امام صادق صلوات الله علیه فرمود شتر رو در دیگ می‌کنه چشم بد، چشم حسود. خیلی خطرناکه. حالا بحث اجنه هم که داشتیم اون هم به یک معنا توطئه دشمن‌ها، بلاهای روزگار، مرگ مفاجات و و و. اینا همه می‌طلبه که انسان تعویذ داشته باشه. اجازه بفرمایید حالا چند تا تعویذ هست همه ش که فرصت نمیشه امروز تقدیم کنیم. یکی دو تاشو امروز بگیم. اولیش رو به نام حرز عَبیدجانه‌ست که البته اسم اصلیشون سماک بن خرشه هستش. ایشون معروف بود به عَبیدجانه. این روایتی که عرض می‌کنم ببینید چقدر محکمه که در کتاب‌هایی مثل سفینة البحار جلد سه صفحه بیست و سه هست. بحار هم جلد نود و یک آورده هم جلد شصت. مصباح کف‌امی صفحه دویست و بیست و نه آورده. کافی مرحوم کلینی علیه الله مقامع الشریف جلد هشت صفحه سیصد و هجده آورده. بسیاری از بزرگان خودم بنده حقیر دیدم که سفارش داشتن. حالا جریان این حرز چیه؟ این شخص یکی از اصحاب خاص پیغمبر بود. خوبه بدونید که انقدر مقامش بالا بود جزء اون معدود افرادی بود که هیچ‌وقت پیغمبر رو ول نکرد حتی در جنگ احد که همه فرار کردن ایشون فرار نکرد. در بعض از کتب رجالی ایشون رو کنار سلمان و مالک و این‌ها ازش یاد کردن. بعض از کتب مثل، مثل اون موقعی که حالا اِمم ما در اصفهان درس می‌خوندیم، خیلی سال‌های پیش طلبهگی می‌خوندیم حوزه صدر اصفهان این کتاب جرم داشت، زندانی داشت به جهت اینکه سیصد و سیزده اسم یاران آقا به رمز توش اومده. اون موقع ما این کتاب رو خوندیم اسم ایشون توشه. اسم عَبیدجانه که لقبشه البته کنیه‌شه. و حالا جریان چیه که حالا میگن که جزء رجعت کنندگان با امام عصر صلوات الله علیه خواهد بود. ایشون شب‌ها صدای سوت، صدای مثلاً طاس انداختن توی ظرف، صداهای عجیب غریب تو خونه‌ش می‌شنید. یا مثلاً می‌دید یه دفعه یه نوری یه دفعه جهش می‌کرد خاموش می‌شد یا یک سایه بلندی می‌دید. اتفاقات عجیب و غریب تو خونه‌ش می‌افتاد. بعضی از شما اومدید به من اخیراً درد و دل کردید. همین اتفاقات در منزل
… (truncated; see saved file for full transcript)

============================================================
SUMMARY
============================================================
Input file      : 002_احراز ۲.mp3
Provider        : ElevenLabs Scribe (scribe_v2)
Audio duration  : 12:10 (729.61 s)
Requests        : 1
Billed duration : 730 s (rounded up to nearest second)
Rate            : $0.22 / audio hour
Estimated cost  : $0.044587 USD
Transcript saved: Audios/Bayat/ehras_awzat/002/002_احراز ۲.txt
============================================================
002: OK → 002_احراز ۲.txt

=== 003 003_احراز ۳.mp3 ===
Provider: ElevenLabs Scribe (scribe_v2)
Progress file (updated after each chunk): Audios/Bayat/ehras_awzat/003/003_احراز ۳.partial.txt
  preparing audio (003_احراز ۳.mp3)...
  10:40 → 1 request(s)
  progress file: Audios/Bayat/ehras_awzat/003/003_احراز ۳.partial.txt
  [1/1] 0:00–10:40 (3753 KB)...
      → 6434 chars: [همهمه] بسم الله الرحمن الرحیم و به نستعین. السلام علیک یا داعی الله و ربانی آیاته. سلام علیکم و رحمة الله. در ادامه‌ی احرازی که وعده داده بودیم بعد از اینکه پیرامون ورود اجنه در د…

============================================================
TRANSCRIPTION (preview)
============================================================
[همهمه] بسم الله الرحمن الرحیم و به نستعین. السلام علیک یا داعی الله و ربانی آیاته. سلام علیکم و رحمة الله. در ادامه‌ی احرازی که وعده داده بودیم بعد از اینکه پیرامون ورود اجنه در دنیای فعلیمون چه در اجتماع و چه در زندگی فردیمون سخن گفتیم، حرز عبی دجانة و رقه‌الجب رو به عنوان نمونه عرض کردیم بحث ادامه داشت. یه چند تا حرز و دعا و تعویذ هم از دستورات اهل بیت علیهم الصلاة والسلام میگم اگر امروز تموم شد همه رو تونستم بگم مهماتش رو که انشاالله تموم و اگر نشد ادامه‌ش فردا. که یکی از بهترین دعاها برای محفوظ بودن از اندیشه‌های بد مردم پلیده. که حضرت علامه حسن‌زاده این دعا رو در این کتابی که دست منه نامه‌ها و برنامه‌های حضرت استاد، ابتدای نامه‌ی سوم میارن به نام دعای حجاب. توصیه می‌کنند که اگر می‌خواید از اندیشه‌های بد مردم در امان باشید، نظر سوء مردم، اون فکر پلید مردم در امان باشید این دعا رو بخونید که امام صادق صلوات الله عليه فرمودن. حالا تقریباً شش خط دعا که بسم الله الرحمن الرحیم و با این آیه شروع می‌شه که "و اذَا قَرَأْتَ الْقُرْآنَ جَعَلْنَا بَيْنَكَ وَبَيْنَ الَّذِينَ لَا يُؤْمِنُونَ بِالْآخِرَةِ حِجَابًا مَسْتُورًا". این یه دعائه. البته ما دعا به نام احتجاب دو تا دیگه داریم. این که تا این دعایی که الان عرض کردیم دعای حجابه برای محفوظ بودن از تفکرات سوء زن، پندار زشت این‌ها. اما اون احتجاب که دو گونه است یکیشو که از آقای قاضی نقل کردن که سید هاشم حداد نسبت داده البته به آقای قاضی که فرمودن برای نورانیت قلب خوبه. یه مقدار به اون کیفیتی که سید هاشم میاره در کتابش، یه مقدار با تفاوت اندکی تو کتاب مهج الدعوات سید ابن طاووس هم هست. همین دعایی که برای چیه؟ نورانیت قلبه به نام احتجاب. حالا اگر خواستید نشونی داشته باشید اون که از آقای قاضیه اینه. "اللهم إني أسألك يا من احتجب بشعاع نوره عن نوادر خلق" ادامه داره. این برای نورانیت قلبه. اما اون دعای احتجابی که از مولامون امیرالمؤمنین علیه الصلاة والسلام هست و مرحوم مجلسی نقل کرده برای دفع خطر، هر خطری، مطلق خطرات و پناه بردن به خدا یعنی یک تعویذه. اعوذ و پناه می‌برم به خدا. اون دعا اونم اسمش احتجابه. اینو یه وقت اشتباه نکنید. این از مولا علیه "بسم الله الرحمن الرحیم احتجبت بنور وجه القدیم الكامل" ادامه‌ش. این هم یک دعا که خیلی 
… (truncated; see saved file for full transcript)

============================================================
SUMMARY
============================================================
Input file      : 003_احراز ۳.mp3
Provider        : ElevenLabs Scribe (scribe_v2)
Audio duration  : 10:40 (640.37 s)
Requests        : 1
Billed duration : 641 s (rounded up to nearest second)
Rate            : $0.22 / audio hour
Estimated cost  : $0.039134 USD
Transcript saved: Audios/Bayat/ehras_awzat/003/003_احراز ۳.txt
============================================================
003: OK → 003_احراز ۳.txt

=== 004 004_احراز ۴.mp3 ===
Provider: ElevenLabs Scribe (scribe_v2)
Progress file (updated after each chunk): Audios/Bayat/ehras_awzat/004/004_احراز ۴.partial.txt
  preparing audio (004_احراز ۴.mp3)...
  12:03 → 1 request(s)
  progress file: Audios/Bayat/ehras_awzat/004/004_احراز ۴.partial.txt
  [1/1] 0:00–12:03 (4239 KB)...
      → 7565 chars: اللهم صل علی محمد و آل محمد و عجل فرجهم. بسم الله الرحمن الرحیم و بهین استعین. السلام علیک یا داعی الله و ربانی آیات. سلام علیکم و رحمة الله. در ادامه عوضات و احراز و ادعیه و این‌ه…

============================================================
TRANSCRIPTION (preview)
============================================================
اللهم صل علی محمد و آل محمد و عجل فرجهم. بسم الله الرحمن الرحیم و بهین استعین. السلام علیک یا داعی الله و ربانی آیات. سلام علیکم و رحمة الله. در ادامه عوضات و احراز و ادعیه و این‌ها [مکث]، امروز یه چند تا دو مرتبه در همین باب [مکث] هدایا تقدیم کنم. اولیش در خصوص [مکث] حالا این که اثرش، یه اول عرض کنم که امام صادق صلوات الله علیه فرمود کسی که این کارو انجام بده، فرمودند که اولین اثرش اینه که در زندگی از شر چشم اجنه، سحر، جادو، مکر و حیله‌ی اون‌ها در امانه. این خیلی مهمه. بعد ببینید که چقدرم آسونه انجام دادنش. حالا بعد ما میریم راه میفتیم میریم دنبال این رمال‌ها و فارگی‌ها و چه و اینا که مراجع هم اصلا حرام میدونن رجوع به اون‌ها رو. و باز بدونید که چند تا سند مهم داره مثل تفسیر اهل بیت ج１۷، صفحه ۷۸. ثواب الأعمال، صفحه ۱۲۰. در تفسیر نور الثقلین دیدم هست، در تفسیر برهان هست. امام صادق صلوات الله علیه فرمود من اكثر قراءة قل اوحي إلي، قل اوحي إلي ابتدای سوره جن. هر کس که زیاد بخواند سوره جن را فرمود لم يسبه في الحياة الدنيا بهش اصابت نمیکنه در دنیا. شيء من أعين الجن ولا نفسهم ولا سحرهم ولا من كيدهم همین چشم جن، کیدش، سحرش، جادوش اینا حیله‌ش اثری نمیکنه در شخص. و كان مع محمد صلى الله عليه و آله و سلم [صدای همخوانی] و این همراه پیغمبر خواهد بود در مقام معیت با پیغمبر، عجب! و يقول يا رب چنان اونجا پیش پیغمبر که هست کیف میکنه که میگه يا رب لا أريد به بدلا اصلا نمیخوام بدل این مقام من بدل بشه به چیز دیگه‌ای. ولا أريد أن أبغي عنه حذلا اصلا نمیخوام دور بشم از این مرتبه و مقامی که هستم. ببینید در اكثار خوندن یک سوره چقدر تاثیرات هست. حالا اینایی که دنبال راه‌های عجیب و غریب هستن که حالا مثلا اگر مثلا بگیم جن وارد زندگیش شده یا سحر و جادو و طلسم و اینا به همه راحتی اهل بیت دستور دادن و انجام شده. زیاد بودن آدم‌هایی که به ما رجوع کردن و حرف گوش دادن. توجه بفرمایید ما ارجاع دادیم به همین مفاتیح شیخ عباس. فهرستشو نگاه کنید چقدر ادعیه و اذکار و عوضات و تعویذ و دستور اهل بیت داره برای دفع سحر و جن و نمی‌دونم باطل کردن جادو و طلسم و اینا. باور کنید انجام دادن با اعتقاد و ت-- و نتیجه گرفتن. من خدا رحم-- همیشه بهتون گفتم خدا رحمت کنه آقای بهجت رو خود ایشون یه روزی ما محضرشون که بودیم تاکید
… (truncated; see saved file for full transcript)

============================================================
SUMMARY
============================================================
Input file      : 004_احراز ۴.mp3
Provider        : ElevenLabs Scribe (scribe_v2)
Audio duration  : 12:03 (723.35 s)
Requests        : 1
Billed duration : 724 s (rounded up to nearest second)
Rate            : $0.22 / audio hour
Estimated cost  : $0.044205 USD
Transcript saved: Audios/Bayat/ehras_awzat/004/004_احراز ۴.txt
============================================================
004: OK → 004_احراز ۴.txt

=== 005 005_احراز ۵ .mp3 ===
Provider: ElevenLabs Scribe (scribe_v2)
Progress file (updated after each chunk): Audios/Bayat/ehras_awzat/005/005_احراز ۵ .partial.txt
  preparing audio (005_احراز ۵ .mp3)...
  13:35 → 1 request(s)
  progress file: Audios/Bayat/ehras_awzat/005/005_احراز ۵ .partial.txt
  [1/1] 0:00–13:35 (4775 KB)...
      → 9462 chars: [همهمه] محمد اعجب الله. اللهم صل على محمد و آله محمد واجعل. بسم الله الرحمن الرحیم و به نستعین. السلام علیک یا داعی الله و ربانی آیاته. السلام علیکم و رحمة الله. اگر کسی در نماز جم…

============================================================
TRANSCRIPTION (preview)
============================================================
[همهمه] محمد اعجب الله. اللهم صل على محمد و آله محمد واجعل. بسم الله الرحمن الرحیم و به نستعین. السلام علیک یا داعی الله و ربانی آیاته. السلام علیکم و رحمة الله. اگر کسی در نماز جماعت به دو تا رکن امام نرسید به هر دلیلی، ابتدا کرده عقب افتاد. به دو تا رکن پشت سر هم اگر نرسید دیگه نمازش فرادا است. اما اگر به یک رکن نرسید مثلا رکوع امام تا قبل از اینکه امام مثلا سر در هم و می‌خواد برداره می‌خواست بره رکوع دید امام سرش رو برداشت. ایشون رفت رکوع. باید ادامه بده نمازش رو ادامه بده به همون جماعت. چون یک رکن عقب افتاده خودشو به سجده امام برسونه. اما دو تا رکن عقب افتاد دیگه باید نیت فرادا کنه. اینو حواستون باشه. ادا-- اجازه بدید که به فضل الهی یک تأکید دیگری بکنم به آیات صخره. که آیات پنجاه و چهار تا پنجاه و شش سوره اعراف معروف به آیات صخره از إن ربكم الله الذي شروع میشه تا قريب و من المحسنين. نکته نهصد و هفتاد و هشت هزار و یک نکته حضرت استاد علامه حسن زاده علیه الرحمه رو اگر ملاحظه فرموده باشید، تأکید ویژه ای ایشون داره به همین آیات صخره. من تأکید ایشون رو بخونم. می فرمایند آیه صخره به همین عنوان در السنه خواص، خواص صحابه یعنی بر روی زبان خواص صحابه بلکه غیر خواص نیز دائر بوده است و در جوامع روایی چون کوکب دری، در درخشان است. ببین علامه بگه این در درخشان است و همه بهش تأکید داشتن. تو اصول کافی هم میتونید اصلاً روایت مفصلش رو از مولا ببینید. بعد ادامه میدن که و دستور العمل سائر یعنی ساریه در برنامه سالکان است. یه کسی که اینو تو برنامه‌ش نداره اصلاً سالک نیست. اینطوری میشه برداشت کرد. و تأثیر آن در چیه حالا؟ علامه می فرمایند در صفای قلب، اطمینان نفس، گیرایه که ما داریما. نفی خواتر. اونایی که گرفتار خواتر باطل و تخری-- متخیلات فاسده و اینان، افکار پلید و اینان. ازاله شک و وسواس. آقا این وسواس پدر ما رو درآورد. وسوسه‌های شیاطین جن انس اینا در نفس پلید دیگران، همنشینی با بدان اینا. همه اینا تأثیر داره. چگونه؟ حضرت علامه می‌فرمایند به عدد سبعين مره یعنی هفتاد بار. نفوس مستعده، مستعده را در مرتبت ایقان است. یعنی اونایی که استعداد دارن به یقین رسیدن در این موضوع. یعنی یقین دارن به این موضوع و دستور آن از حضرت وصی عین برهان است که دستورش رو حضرت امیرالمؤمنین داده به-- از اصحابشون.
… (truncated; see saved file for full transcript)

============================================================
SUMMARY
============================================================
Input file      : 005_احراز ۵ .mp3
Provider        : ElevenLabs Scribe (scribe_v2)
Audio duration  : 13:35 (814.90 s)
Requests        : 1
Billed duration : 815 s (rounded up to nearest second)
Rate            : $0.22 / audio hour
Estimated cost  : $0.049799 USD
Transcript saved: Audios/Bayat/ehras_awzat/005/005_احراز ۵ .txt
============================================================
005: OK → 005_احراز ۵ .txt

=== 006 006_احراز ۶.mp3 ===
Provider: ElevenLabs Scribe (scribe_v2)
Progress file (updated after each chunk): Audios/Bayat/ehras_awzat/006/006_احراز ۶.partial.txt
  preparing audio (006_احراز ۶.mp3)...
  14:02 → 1 request(s)
  progress file: Audios/Bayat/ehras_awzat/006/006_احراز ۶.partial.txt
  [1/1] 0:00–14:02 (4932 KB)...
      → 9137 chars: محمد و آل محمد و عجل فرجهم. اللهُم صل علی محمد و آل محمد و عجل فرجهم. بسم الله الرحمن الرحیم و بهیم استعین. السلام علیک یا داعی الله و ربانی آیاته. سلام علیکم و رحمت الله. تبریک عر…

============================================================
TRANSCRIPTION (preview)
============================================================
محمد و آل محمد و عجل فرجهم. اللهُم صل علی محمد و آل محمد و عجل فرجهم. بسم الله الرحمن الرحیم و بهیم استعین. السلام علیک یا داعی الله و ربانی آیاته. سلام علیکم و رحمت الله. تبریک عرض می‌کنم این روز بسیار با عظمت و بی‌نظیر رو محضر شما خوبان و دلشدگان این خاندان. خاصه به عزیزان پاسدار و به خاصة جانبازان عزیز جنگ و دفاع تبریک ویژه عرض می‌کنم. انشاالله که تحت عنایت‌های خاص و ویژه‌ی علمدار کربلا همگیمون قرار بگیریم. یه دستورالعملی بسیاری از بزرگان من دیدم داشتن. حالا چه حضوری ازشون اخذ کردیم، چه در آثارشون دیدیم. خوبه دیگه. البته هر روز میشه این کارو کرد ولی امروز دیگه خیلی بهتر. نور على نور. یه توسلی به حضرت اباالفضل [صلوات] به این شکل که فرمودن دو رکعت نماز می‌خونی، نماز حاجت هدیه می‌کنی به آقا. حضرت اباالفضل [صلوات] بابی الحوائج دیگه. بعد تسبیح حضرت زهرا [ص] رو هدیه می‌کنی به آقا. بعد به عدد ابجد اسم عباس که صد و سی و سه مرتبه است همین ذکر شریف یا کاشف الكرب عن وجه الحسین اکشف کربی بحق اخیک الحسین علیه السلام اینو میگی. حالا چه شیرین که اسم اباصالح هم هر-- اون حروف ابجدش عدد ابجدش صد و سی و سه هست که به قول حضرت استاد این اعداد روحه. روح اون الفاظن. جالبه که بدونید لفظ یا کاشف الكرب این لفظه، این به منزله بدنه. روحش عددشه. یعنی بهش روح میده این عددها. خیلی اینا مهمه. حالا امروز کسی تونست به هر حاجتی، هر مشکلی که داره. چون بحث ما پیرامون احراز و عوضات و ادعیه و این‌ها بود و در هدایایی که حضرت آقای بهجت علیه الرحمه به دوستانشون، نزدیکانشون هدیه کرده بودند یا به حقیر بودیم و بحث کارمون در خصوص دو سه موضوع نسبت به وقتی که داریم دو مرتبه من به شما تقدیم می‌کنم چند تا هدیه ایشون رو. بحث ما چون بیشتر پیرامون اجنه و طلسم و جادو و باطل کردن این‌ها بود، اولین تاکید ایشون رو پیرامون باطل کردن طلسم خدمت شما عرض کنم. سه تا کار ایشون فرمودن م-- با هم توأمان نه یه دونه‌ش. سه تا کار رو با هم انجام بدید. یک فرمودن که حرز امام جواد [ص] رو به بازو ببندید. تاکید داشتن به بازو نه که همراه کنی. خودشون می‌فرمودن که یه مدتی به بازو بسته بودن خود آقای بهجت بعد بازوشون درد گرفته بود. بعد انداخته بودن گردنشون. می‌فرمودن خودشون یعنی به تجربه رسیده بودن به اینکه نه اثرش تو بازو بستنه. خیلی حالا چه
… (truncated; see saved file for full transcript)

============================================================
SUMMARY
============================================================
Input file      : 006_احراز ۶.mp3
Provider        : ElevenLabs Scribe (scribe_v2)
Audio duration  : 14:02 (841.72 s)
Requests        : 1
Billed duration : 842 s (rounded up to nearest second)
Rate            : $0.22 / audio hour
Estimated cost  : $0.051438 USD
Transcript saved: Audios/Bayat/ehras_awzat/006/006_احراز ۶.txt
============================================================
006: OK → 006_احراز ۶.txt

=== 007 007_احراز ۷.mp3 ===
Provider: ElevenLabs Scribe (scribe_v2)
Progress file (updated after each chunk): Audios/Bayat/ehras_awzat/007/007_احراز ۷.partial.txt
  preparing audio (007_احراز ۷.mp3)...
  11:43 → 1 request(s)
  progress file: Audios/Bayat/ehras_awzat/007/007_احراز ۷.partial.txt
  [1/1] 0:00–11:43 (4120 KB)...
      → 7331 chars: بسم الله الرحمن الرحیم و به این استعین. السلام علیک یا داعی الله و ربانی آیات. سلام علیکم و رحمة الله. تبریک عرض می‌کنم میلاد بسیار با عظمت امام چهارم حضرت علی ابن الحسین زین العاب…

============================================================
TRANSCRIPTION (preview)
============================================================
بسم الله الرحمن الرحیم و به این استعین. السلام علیک یا داعی الله و ربانی آیات. سلام علیکم و رحمة الله. تبریک عرض می‌کنم میلاد بسیار با عظمت امام چهارم حضرت علی ابن الحسین زین العابدین و زينت عبادت کنندگان. سید و آقای سجده کنندگان. الله اکبر از عظمت ایشون که خیلی عجیب که فرمودن در بهشت کسی که منبری اهل بهشته از اون طبقات اعلی‌ا بگیر تا انزل مراتب بهشت، اون کسی که منبر میره و معارف رو انتقال میده ایشونه. خیلی عجیب. حالا چرا؟ دیگه سرش در چیه؟ چون بر اساس آیه "وَعِدَ رَبِّهِمْ يُرْزُقُونَه" که مرحوم سید بحر العلوم تو رساله سیر و سلوکش میاره، اونچه که اونجا رزق هست دیگه به قول حالا متعارف میگن سیب و گلابی و این‌ها به این شکل نیست. اونجا رزق، رزق عقلی‌ست، معارف است، علم است. حالا اون کسی که به یک معنا رزاق اهل بهشته که منبر میره و معارف رو انتقال میده ایشونه، امام سجاد. چه عظمتی داشته و داره ایشون که حالا میشه به یک معنا هم گفت سرش در همون سید الساجدين بودنش है، سجده، سجده. که خدای منان به حضرت موسی علی نبی و آله و علیه الصلاة والسلام فرمود که میدونی چرا تو رو اختیار کردم به کلیم الله بودن؟ به جهت اینکه دیدم در میان خلایقم تو بیشتر از همه بعد از فرائضت می‌شینی سجده می‌کنی با من گفت‌وگو می‌کنی. بعضیا رو دیدی تا نمازشون در میره، تموم می‌شه دِ فرار. سریع. یه تسبیحاتم به زور میگن. اما نه بعضیا دلشون نمیاد به سرعت برن. می‌شینن تعقیبات عقب نمازه. عقبه داره نمازشون. می‌شینن دعا می‌کنن، ذکر میگن، سجده خصوصاً سجده‌های طولانی. اتفاقاً بحث ما چون احراز و اوضات و ادعیه و این‌ها به صورت خاص بود، به هر حال صاحبش هم امروزه دیگه. زينتش امروزه. که تا جایی که اون صحیفه ایشون رو زبور اهل بیت فرمودن. یادمه ما بچه که بودیم خدا رحمت کنه هم واتون مادرم رو خدا بیامرزد می‌گفت پسرم قرآن یه خواهر برادر هم داره. می‌فرمود که خواهر قرآن صحیفه سجادیه است برادرش نهج‌البلاغه است. و واقعاً هم چنین هست. چه عظمتی در صحیفه هست. به قول حضرت استاد علامه حسن زاده علیه الرحمه که می‌فرمودند در روایات و احادیث اهل بیت نسبت به صعه‌ی وجودی مخاطبشون و مستمعشون حرف زدن. یعنی مخاطب رو در نظر گرفتن. اون حقایق عرشی رو ریختن روی کلمات، الفاظی که هر کسی متوجه نمی‌شه و مت-- نمی‌تونست یعنی ظرفیتشو نداشتن. اما مقامات انشایی‌ش
… (truncated; see saved file for full transcript)

============================================================
SUMMARY
============================================================
Input file      : 007_احراز ۷.mp3
Provider        : ElevenLabs Scribe (scribe_v2)
Audio duration  : 11:43 (703.12 s)
Requests        : 1
Billed duration : 704 s (rounded up to nearest second)
Rate            : $0.22 / audio hour
Estimated cost  : $0.042968 USD
Transcript saved: Audios/Bayat/ehras_awzat/007/007_احراز ۷.txt
============================================================
007: OK → 007_احراز ۷.txt

=== 008 008_احراز ۸.mp3 ===
Provider: ElevenLabs Scribe (scribe_v2)
Progress file (updated after each chunk): Audios/Bayat/ehras_awzat/008/008_احراز ۸.partial.txt
  preparing audio (008_احراز ۸.mp3)...
  13:17 → 1 request(s)
  progress file: Audios/Bayat/ehras_awzat/008/008_احراز ۸.partial.txt
  [1/1] 0:00–13:17 (4668 KB)...
      → 8318 chars: [همهمه] الله الله الله الله الله الله الله الله. بسم الله الرحمن الرحیم و به نستعین. السلام علیک یا داعی الله و ربانی آیاته. سلام علیکم و رحمه الله. امروز روز به رحمت حق رفتن حاج ف…

============================================================
TRANSCRIPTION (preview)
============================================================
[همهمه] الله الله الله الله الله الله الله الله. بسم الله الرحمن الرحیم و به نستعین. السلام علیک یا داعی الله و ربانی آیاته. سلام علیکم و رحمه الله. امروز روز به رحمت حق رفتن حاج فرج الله صلاح شور هست. این انسان انقلابی و مثمرثمر که هشتم اسفند به رحمت خدا رفت. یه جمله‌ی رهبر عزیزمون دارم. می‌فرمایند که باید کار انقلابی را ترویج کرد و نیروهای انقلابی را گرامی داشت. مانند کارهایی که شاهدان هسته‌ای کردند، کارهایی که شهید تهرانی مقدم در موشکی، مرحوم کاظمی در سلول‌های بنیادی و شهید آوینی و مرحوم صلح شور در امور فرهنگی پیشاهنگ آن بودند. یعنی رهبری هم از ایشون به عظمت یاد کردند که پیشاهنگ بودند در امور فرهنگی. یعنی می‌شه گفت یک شخصیت تراز داشتند. روحشون شاد باشه انشاالله. بحث ما پیرامون حالا شرح کتاب الموت مرحوم مجلسی کشیده شد به موضوع ارتباط با اجنه و ورود اون‌ها به زندگی‌ها و اتفاقاتی که در زندگی رخ می‌ده و نحوه‌ی دفع اون‌ها، باطل کردن سحر و جادوشون و این‌ها. وقتی که جن یا اجنه ضربه‌ای به ما می‌زنن، خب به انواع مختلف این ضربه‌ها وارد می‌شه. گاهی اوقات با طلسم و سحر و موکل‌هایی که دارن مثلاً آدم‌های شیطانی می‌بندن به اصطلاحاً می‌گن بسته می‌کنند، می‌بندن، بسته می‌شه روزی. رزق آدم بسته می‌شه. نه اینکه رزق نداری، بسته می‌شه. یا با چشم، با چشم جن می‌شه انسان چشم درد بگیره، نور چشمش کم شه، می‌شه انسان بترسه یا مغموم و مهموم بشه، غم‌زده بشه. به هر حال مکر و حیله‌ی دیگران به انسان برخورد کنه. همه‌ی این‌ها رو اهل بیت علیهم السلام براش دستورات دارن. یه چند تاش رو ما برای مطلقاً بطلان سحر و عرض شود طلسم و جادو اجنه و این‌ها عرض کردیم و منتها خب اگر آثار اون هنوز باقی مونده باشه به عنوان نمونه یکی از روایت‌های، روایت‌های بسیار عالی که از امام صادق صلی الله علیه داریم تقدیم می‌کنم. قطعاً توجه داشتید این در مفاتیح وارد شده. شیخ عباس علیه الرحمه آورده البته در کتاب ملا یهزرالفقیه جلد چهار صفحه سیصد و نود و دو. همچنین خصال شیخ صدوق جلد دو صفحه دویست و هجده هم اومده. روایت مستند معتبر بسیار عالی که امام صادق صلی الله علیه فرمود در شگفتم. امام ما، شما از چی در شگفتی؟ فرمود برای کسی که از چهار چیز بیم دارد. چهار تا گرفتاریه که خیلی‌ها الان گرفتار این چهار تا هستن. حداقل یه دونه‌شو غالباً گ
… (truncated; see saved file for full transcript)

============================================================
SUMMARY
============================================================
Input file      : 008_احراز ۸.mp3
Provider        : ElevenLabs Scribe (scribe_v2)
Audio duration  : 13:17 (796.68 s)
Requests        : 1
Billed duration : 797 s (rounded up to nearest second)
Rate            : $0.22 / audio hour
Estimated cost  : $0.048686 USD
Transcript saved: Audios/Bayat/ehras_awzat/008/008_احراز ۸.txt
============================================================
008: OK → 008_احراز ۸.txt

=== 009 009_احراز ۹.mp3 ===
Provider: ElevenLabs Scribe (scribe_v2)
Progress file (updated after each chunk): Audios/Bayat/ehras_awzat/009/009_احراز ۹.partial.txt
  preparing audio (009_احراز ۹.mp3)...
  11:59 → 1 request(s)
  progress file: Audios/Bayat/ehras_awzat/009/009_احراز ۹.partial.txt
  [1/1] 0:00–11:59 (4215 KB)...
      → 8134 chars: اللهم صل علی محمد و آل محمد و عجل فرجهم. اللهم صل علی محمد و آل محمد و عجل فرجهم. بسم الله الرحمن الرحیم و به نستعین. السلام علیک یا داعی الله و ربانی آیاته سلام عليكم ورحمة الله. …

============================================================
TRANSCRIPTION (preview)
============================================================
اللهم صل علی محمد و آل محمد و عجل فرجهم. اللهم صل علی محمد و آل محمد و عجل فرجهم. بسم الله الرحمن الرحیم و به نستعین. السلام علیک یا داعی الله و ربانی آیاته سلام عليكم ورحمة الله. یکی دیگه از، از کارهایی که خیلی خیلی خیلی توصیه شده و در روایت داریم امت اسلام دو امان بیش نداشته و ندارد. یکی پیغمبر عزیز عالم بود و یکی هم استغفار. استغفار امان امته. و در بحث اجنه و ورود اهریمن‌ها و اون جادوها و سحر و طلسم و این‌ها که می‌تونه روزی انسانو ببنده، انسان رو مریض کنه، مشکلاتی ایجاد کنه که بحثش گذشت. یکی از بهترین از کارهایی که دفع می‌کنه این‌ها رو و نعمت رو سر انسان می‌باره مثل بارش باران، استغفاره، کثرت استغفار. اتفاقاً در سوره هود آیه سه حضرت هود امت‌ش رو تشویق می‌کنه به استغفار. و ان استغفروا ربکم ثم توبوا الیه یمتعکم متاعاً حسنا. می‌فرماید استغفار کنید، پروردگارتونو عذرخواهی کنید ازش. ثم توبوا. بعد توبه کنید، برگشت کنید. چه اتفاقی می‌افته؟ آیه قرآن دارم می‌خونم. یمتعکم متاعاً حسنا. متاع نیکویی متمتع می‌شید ازش. الی اجل مسمى. یعنی تو همین دنیا تا وقت مرگ. و يؤتی كل ذي فضل فضله. اسم فاضل خدا هم که بیش از استحقاق بخشیدنه دیگه. یعنی غرق در نعمت می‌شید با استغفار. اتفاقا خب قوم عاد که زمان حضرت هود بود می‌دونید آدمای قد بلند و درشت هیکل و قوی و یا آدمای سرسخت و این‌هایی بودند خیلی غرق در برکات و نعمت‌های الهی هم بودند. قدای بلند. جالبه که بدونید در آیه هشت سوره فجر می‌فرماید لم يخلق مثلها في البلاد. اصلاً تو هیچ زمانی مثل این قوم عاد خلق نکرده خدا. یه آدمای عجیبی، درشت هیکل و قوی و خیلی هم این‌ها از جهت مالی متمول، خیلی مرفه، وضع خوب، غرق در نعمت. بعد این‌ها رفته رفته به عصیان افتادن، به بت‌پرستی و این‌ها افتادن و متأسفانه به پیغمبرشون تهمت دیوانگی زدن این‌ها که حالا آیه یک سوره رعد هم می‌فرمود إن الله لا یغیر ما بقوم حتی یغیروا ما بأنفسهم. خدا حال هیچ امتی رو تغییر نمی‌ده تا وقتی که خودشون، خودشون که تغییر می‌کنند اوضاع عوض می‌شه. این‌ها تغییر کردند خدا نعمت رو سلب کرد. تا هفت سال قحطی شد، باران نمی‌اومد. آسمان بر این‌ها دریغ کرد. مریضی اومد، فقر، خشکسالی، ضعف، ناتوانی به شدت. بعد حضرت هود این‌ها رو، درمان این‌ها رو استغفار بیان کرد. استغفار. اتفاقاً [سرفه] در آیه ده و دواز-
… (truncated; see saved file for full transcript)

============================================================
SUMMARY
============================================================
Input file      : 009_احراز ۹.mp3
Provider        : ElevenLabs Scribe (scribe_v2)
Audio duration  : 11:59 (719.24 s)
Requests        : 1
Billed duration : 720 s (rounded up to nearest second)
Rate            : $0.22 / audio hour
Estimated cost  : $0.043954 USD
Transcript saved: Audios/Bayat/ehras_awzat/009/009_احراز ۹.txt
============================================================
009: OK → 009_احراز ۹.txt

=== 010 010_احراز ۱۰.mp3 ===
Provider: ElevenLabs Scribe (scribe_v2)
Progress file (updated after each chunk): Audios/Bayat/ehras_awzat/010/010_احراز ۱۰.partial.txt
  preparing audio (010_احراز ۱۰.mp3)...
  12:30 → 1 request(s)
  progress file: Audios/Bayat/ehras_awzat/010/010_احراز ۱۰.partial.txt
  [1/1] 0:00–12:30 (4394 KB)...
      → 7750 chars: [همهمه] اللهم صل علی محمد و آل محمد و عجل فرجه. بسم الله الرحمن الرحیم و به نستعین. السلام علیک یا داعی الله و ربانی آیاته. سلام علیکم و رحمة الله. در ادامه‌ی ادعیه و اذکار و عوضات…

============================================================
TRANSCRIPTION (preview)
============================================================
[همهمه] اللهم صل علی محمد و آل محمد و عجل فرجه. بسم الله الرحمن الرحیم و به نستعین. السلام علیک یا داعی الله و ربانی آیاته. سلام علیکم و رحمة الله. در ادامه‌ی ادعیه و اذکار و عوضاتی که مرتبط با بحث جن و ورود اون‌ها به زندگی ما بود که معمولاً دو تا آسیب جدی وارد می‌کنه، یکی به جسم انسان و روح و روان انسان، یکی هم رزق رو می‌بنده. یکی از مهم‌ترین این اذکار رو امروز عرض می‌کنم. برای عرض این ذکر بسیار مهم بلکه مهم‌ترین ذکر، یه مقدمه نیاز هست. اون هم طهارت هست. طهارت که قرآن می‌فرماید "لا یمسه إلا المتحرون" [نفس عمیق] جز با طهارت نمی‌شه مس کرد لایه‌های عوالم وجودی رو حتی خودت رو. این طهارت هرچه بیشتر باشه رزق انسان بیشتره. مدد الهی به انسان بیشتره. اصلاً حکما و عرفا فرمودن فیض علی الدوام از طرف حضرت حق علی الاطلاق در حال ریزش است بر سر همه‌ی کائنات و خلائق. ظرف وجودی انسان‌ها که چقدر باشه از اون فیض همون میزان برداشت می‌کنن. ظرف وجودی هر کسی یعنی سعه وجودیش نسبت به طهارتشه. یعنی این‌چنین می‌شه گفت که حتی اون فیضی که به سر پیغمبر در حال ریزش بود و الان سر امام عصر ما، سر ما هم داره می‌ریزه. منتها ما ظرفمون کوچیکه، کم برداشت می‌کنیم. این ظرف بر اساس چی تعریف می‌شه؟ طهارت، طهارت نفس. طهارت موضوع بسیار مهمیه که اتفاقاً کسی که روایت داریم "دوم على الطهاره" چه روایت شیرین و قشنگیه. مداومت کن بر طهارت. بعد چه اتفاقی می‌افته؟ "یوسع عليك رزقك" رزقت زیاد می‌شه. کسی که طهارتش زیاده رزقش هم زیاده. امتحان کنید. چله طهارت نفس بگیرید ببینید چجوری خدا ریزش رحمتش آغاز می‌شه. [نفس عمیق] خب طهارت از ظاهر و باطن دیگه. ظاهر با وضو و غسل و این‌ها. این‌که انسان دائم الوضو باشه. خب ما تقریباً اگر بخواهیم منصفانه بگیم، ااا یک سوم بلکه بیشتر از ساعت شبانه روزمون رو در خوابیم. بعضیا هم نصفی از سوان-- شبانه روز. جسمشون بیشتر نیاز داره. بالاخره می‌گه قبل از خواب وضو بگیر کل خوابت عبادته. خب چرا ما این معامله رو نکنیم؟ یا کل س-- هر وقت که نیاز به قضای حاجت پیدا کردیم بلافاصله بعدش وضو بگیریم. این طهارت باعث می‌شه که رزق زیاد بشه. یا اگر انسان جنب شد به هر دلیلی در حالت جنابت جنب کنار یعنی بذاریدش کنار. این از خدا فاصله گرفته. اصلاً جنب از جنب میاد یعنی کنار 후에، بره کنار فاصله بگیره. طهارت نداره دیگه. 
… (truncated; see saved file for full transcript)

============================================================
SUMMARY
============================================================
Input file      : 010_احراز ۱۰.mp3
Provider        : ElevenLabs Scribe (scribe_v2)
Audio duration  : 12:30 (749.84 s)
Requests        : 1
Billed duration : 750 s (rounded up to nearest second)
Rate            : $0.22 / audio hour
Estimated cost  : $0.045824 USD
Transcript saved: Audios/Bayat/ehras_awzat/010/010_احراز ۱۰.txt
============================================================
010: OK → 010_احراز ۱۰.txt

=== 011 011_احراز ۱۱.mp3 ===
Provider: ElevenLabs Scribe (scribe_v2)
Progress file (updated after each chunk): Audios/Bayat/ehras_awzat/011/011_احراز ۱۱.partial.txt
  preparing audio (011_احراز ۱۱.mp3)...
  11:31 → 1 request(s)
  progress file: Audios/Bayat/ehras_awzat/011/011_احراز ۱۱.partial.txt
  [1/1] 0:00–11:31 (4050 KB)...
      → 7104 chars: اللهم صل على محمد وآل محمد وعجل فرجهم. اللهم صل على محمد وآل محمد وعجل فرجهم. بسم الله الرحمن الرحیم و به نستعین. السلام علیک یا داعی الله و ربانی آیاته. سلام علیکم و رحمة الله. بح…

============================================================
TRANSCRIPTION (preview)
============================================================
اللهم صل على محمد وآل محمد وعجل فرجهم. اللهم صل على محمد وآل محمد وعجل فرجهم. بسم الله الرحمن الرحیم و به نستعین. السلام علیک یا داعی الله و ربانی آیاته. سلام علیکم و رحمة الله. بحث صلوات [مکث]، به حضرت زهرا سلام الله علیها بود به عنوان یه اخص از کار و تاثیرات خاص این صلوات و کلاً مطلق صلوات به عنوان بهترین ذکر، بهترین پناه، بهترین امان [نفس عمیق]. و یاد فرمایش سید بحر العلوم افتادم. دیروز دیگه فرصت نشد که ادامه بدیم. امروز عرض کنم که ایشون خودشون سید بحر العلوم که جزو کمالین بودند، می‌فرمایند که در رؤیای صادقه‌ای پیغمبر عزیز عالم رو مشاهده کردم و دیدم کنار پیغمبر امیرالمؤمنین ایستاده، حسنین نشستن و حضرت زهرا سلام الله علیها هم یه گوشه‌ی حجرن. رفتم دست پیغمبر رو بوسیدم و حضرت فرمودند که مرحباً بولدی یعنی آفرین به پسرم. عرض کردم یا رسول الله من سؤالاتی دارم از شما. پیغمبر فرمود سؤالاتت رو از پسرم مهدی بپرس. اون لحظه امام عصر تشریف آوردند و من هرچه سؤال داشتم از امام عصر پرسیدم، جواب گرفتم. بعد حضرت منو آورد نزدیک مادرشون حضرت زهرا سلام الله علیها و عرض کرد که مادر پسرت رو تحویل بگیر؛ یعنی سید بحر العلوم رو. حضرت زهرا سلام الله علیها دست من رو گرفت و من خانم رو بدون پوشش و بدون مثلاً مقنعه و روسری و این‌ها دیدم. از من حجاب نکرد خانم. یقین کرد که سیدم و خانم منو با دست منو گرفت برد تو حجره خودش یه آشی برای من گذاشت که بخورم. این آش درش پر از حبوبات بود انواع و اقسام حبوبات بود و این‌ها و من این آش رو خوردم که میگه بعداً از مادر خودم پرسیدم آیا آشی داریم که همه حبوبات درش باشه؟ گفت بله ایرانی‌ها یه آشی دارن به نام بیبی زهرا. حبوبات همه توش هست. همون آش رو تو رؤیای صادقه خانم به من داد خوردم. خودش میگه سید میگه بعد از خوردن این آش یه شرح صدر عجیبی به من دست داد و هر چیزی رو که می‌خوندم یک بار بس بود برای همیشه تو ذهنم می‌موند. یه گره‌ای از ذهنم باز شد و یک شرح صدر عجیبی. ببینید ارتباط یه آشی که یه آش یعنی یه آش یه نفر تو رؤیای صادقه با حضرت زهرا خورده میشه سید بحر العلوم که سینه به سینه امام عصر میره جلو. [نفس عمیق] توسل به حضرت زهرا سلام الله علیها دیگه رو دستش نیست. حالا کسی صلواتش رو فرستاد چون بحث ما در ازکار و ادعیه و عوضات رسیده بود به صلوات، صلوات خانم رو عرض کردی
… (truncated; see saved file for full transcript)

============================================================
SUMMARY
============================================================
Input file      : 011_احراز ۱۱.mp3
Provider        : ElevenLabs Scribe (scribe_v2)
Audio duration  : 11:31 (691.09 s)
Requests        : 1
Billed duration : 692 s (rounded up to nearest second)
Rate            : $0.22 / audio hour
Estimated cost  : $0.042233 USD
Transcript saved: Audios/Bayat/ehras_awzat/011/011_احراز ۱۱.txt
============================================================
011: OK → 011_احراز ۱۱.txt

=== 012 012_احراز ۱۲.mp3 ===
Provider: ElevenLabs Scribe (scribe_v2)
Progress file (updated after each chunk): Audios/Bayat/ehras_awzat/012/012_احراز ۱۲.partial.txt
  preparing audio (012_احراز ۱۲.mp3)...
  17:39 → 1 request(s)
  progress file: Audios/Bayat/ehras_awzat/012/012_احراز ۱۲.partial.txt
  [1/1] 0:00–17:39 (6207 KB)...
      → 11171 chars: [همهمه] بسم الله الرحمن الرحیم و به این استعین. السلام علیک یا داعی الله و ربانی آیاته. سلام علیکم و رحمة الله. در ادامه‌ی بحث ادعیه و اذکار و عوضات و این‌ها یه مقدار از قرآن غافل …

============================================================
TRANSCRIPTION (preview)
============================================================
[همهمه] بسم الله الرحمن الرحیم و به این استعین. السلام علیک یا داعی الله و ربانی آیاته. سلام علیکم و رحمة الله. در ادامه‌ی بحث ادعیه و اذکار و عوضات و این‌ها یه مقدار از قرآن غافل شدیم. می‌خواستیم دیگه بحث رو جمع کنیم و ورود کنیم به ادامه‌ی روایات اما دیدم از قرآن غافل شدیم در حالی که کتاب‌ها نوشتن در خصوص آثار سَوَر و خواص آیات قرآن این‌ها بسیار. حالا من چند تا نمونه عرض کنم اونچه که به ذهنم رسید حداقل اونایی که خودم بهش عمل کردم و می‌کنم. اگر توفیق شد که امروز همشو بگیم اگه نشد تا فردا دیگه جمعش می‌کنیم. مثلا در خصوص سوره‌ی قدر. یه حدیث خیلی عجیب براتون بخونم از امیرالمؤمنین. ببینید چه عظمتی این سوره داره، سوره‌ی قدر. حضرت فرمودن هر چیزی میوه‌ای دارد، میوه‌ی قرآن سوره‌ی قدر است. هر چیزی گنجی دارد و گنج قرآن سوره‌ی قدر است. هر چیزی یاریگری دارد، یه معینی داره، ناصری داره و یاریگر ضعیفان سوره‌ی قدر است و هر چیز راه آسانی دارد و راه آسان برای درماندگان، کی درمانده است؟ سوره‌ی قدر. بهترین چیزه براش. و هر چیز عصمتی دارد و عصمت مؤمنان سوره‌ی قدر است. همین کسایی که تو مسیر سیر و سلوک و ترک گناه مشکل دارند. بسم الله مولا داره می‌فرماید حرف من نیست که. و هر چیز هدایتی دارد و هدایت صالحان سوره‌ی قدر است و هر چیز سروری دارد و سرور قرآن سوره‌ی قدر است و هر چ-- هر چیزی زینتی دارد و زینت قرآن سوره‌ی قدر است. کنو لنا زینا ولا تکونو علینا شینا هست. امام صادق علیه السلام فرمود: "زینت ما بشین." بسم الله این سوره انسان رو زینت می‌کنه، می‌بخشه. هر چیز خیمه‌ای دارد و خیمه‌ی متعبدان سوره‌ی قدر است و هر چیز بشارتی دارد و بشارت مردم سوره‌ی قدر است و برای هر چیز حجتی است و حجت بعد از پیامبر سوره‌ی قدر است. پس به آن ایمان بیاورید. یعنی دل بدید به این سوره همینطوری ازش رد نشید. خیلی در خواص این سوره متعدد حتی کتاب‌ها نوشتن. خیلی. سوره‌ی عجیبیه. می‌دونید سوره‌ی ولایته دیگه. سوره‌ی قدر سوره‌ی ولایته. لذا می‌فرماید بعد از پیغمبر حجته. مثلاً یه روایت داریم که اگر کسی بعد از نماز صبحش ده بار این سوره رو بخونه، سوره‌ی قدر رو بعد از نماز صبحش بخونه فرمود قدرت خدا رو مشاهده کنه. چه خبره؟ الله اکبر. برای حاجت روایی فرمودن سیصد و شصت مرتبه. اینا روایته خدمتتون عرض می‌کنم. فرمودن اگه کسی شوق داره، دوس
… (truncated; see saved file for full transcript)

============================================================
SUMMARY
============================================================
Input file      : 012_احراز ۱۲.mp3
Provider        : ElevenLabs Scribe (scribe_v2)
Audio duration  : 17:39 (1059.26 s)
Requests        : 1
Billed duration : 1060 s (rounded up to nearest second)
Rate            : $0.22 / audio hour
Estimated cost  : $0.064733 USD
Transcript saved: Audios/Bayat/ehras_awzat/012/012_احراز ۱۲.txt
============================================================
012: OK → 012_احراز ۱۲.txt

=== 013 013_احراز ۱۳.mp3 ===
Provider: ElevenLabs Scribe (scribe_v2)
Progress file (updated after each chunk): Audios/Bayat/ehras_awzat/013/013_احراز ۱۳.partial.txt
  preparing audio (013_احراز ۱۳.mp3)...
  11:25 → 1 request(s)
  progress file: Audios/Bayat/ehras_awzat/013/013_احراز ۱۳.partial.txt
  [1/1] 0:00–11:25 (4015 KB)...
      → 7366 chars: استعین استعین. السلام علیک یا داعی الله و ربانی آیاته. السلام علیکم و رحمه الله. راضی باشید که امروز ان‌شاءالله دیگه بحث اذکار و و احراز و ادعیه و عوضات رو جمع کنیم و یه چند تا دیگ…

============================================================
TRANSCRIPTION (preview)
============================================================
استعین استعین. السلام علیک یا داعی الله و ربانی آیاته. السلام علیکم و رحمه الله. راضی باشید که امروز ان‌شاءالله دیگه بحث اذکار و و احراز و ادعیه و عوضات رو جمع کنیم و یه چند تا دیگه امروز تقدیم کنیم و ان‌شاءالله از فردا ادامه بحث کتاب الموت رو داشته باشیم. یکی دیگه از توصیه‌های قرآنی که آقای بهجت داشتن [نفس عمیق] پیرامون خانه‌دار شدن؛ چون بعضی از دوستان پرسیدن آیا بزرگان سفارشی داشتن در خصوص خانه‌دار شدن؟ بله. آیه بیست و نه سوره مؤمنون رو فرمودن این رو حداقل یه چهل روز، روزی چهل بار بخونید خیلی مجربه. و قل رب انزلنی منزلا مبارکا و انت خیر المنزلین. و عرض شود در خصوص خانه‌دار شدن یه توصیه دیگه‌ای هم بعضی از بزرگان داشتن در روضه حضرت مسلم. روضه حضرت مسلم کسی بتونه در منزلش بگیره. حالا اگه کسی خودش می‌تونه بخونه که خیلی خوبه. خودش و خونوادش هر روز، هر شب یا صبح یا شب روضه حضرت مسلم سلام‌الله‌علیه بگیره. اگه بتونه چهل تا روضه حضرت مسلم تو خونه‌ش خودشون خونوادگی بگیرن که نور على نوره و دلالت‌هایی هم دارن بزرگان. حتی یکی از بزرگان من دیدم تصریح کردن بر این موضوع که ایشون آواره بود تو خانه‌های کوفه، محله‌های کوفه این‌ها. یه دلالتشو بر این داده بودن و مجرب هم هست. [نفس عمیق] در خصوص سبک شدن کار منزل یه روایت صریح داریم و اصلاح کارهای امور دنیا و آخرت، اصلاح همه مطلق امور دنیا و آخرت همون فرمایشی که پیغمبر عزیز عالم و حضرت زهرا سلام‌الله‌علیها یاد دادن که قبل خواب تسبیحات رو، همین تسبیحات معروف به خانم رو، همین تسبیحات رو بخونید بخوابید اصلاح امور دنیا و آخرت صورت می‌گیره. آقای کشمیری برای شفای مریض چون بحثمون قرآن بود این حالا شب عیدم هست فرمودن که هفت سین قرآنی رو می‌دونید حضرت امام علیه الرحمه به آقای کشمیری خیلی علاقه داشتن. علتی هم داشت که ایشون صدام تبعیدش کرد. عاشق نجف بود. اصلاً می‌گفت من هوای نجفم نخوره می‌میرم. بهشت دنیا نجفه. همین‌طور هم شد. اومد دن-- تو-- به دن-- به ایران که تبعید شد از دوری نجف دق کرد. خیلی آدم عجیبی بود آقای کشمیری. فرمودن هفت سین قرآنی رو همون هفت سلام هستش معروفه. هستش زیاد سرچ هم کنید میاد. سلام على آل یاسین. حالا علی یا سین توی قرآن یا سلام على ابراهیم، سلام على نوح في العالم اینا هفت تا سلام اینا رو با زعفران بنویسی بعد بخورونی به مریض. مج
… (truncated; see saved file for full transcript)

============================================================
SUMMARY
============================================================
Input file      : 013_احراز ۱۳.mp3
Provider        : ElevenLabs Scribe (scribe_v2)
Audio duration  : 11:25 (685.15 s)
Requests        : 1
Billed duration : 686 s (rounded up to nearest second)
Rate            : $0.22 / audio hour
Estimated cost  : $0.041870 USD
Transcript saved: Audios/Bayat/ehras_awzat/013/013_احراز ۱۳.txt
============================================================
013: OK → 013_احراز ۱۳.txt

=== 014 014_احراز ۱۴.mp3 ===
Provider: ElevenLabs Scribe (scribe_v2)
Progress file (updated after each chunk): Audios/Bayat/ehras_awzat/014/014_احراز ۱۴.partial.txt
  preparing audio (014_احراز ۱۴.mp3)...
  15:01 → 1 request(s)
  progress file: Audios/Bayat/ehras_awzat/014/014_احراز ۱۴.partial.txt
  [1/1] 0:00–15:01 (5281 KB)...
      → 9604 chars: اللهم صل على محمد و آل محمد و عجل. بسم الله الرحمن الرحيم و به نستعين. السلام علیک يا داعی الله و رباني آياته. سلام عليكم ورحمة الله. با توجه به سوالی که عزیزی پرسید باز مجبورم که …

============================================================
TRANSCRIPTION (preview)
============================================================
اللهم صل على محمد و آل محمد و عجل. بسم الله الرحمن الرحيم و به نستعين. السلام علیک يا داعی الله و رباني آياته. سلام عليكم ورحمة الله. با توجه به سوالی که عزیزی پرسید باز مجبورم که امروز هم در بحث ادعیه چند تا نکته عرض کنم. یه عزیزی سؤال کرد آقا یک آن، یک آن همون لحظه ما احساس می‌کنیم که یه کسی چشم زد ما رو. یا مثلا یک در یک معرضی قرار می‌گیریم احساس می‌کنیم همون لحظه کسی ما رو سحر و جادو کرد. اون لحظه ما چه کنیم؟ دستور اولیه‌ای که شما گفتیدا اینا مال مثلا بعدا تو خونه می‌خوای بشینی از راه دور و فلان. نه، اون لحظه. همون لحظه‌ها یه راهی هست که دور بشه چشم زخم و چشم حسود، چشم بد از انسان یا سحر و جادو. بله در کتاب شریف مكارم الاخلاق صفحه سیصد و صفحه چهارصد و سیزده می‌تونید این روایت رو ببینید که شخصی به نام محمد بن عیسی از حضرت رضا صلوات الله علیه در ارتباط سحر و جادو و اینها پرسید و حضرت فرمودند که سحر واقعیت دارد. امام رضا فرمودند سحر واقعیت دارد و به اذن خدا اثر می‌کند. هرگاه تو را سحر کردند دستت را مقابل صورتت بالا ببر و این دعا را بخوان به دستت. بسم الله العظیم. بسم الله العظیم رب العرش العظیم الا ذهبت و انغرابت. بعد انشاالله اون سحر دفع می‌شه و از تو یعنی در تو اثری نمی‌کنه. بعد پرسید که آقا از امام رضا صلوات الله علیه میگه پرسیدم که آقا زخم، چشم زخم چی؟ اینم واقعیت داره؟ بعضیا میگن نه نیست و این‌ها. اتفاقا امام رضا صلوات الله علیه فرمودند آری یعنی حقیقت داره چشم زخم هم. هرگاه تو رو چشم زدن کف دستت رو مقابل صورتت قرار بده. دیگه اینو همه راحت تشخیص میدید دیگه خیلی دیگه مثل اون آیه سخت نیست آسونه. کف دستو میاری جلو صورتت. سوره حمد و قل هو الله و ناس و فلق که معروفاً به معوذتين ناس و فلق. حمد و قل هو الله و ناس و فلق. می‌خونی بعد می‌کشی به صورتت. امام رضا صلوات الله علیه فرمود که اون چشم زخم از تو دفع می‌شه. قبلیه رو حضرت فرمود که همین‌طور دستتو میاری جلو صورتت و این دعا رو می‌خونی. بسم الله العظیم. بسم الله العظیم رب العرش العظیم الا ذهبت و انغرابت. این دعا رو که خوندی به دستت. جان؟ معnishو؟ آره. معnishو میگی یا چی میگی؟ بله مشخصه دیگه. بسم الله. بسم الله العظیم که عظیم که از اسامی خداست دیگه. پرورد-- که می‌فرماید به نام خدای عظیم. دو بار هم تکرار شده. من تکرار نکر
… (truncated; see saved file for full transcript)

============================================================
SUMMARY
============================================================
Input file      : 014_احراز ۱۴.mp3
Provider        : ElevenLabs Scribe (scribe_v2)
Audio duration  : 15:01 (901.19 s)
Requests        : 1
Billed duration : 902 s (rounded up to nearest second)
Rate            : $0.22 / audio hour
Estimated cost  : $0.055073 USD
Transcript saved: Audios/Bayat/ehras_awzat/014/014_احراز ۱۴.txt
============================================================
014: OK → 014_احراز ۱۴.txt

=== 015 015_احراز ۱۵.mp3 ===
Provider: ElevenLabs Scribe (scribe_v2)
Progress file (updated after each chunk): Audios/Bayat/ehras_awzat/015/015_احراز ۱۵.partial.txt
  preparing audio (015_احراز ۱۵.mp3)...
  14:47 → 1 request(s)
  progress file: Audios/Bayat/ehras_awzat/015/015_احراز ۱۵.partial.txt
  [1/1] 0:00–14:47 (5198 KB)...
      → 9526 chars: [چند نفر با هم] اللهم صل علی محمد و آل محمد و عجل فرجهم. بسم الله الرحمن الرحیم و به نستعین. السلام علیک یا داعی الله و ربانی آیاته. سلام علیکم و رحمة الله. [نفس عمیق] یه دوستی از …

============================================================
TRANSCRIPTION (preview)
============================================================
[چند نفر با هم] اللهم صل علی محمد و آل محمد و عجل فرجهم. بسم الله الرحمن الرحیم و به نستعین. السلام علیک یا داعی الله و ربانی آیاته. سلام علیکم و رحمة الله. [نفس عمیق] یه دوستی از عزیزان سؤال داشت که حالا ما رو ول نمی‌کنن که دیگه دوستان ما ورود کردیم به این قصه و ادعیه و این‌ها. هرچی می‌خوایم فرار کنیم دیگه میگن آتیش زدن به مالم دیگه. هی عزیزان سؤال می‌پرسن ما مجبور می‌شیم جواب بدیم هی کش پیدا کنن. [نفس عمیق] گفتن خب حالا ما خودمون اگر در معرض چشم زدن قرار گرفتیم چی؟ نه چشم خوردن ها، چشم زدن. ما احساس کردیم الان مثلاً بچه‌مونو چشم می‌زنن، تو چشم ما افتاد. شیرین زبونی کرد. دستوری هست اونجا؟ بله. در مصباح کف امی صفحه دویست و بیست از امام صادق صلی الله علیه روایت شده که چه کسی بترسه از چشم خوردن، چه چشم زدن. هر دو موردش این کاربرد داره. فرمودن سه مرتبه همون آن بگه ما شاء الله لا قوة الا بالله العلی العظیم. اینجا العلی العظیم هم داره. یا اینکه دستشو بیاره بالا و به کف دستش اینو بگه سه بار. ما شاء الله لا قوة الا بالله. این که کف دستشو بیاره بالا دیگه العلی العظیم نداره. حالا چه اسراری در این‌ها هست و امام صادق که فرمودن می‌دونن ماها بی‌خبریم. [نفس عمیق] یه عزیز دیگه‌ای هم خیلی اصرار داشت در خصوص هدایت فرزند هم آیا دستور العملی هست که کمک حال باشه در حین حالا کارهای تربیت که ما می‌کنیم آیا دستوری هست؟ بله. یکیش دعای بیست و پنج صحیفه است که خیلی دعای عظیم الشأنیه. اصلاً عنوان دعا، دعای پدر و مادر در حق فرزنده. همونطور که آ اون دعای قبلیش بیست و چهار صحیفه دعای فرزندان برای پدر و مادره. دعای بیست و پنج، دعای پدر و مادر برای فرزنده. خیلی دعای شیرینیه. در کنار اون هم یه هدیه‌ای تقدیم کنم [نفس عمیق] که یه بارم یادمه توی یه بحث دیگه‌ای دوستان پرسیدن، اونجا هم گفتم. یه روز ما محضر آقا امام رئوف بودیم. ان‌شاءالله سال نو هم داره میاد توفیق شه همه مشرف شیم زیارت این عزیز و تو رو به روی ضریح نشسته بودم و حال خوشی هم دست داده بود. دیدم پسر آقای بهجت کنار دست ما هست و سلام علیک کردیم و اینا گفتیم ما خیلی پدر شما رو اذیت کردیم اینا. گفت‌وگو کردیم. گفتم یه یادگاری حالا که ما اینجا هم گرد آمدیم یه یادگاری از پدرتون برای ما بگو. ایشون تعملی کرد و همون دعای هدایت فرزند رو که بهتره پدر بخو
… (truncated; see saved file for full transcript)

============================================================
SUMMARY
============================================================
Input file      : 015_احراز ۱۵.mp3
Provider        : ElevenLabs Scribe (scribe_v2)
Audio duration  : 14:47 (887.04 s)
Requests        : 1
Billed duration : 888 s (rounded up to nearest second)
Rate            : $0.22 / audio hour
Estimated cost  : $0.054208 USD
Transcript saved: Audios/Bayat/ehras_awzat/015/015_احراز ۱۵.txt
============================================================
015: OK → 015_احراز ۱۵.txt

=== 016 016_احراز ۱۶.mp3 ===
Provider: ElevenLabs Scribe (scribe_v2)
Progress file (updated after each chunk): Audios/Bayat/ehras_awzat/016/016_احراز ۱۶.partial.txt
  preparing audio (016_احراز ۱۶.mp3)...
  8:54 → 1 request(s)
  progress file: Audios/Bayat/ehras_awzat/016/016_احراز ۱۶.partial.txt
  [1/1] 0:00–8:54 (3130 KB)...
      → 5434 chars: [نفس عمیق] [نامفهوم] السلام علیک یا داعی الله و ربانی آیاته. السلام علیکم و رحمة الله. تبریک میگم هم سال نو رو انشاالله که دل‌هامون نو شده باشه و بشه و ماه بندگی خدا رو انشاالله که…

============================================================
TRANSCRIPTION (preview)
============================================================
[نفس عمیق] [نامفهوم] السلام علیک یا داعی الله و ربانی آیاته. السلام علیکم و رحمة الله. تبریک میگم هم سال نو رو انشاالله که دل‌هامون نو شده باشه و بشه و ماه بندگی خدا رو انشاالله که بیش از پیش رحمات حضرت حق بر سر هممون نازل بشه و میشه انشاالله. ظرفمون اگر بزرگ بشه، خدا بخیل نیست. یک وجود بیش نیست، اون هم وجود سمدی حضرت حقه که اگر واوش رو برداری میشه جود. وجود حضرت حق سرتاسر جود مطلقه است. دائم وجود سرمدیه دیگه. دائم در حال ریزش فیض خودش بر سر مخلوقاتشه. حالا تا ظرف‌ها چقدر باشه؟ باید ظرف‌ها رو بزرگ کرد. انشاالله که پر از خیر و برکت باشه. حالا شاید بعضی‌هامون بگیم ای کاش مثلا امسال اینطوری باشه، ای کاش اینطوری نبود سال گذشته و این‌ها. هیچ‌وقت یادم نمیره حضرت علامه حسن زاده علیه الرحمه فرمودن احدی از پیغمبر عزیز اسلام ای کاش نشنید. اینچنین خودش رو محو حضرت حق کرده بود و ذوب و فانی در ذات حضرت حق شده بود. هرچه از او رسد نیکوست. اصلا ای کاش معنا نداره. اینکه وقتی کسی خودشو بسپره به خدا "ولا حول ولا قوه الا بالله العلی العظیم" به حقیقت این برسه، دیگه ای کاش و این‌ها معنا نداره. خودش رو بس خدا می سپره و قول حضرت صدیقه طاهره سلام الله علیها اگر کسی، اگر بنده‌ای خلوصش رو بهترین اخلاص‌ها رو به سمت خدا روانه کنه، هندسه اخلاص قبلا گفتیم پایین به بالاست. خدا هم توف-- بهترین توفیقاتش رو وا-- از بالا نازل می‌کنه. هندسه توفیق هم که از بالا به پایین بود. دیگه ناراحتی نداره. [نفس عمیق] انشاالله که شاد باشید همیشه دلتون پر از انبساط خاطر باشه و شرح صدر داشته باشید که بهترین دعاست در حق هم بکنیم. خدا به هممون شرح صدر بده انشاالله. دل‌هامون رو بزرگ کنه امسال. همون‌طور که طبیعت نو شده انشاالله ما هم نو بشیم. رسم و رسوم قشنگی هم داریم. این مصافحه‌ها هم خیلی زیباست که ما اهل ایمان به هم می‌رسن معانقه می‌کنن، عنق، گردن‌ها رو به هم می‌زنن. حالا بوسیدن صورت در اسلام خیلی وارد نشده مگر مثلا بوسیدن دست پدر، مادر و معلم و یا پدر، مادر به صورت فرزندش اینا. ولی بوسه به اون معنا خیلی نیست. عنقه، معانقه، گردن به گردن همدیگه رو در آغوش می‌کشن و مصافحه دست به هم دادن که روایت داریم تا وقتی که دست دو تا مؤمن تو دست همه همینطوری گناهاشون در حال ریزشه مثل برگ پایزی. یعنی اگر انسان با اعتقاد این کارا رو ب
… (truncated; see saved file for full transcript)

============================================================
SUMMARY
============================================================
Input file      : 016_احراز ۱۶.mp3
Provider        : ElevenLabs Scribe (scribe_v2)
Audio duration  : 8:54 (534.20 s)
Requests        : 1
Billed duration : 535 s (rounded up to nearest second)
Rate            : $0.22 / audio hour
Estimated cost  : $0.032646 USD
Transcript saved: Audios/Bayat/ehras_awzat/016/016_احراز ۱۶.txt
============================================================
016: OK → 016_احراز ۱۶.txt

=== 017 017_احراز ۱۷ .mp3 ===
Provider: ElevenLabs Scribe (scribe_v2)
Progress file (updated after each chunk): Audios/Bayat/ehras_awzat/017/017_احراز ۱۷ .partial.txt
  preparing audio (017_احراز ۱۷ .mp3)...
  10:11 → 1 request(s)
  progress file: Audios/Bayat/ehras_awzat/017/017_احراز ۱۷ .partial.txt
  [1/1] 0:00–10:11 (3581 KB)...
      → 6526 chars: بانچه و چه و این‌ها باشه همش وحشی‌ده می‌شه. بسیار این سه شب پرنوره. اسمش هم رو خودشه. سفیده، نور داره این سه شب رو قدر بدونیم که ان‌ね آمادگی برای درک لیلة القدره و این نور می‌بینید…

============================================================
TRANSCRIPTION (preview)
============================================================
بانچه و چه و این‌ها باشه همش وحشی‌ده می‌شه. بسیار این سه شب پرنوره. اسمش هم رو خودشه. سفیده، نور داره این سه شب رو قدر بدونیم که ان‌ね آمادگی برای درک لیلة القدره و این نور می‌بینید در چهره‌ی اهل ایمان تاثیر خودش رو داره در این سه شب ایام البیض عرض کردم بعد از ماه مبارک رمضان هم این سه شب رو ما باید قدر بدونیم طبق این روایت که امام صادق صلوات الله علیه فرمود. یعنی یه خصوصیتی درش هست که فرمود به احدی این سه شب داده نشده جز به این امت. این خیلی مهمه. حالا چه خبره در این سه شب؟ باید درکش کرد. باید مثل عسل چشیدش، خوردش. این نورانیت رو باید قدر دونست. در ادامه معرفی عوضات و احراز و ادعیه و اذكار و این‌ها، امروز نکته‌ای که می‌خوام بگم یه مقدار بیشتر با درون‌مایه‌ی اون اذكار و این‌ها مربوطه. ببینید ما این همه دستورالعمل از اهل بیت علیهم الصلاة والسلام به سفارش بزرگانمون گفتیم. یه بار بشینیم با تأمل این‌ها رو نگاه کنیم چرا این خصوصیت‌ها در این اذكار و این اوراد هست؟ چرا مثلاً کسی سوره‌ی الرحمن رو بخونه چهره‌ش، وجهش نیکو می‌شه؟ و چرا سوره‌ی واقعه رو بخونه جزو محبین مولا محسوب می‌شه و از فقر نجات پیدا می‌کنه؟ چرا؟ این‌ها علتش چیه؟ مثلاً چرا سوره‌ی قدر ریزش رحمت الهی میاره؟ باید دید درون اون سوره چه خبره، درون اون آیه، درون اون ذکر، اون ورد. [نفس عمیق] من توصیه می‌کنم چون خودم به فضل الهی یه م-- اختصارا حالا به توصیه بزرگانمون رفتیم و یه ذره دیدیم خیلی شیرین بود به شما هم توصیه می‌کنم این کارو بکنید. همونطور که حضرت آقا فرمودن یه ذکر رو سلطان وجودتون قرار بدید اینقدر باهاش خوب بگیرید تا دولت وجودتون رو دست بگیره و رفته رفته حقیقت اون اسم و اون ذکر بشه رب وجودیتون، از سور آیات اون قرآن هم یه سوره رو انتخاب کنید. ببینید بیشتر با چه سوره خو گرفتید و اون رو تکرار کنید. مثلاً امیرالمؤمنین علیه الصلاة والسلام در میان صد و چهارده سوره‌ی قرآن، سوره‌ی قل هوالله رو اختیار کرده بود. دائماً لبش تر بوده. حدیث داریم امیرالمؤمنین به این ذکر مخصوصاً وقتی می‌جنگید دائماً قل هوالله می‌خوند، راه می‌رفت، می‌شست. می‌گن امیرالمؤمنین اصلاً انتخابش از سوره‌های قرآن. حالا شما می‌بینید که اتفاقاً یه روایت خیلی... این خودش یه دستورالعمله الان دارم عرض می‌کنم. منتها با توجه به چی؟ با این نگاه، با نگاه به 
… (truncated; see saved file for full transcript)

============================================================
SUMMARY
============================================================
Input file      : 017_احراز ۱۷ .mp3
Provider        : ElevenLabs Scribe (scribe_v2)
Audio duration  : 10:11 (611.14 s)
Requests        : 1
Billed duration : 612 s (rounded up to nearest second)
Rate            : $0.22 / audio hour
Estimated cost  : $0.037347 USD
Transcript saved: Audios/Bayat/ehras_awzat/017/017_احراز ۱۷ .txt
============================================================
017: OK → 017_احراز ۱۷ .txt

=== 018 018_احراز ۱۸.mp3 ===
Provider: ElevenLabs Scribe (scribe_v2)
Progress file (updated after each chunk): Audios/Bayat/ehras_awzat/018/018_احراز ۱۸.partial.txt
  preparing audio (018_احراز ۱۸.mp3)...
  13:39 → 1 request(s)
  progress file: Audios/Bayat/ehras_awzat/018/018_احراز ۱۸.partial.txt
  [1/1] 0:00–13:39 (4800 KB)...
      → 8304 chars: [همهمه] اللهم صل علی محمد و آل محمد و عجل فرجهم. بسم الله الرحمن الرحیم و به این استعین. السلام علیک ای داعی الله و ربانی ایه آیه. سلام علیکم و رحمة الله. در ادامه بحث احراز و ادعی…

============================================================
TRANSCRIPTION (preview)
============================================================
[همهمه] اللهم صل علی محمد و آل محمد و عجل فرجهم. بسم الله الرحمن الرحیم و به این استعین. السلام علیک ای داعی الله و ربانی ایه آیه. سلام علیکم و رحمة الله. در ادامه بحث احراز و ادعیه و اوذات و این‌ها، یه نکته‌ای رو قبل از اینکه یک دستورالعملی که بزرگان خیلی سفارش کردن رو پیرامون مطلق حاجات و گرفتاری‌ها مخصوصا حاجات سنگین عرض کنم این نکته رو به صورت مقدمه از یکی از آیات براتون بیان کنم. آیه صد و بیست و چهار سوره طه رو ملاحظه فرمودید که می‌فرماید "و من أعرض عن ذکری" هر کسی که اعراض کنه، پشت کنه به ذکر من "فإن قطعاً له معيشة ضنكا". بارها این آیه رو مورد توجه قرار دادیم تو بحث‌هامون. "ونحشره يوم القيامة أعمى". کسی که فراموش کنه خدا رو، ذکر و یاد خدا رو این قطعاً زنک معیشتی پیدا می‌کنه. در یک تنگنای زندگی قرار می‌گیره و قیامت هم چگونه محشور می‌شه؟ کور، نابینا. در تفسیر اهل بیت علیهم الصلاة والسلام که یک تفسیر روایی است. جلد نه، صفحه دویست و شش، سیصد و شش. البته در بهار جلد هفتاد و پنج صفحه سیصد و هفتاد و چهار هم می‌تونید ببینید. تحف العقول صفحه چهارصد و هشتاد و چهار هم می‌تونید ببینید. کتاب‌های متعددی این روایت رو ذیل این آیه آوردن که امام عسکری صلوات الله علیه یه نامه‌ای نوشتن به اسحاق بن اسماعیل. نامه مبسوته. یک بخشی از این نامه حضرت می‌فرمایند که فاعلم یقیناً قطعاً یقیناً بدان یا اسحاق أنه من خرج. داره ذیل این آیه میگه. اون آیه رو که قرائت کرده حضرت داره ذیل این آیه به ایشون نکته‌ای رو می‌فرماید که "أنه من خرج من هذه الدنيا أعمى". هر کسی که نابینا از این دنیا خارج بشه "فهو في الآخرة أعمى" اون قیامت هم نابیناست. حالا این نابینایی، نابینای ظاهری نیست، باطنیه و اول سبیل و دیگه بدترین شکل گمراهیه. يا اسحاق ليست عمال Abصار و لکن تعمل قلوب. این منظور حضرت می‌فرماید حواست باشه اسحاق که منظور نابینای ظاهری نیست، نابینایی قلبی‌ست. التي في الصدور که تو سینه‌ها اتفاق می‌افته و ذلك قول الله في محكم كتابه حکایت آن. بعد از این حکایت این آیه دو مرتبه برمی‌گردونه حضرت به این آیه. می‌زنش به این آیه که عن ظالم از رفتاری که خدا با ظالم می‌کنه اذ يقول وقتی اونجا می‌بینه وضعیتو در قیامت، اونجا ظالم میگه که رب لم حشرتني أعمى؟ خدایا چرا منو کور محشور کردی؟ فقط کنت بصيرا من چشم داشتم. قالک ذل
… (truncated; see saved file for full transcript)

============================================================
SUMMARY
============================================================
Input file      : 018_احراز ۱۸.mp3
Provider        : ElevenLabs Scribe (scribe_v2)
Audio duration  : 13:39 (819.11 s)
Requests        : 1
Billed duration : 820 s (rounded up to nearest second)
Rate            : $0.22 / audio hour
Estimated cost  : $0.050057 USD
Transcript saved: Audios/Bayat/ehras_awzat/018/018_احراز ۱۸.txt
============================================================
018: OK → 018_احراز ۱۸.txt

=== 019 019_احراز ۱۹.mp3 ===
Provider: ElevenLabs Scribe (scribe_v2)
Progress file (updated after each chunk): Audios/Bayat/ehras_awzat/019/019_احراز ۱۹.partial.txt
  preparing audio (019_احراز ۱۹.mp3)...
  14:47 → 1 request(s)
  progress file: Audios/Bayat/ehras_awzat/019/019_احراز ۱۹.partial.txt
  [1/1] 0:00–14:47 (5198 KB)...
      → 10264 chars: اللهم صل علی محمد و آل محمد. بسم الله الرحمن الرحیم و به این استعین. السلام علیک یا داعی الله و ربانی آیه. سلام علیکم و رحمة الله. [نفس عمیق] دیروز در خصوص جایگاه و عظمت [نفس عمیق]…

============================================================
TRANSCRIPTION (preview)
============================================================
اللهم صل علی محمد و آل محمد. بسم الله الرحمن الرحیم و به این استعین. السلام علیک یا داعی الله و ربانی آیه. سلام علیکم و رحمة الله. [نفس عمیق] دیروز در خصوص جایگاه و عظمت [نفس عمیق] حجت الهی که بزرگترین آیه الهی‌ست سخن گفتیم و در بحث دستورالعمل‌هایی که بزرگان پیرامون گره گشایی و حاجت روایی و ازدحیار رزق و دفع شیاطین و اجنه و بلاها و چه و چه و این‌ها بار چندین جلسه‌ست داریم سخن می‌گیم، گفتیم یکی از بهترین راه‌ها شاید حتی به یک معنا بشه گفت بهترین راه که اصلا هیچ گریزی ازش نیست، توسل به حضرت صاحب الامر. حالا اینم که به حضرت می‌گیم صاحب الزمان [نفس عمیق] و به جهت خود آیه دو سوره نجم دیروز اتفاقا داشتم سوره نجم رو می‌خوندم دیدم آیه دو‌ش جالبه که می‌فرماید صاحب شما گمراه نیست. صاحب شما منظور اونجا پیغمبره و جانشینان پیغمبر که انسان کامل‌اند اون‌ها هم چی هستن؟ صاحب ما حساب میشن. این‌ها برگرفته از آیات قرآن. حالا جایگاه [سرفه] امام عصر که دیگه ویژه‌تره، تنها عزیزی‌ست که در میان آل الله با بدن انثاری در نشئه طبیعت هست. لذا ما معتقدیم حتی اگر پیغمبر عزیز عالم هم بخواد خیری به ما برسونه توسط امام عصر می‌رسونه. ایشون واسطه فیض ما هستن. اگرچه پیغمبر مقامش بالاتر هست بس، واسطه ایشون و بر اساس باز آیه قرآن که مرحوم شیخ صدوق علیه الرحمه در کتاب کمال الدین و تمام نعمتش ذیل اون آیه یا حسرتا علی ما فرطت تو فی جنب الله. یا حسرتا علی ما فرطت تو فی جنب الله. اونایی که کوتاهی کردن در خصوص جنب الله قیامت فریاد حسرت سر میدن، اونجا ذیلش روایت میاره شیخ صدوق که منظور این جنب الله امام عصره که قبلاً بحث‌هاشو کردیم خیلی سال پیش البته اینجا. اون امام عصر هر کسی کوتاهی در خصوص امام عصرش کرده باشه، اونجا فریاد حسرتش در روز قیامت بلنده. لذا امشب که شب قدره به یک معنا و شب مقدر شدنه که اندازه‌ها، قدرها به سر القدر هر کسی که تنها امام معصوم و امام عصر از او اطلاع است، امشب اندازه‌ش معین می‌شه [نفس عمیق]، باز دست امام زمان در کاره و بهترین کار امشب توسل به امام عصره. حالا به روش‌های هر طور که دوست دارید. بعضیا میگن یه سری سا-- مثلاً سؤالات کردن که خیلی شاید تو عدی-- یه ردپایی براش پیدا نکنیم. مثلا یکی گفته من، من تو ز-- تو خونواده‌مون معتاد داریم گرفتار شدیم همه با آبروییم این مثلا اعتیاد دلشون داره ک
… (truncated; see saved file for full transcript)

============================================================
SUMMARY
============================================================
Input file      : 019_احراز ۱۹.mp3
Provider        : ElevenLabs Scribe (scribe_v2)
Audio duration  : 14:47 (887.04 s)
Requests        : 1
Billed duration : 888 s (rounded up to nearest second)
Rate            : $0.22 / audio hour
Estimated cost  : $0.054208 USD
Transcript saved: Audios/Bayat/ehras_awzat/019/019_احراز ۱۹.txt
============================================================
019: OK → 019_احراز ۱۹.txt

=== 020 020_احراز ۲۰.mp3 ===
Provider: ElevenLabs Scribe (scribe_v2)
Progress file (updated after each chunk): Audios/Bayat/ehras_awzat/020/020_احراز ۲۰.partial.txt
  preparing audio (020_احراز ۲۰.mp3)...
  15:10 → 1 request(s)
  progress file: Audios/Bayat/ehras_awzat/020/020_احراز ۲۰.partial.txt
  [1/1] 0:00–15:10 (5332 KB)...
      → 10094 chars: اللهم صل علی محمد و آل محمد و عجل فرجهم. بسم الله الرحمن الرحیم و به نستعین. السلام علیک یا داعی الله و ربانیة آیاته سلامٌ علیکم و رحمة الله. ضمن عرض تسلیت و تعزیت به جهت این مصیبت…

============================================================
TRANSCRIPTION (preview)
============================================================
اللهم صل علی محمد و آل محمد و عجل فرجهم. بسم الله الرحمن الرحیم و به نستعین. السلام علیک یا داعی الله و ربانیة آیاته سلامٌ علیکم و رحمة الله. ضمن عرض تسلیت و تعزیت به جهت این مصیبت بزرگ که واقعاً جمران ناپذیر هست این مصیبت [نفس عمیق] خدمت و محضر مقدس آقامون امام عصر و همه محبین امیرالمؤمنین اجازه می خوام که در این فرصت کوتاه چند تا توصیه از بزرگان پیرامون شب قدر رو تقدیم کنم [نفس عمیق]. یکی از حالا به صورت مقدمه عرض کنم یکی از بهترین کارهایی که ما شب قدر می تونیم انجام بدیم گفت و گوی خودمانی، دلگویه با خدا و مخصوصاً امام عصر هر طور بلدی فارغ از اون ادعیه و این‌ها که مفورن و حق هم هستند. یه دلگویه ای با خدات با امام زمانت ارتباط برقرار کنی. وقتی آدم میشینه خودشو زمین میزنه. اصلاً به دستور آقای کشمیری یکی از توصیه های اکید آقای کشمیری برای شب‌های قدر این بود که می فرمودن به کیفیت بپردازید. یعنی کیفیت براتون مهم باشه نه کمیت. با این دعا، اون دعا، این سوره، اون نماز اینطوری بعدش هم آخر خستگی برات بمونه. نه. تا مقداری که لذت ببری و مخصوصاً عرض می‌کنم بشکنی. هر کاری که از دستت بر میاد تا بشکنه دلت. سوز دل پیدا کنی، اشکت جاری بشه. این شکستن موضوعیت داره امشب. یکی از راه‌هاش گفت‌وگو با خدا، صحبت کنی با امام عصرت. مثلاً چگونه گفت‌وگو کنیم؟ آقا مشتهی تهرانی خدا رحمتشون کنه یه دستوری داشتن [نفس عمیق] می فرمودن که خودشون می فرمودن من همیشه میخوام با خدا صحبت کنم. همیشه، نه فقط شب قدر. ولی شب قدر هم توصیه می‌کردن این چنین. می فرمودن قبل از اینکه از خدا طلب مغفرت کنم تأمل می‌کردم و می‌گفتم خدایا تو شاهد باش هر کسی که به من بد کرده، پشت سر من غیبت کرده، آبرومون رو برده، بهم بدهکاری داره، هر کاری در حق من کرده، ظلمی ستمی به من کرده، من از ته دل از بخشیدمش و هیچ توقعی هم ندارم. تمام. بخشیدم. و به خدا رو کن این آقا مشتهی تهرانی میگه من اینطوری بودم و توصیه میکنه شما هم اینطوری باشید. می فرمود به خدا بگو که خدایا اگر تو هم گناهان و معصیت‌های من و اشتباهات منو نبخشی پس من از تو بخشنده ترم. چون هر کسی که بهم بد کرده بودو بخشیدم. اگه تو نبخشی من از تو بخشنده ترم و این محاله. پس یقیناً تو منو بخشیدی و می بخشی. بعد می فرمود که این جمله ایشونه. فرمود این کارو بکن با-- اینطوری با خدا صحبت کن
… (truncated; see saved file for full transcript)

============================================================
SUMMARY
============================================================
Input file      : 020_احراز ۲۰.mp3
Provider        : ElevenLabs Scribe (scribe_v2)
Audio duration  : 15:10 (909.94 s)
Requests        : 1
Billed duration : 910 s (rounded up to nearest second)
Rate            : $0.22 / audio hour
Estimated cost  : $0.055607 USD
Transcript saved: Audios/Bayat/ehras_awzat/020/020_احراز ۲۰.txt
============================================================
020: OK → 020_احراز ۲۰.txt

=== 021 021_احراز ۲۱.mp3 ===
Provider: ElevenLabs Scribe (scribe_v2)
Progress file (updated after each chunk): Audios/Bayat/ehras_awzat/021/021_احراز ۲۱.partial.txt
  preparing audio (021_احراز ۲۱.mp3)...
  13:18 → 1 request(s)
  progress file: Audios/Bayat/ehras_awzat/021/021_احراز ۲۱.partial.txt
  [1/1] 0:00–13:18 (4675 KB)...
      → 7811 chars: بسم الله الرحمن الرحیم و به این استعین. السلام علیک یا داعی الله و ربانی آیات. سلام علیکم و رحمة الله. در ادامه بحث احراز و ادعیه و اواذات یه چند تا نکته دیگه به فضل الهی امروز تقد…

============================================================
TRANSCRIPTION (preview)
============================================================
بسم الله الرحمن الرحیم و به این استعین. السلام علیک یا داعی الله و ربانی آیات. سلام علیکم و رحمة الله. در ادامه بحث احراز و ادعیه و اواذات یه چند تا نکته دیگه به فضل الهی امروز تقدیم کنم هدیه شما باشه از حضرت‌های بهجت علیه الرحمه که البته غالبش رو در کتاب بهجت و دعا می‌تونید ملاحظه کنید و ببینید اونجا هست. و انشاالله به امید خدا رد شیم و اگه بشه دیگه بریم به سراغ شرح ادامه کتاب الموت مرحوم مجلسی. بعضیا سؤال کردن در خصوص گم شده. آیا مثلاً ذکری هست؟ بله. برای پیدا شدن گم شده. خود آقای بهجت می‌فرمودند که برای یافتن گم شده با اعتقاد کامل این ذکر رو زیاد تکرار کنید. اصبحت فی امان الله امسیت فی جوار الله. اینو زیاد بگید. یا یه دستورالعمل دیگه داشتن می‌فرمودند که دویست و دو بار آیه هفتاد سوره حجر رو برای پیدا شدن گم شده بخونید. این آیه که الم تعلم ان الله يعلم ما في السماء، يعلم ما في السماء والارض ان ذلک في کتاب ان ذلک على الله يسیر. این آیه رو، آیه هفتاد سوره حجر هست. دویست و دو بار قرائت کنید برای پیدا شدن گم شده. البته نذر حضرت ام البنین سلام الله عليه هم، سلام الله عليهام که قبلاً من خدمتتون عرض کرده بودم خیلی مجرب هست و خود من چندین بار تجربه‌ش رو کردم. اما برای بچه دار شدن بعضیا پرسیدن. بله آقای بهجت دستورالعملی که برای بچه دار شدن البته دارند، اشاره به همون روایت شریفی می‌کردن همیشه که یه مرد شصت ساله‌ای از کمی فرزندانش به امام باقر سلام الله عليه شکایت کرد که من صاحب فرزند نمی‌شم. بعد حضرت فرمودند که به مدت سه روز پس از نماز عشا و پس از نماز صبحت هفتاد مرتبه بگو سبحان الله و هفتاد مرتبه بگو استغفرالله. بعد این آیات رو تکرار کن. استغفروا ربکم انه کان غفارا يرسل السماء عليكم مدرارا ويمددکم باموال وبنين ويجعل لکم جنات ويجعل لکم انهارا. اگه خاطرتون باشه آیات ده تا دوازده سوره حضرت نوح سلام الله عليه بود. بعد فرمودند که خب سه شب این کارو می‌کنین دیگه. فرمودند شب سوم با همسرت مجامعت کن حضرت باقر. و انشاالله خدا بهت پسر سالمی عطا می‌کنه که راوی میگه این کارو انجام دادم. یک سال نگذاشته بود که خدا به من فرزندی رو عنایت کرد. البته این روایت هم در بهجت و دعا هست از قول آقای بهجت. هم اینکه در مستدرک الوسائل هم جلد پونزده صفحه صد و بیست می‌تونید ببینید روایت رو. روایت دیگه‌ای 
… (truncated; see saved file for full transcript)

============================================================
SUMMARY
============================================================
Input file      : 021_احراز ۲۱.mp3
Provider        : ElevenLabs Scribe (scribe_v2)
Audio duration  : 13:18 (797.72 s)
Requests        : 1
Billed duration : 798 s (rounded up to nearest second)
Rate            : $0.22 / audio hour
Estimated cost  : $0.048750 USD
Transcript saved: Audios/Bayat/ehras_awzat/021/021_احراز ۲۱.txt
============================================================
021: OK → 021_احراز ۲۱.txt

=== 022 022_جلسه۲۲(۱) احراز و عوذات.mp3 ===
Provider: ElevenLabs Scribe (scribe_v2)
Progress file (updated after each chunk): Audios/Bayat/ehras_awzat/022/022_جلسه۲۲(۱) احراز و عوذات.partial.txt
  preparing audio (022_جلسه۲۲(۱) احراز و عوذات.mp3)...
  9:11 → 1 request(s)
  progress file: Audios/Bayat/ehras_awzat/022/022_جلسه۲۲(۱) احراز و عوذات.partial.txt
  [1/1] 0:00–9:11 (3234 KB)...
      → 5222 chars: به بحث. چون مکان، مکان شریفی‌ست و در محضر پنج شهید خوشنام هستیم. شب اول ماه خدا، ماه رجب هم هست یا به یک معنا ماه ولایت و امیرالمؤمنین هست. یک هدیه ابتدا تقدیم کنم. دو تا، دو تا هد…

============================================================
TRANSCRIPTION (preview)
============================================================
به بحث. چون مکان، مکان شریفی‌ست و در محضر پنج شهید خوشنام هستیم. شب اول ماه خدا، ماه رجب هم هست یا به یک معنا ماه ولایت و امیرالمؤمنین هست. یک هدیه ابتدا تقدیم کنم. دو تا، دو تا هدیه. این هدایایی که هر وقت من تو جلسه به شما گفتم یادتون باشه دیگه یه رمزی باشه بین من و شما. گفتم یک هدیه براتون دارم یعنی سینه به سینه است. شاید تو کتاب‌ها ببینید اما ما این رو سینه به سینه از اساتیدمون اخذ کردیم. از حضرت علامه حسن زاده علیه الرحمه یه هدیه‌ای ما داریم همین جلسه اول تقدیم حضور شما به خ-- به عنوان خوش آمدگویه به شما تقدیم کنیم. ایشون خیلی تاکید داشتن که در این ذکر اسم اعظم واقع شده و صفای باطن میاره، قوت قلب میده به شما. این جلسه باید منجر بشه به صفای باطن و قوت قلب که اگر این دو تا نباشه جلسه رو باید تعطیل کرد. خب، یه کمکی فرمودن که این ذکر رو اکثارش زیاد یعنی قلبمون زیادتر باشه بهش هر چقدر که می‌تونیم صفای باطن و قوت قلب میاره که یا که البته فرمودن چی؟ اسم اعظم هم درشه. یا حی یا قيوم. یا من لا اله الا انت. یه بار دیگه می‌نوی-- میگم از اینا که بخوان بنویسن. حتماً هم انشاالله از جلسه بعد دفتر و قلم با خودتون داشته باشید. جسارت می‌کنم ولی چون جلسه درس و بحثه مقدار من سخت می‌گیرم دیگه منبر نیست. باید همه حتماً کاغذ قلم داشته باشن و یه وقتی من جزوات‌تون رو می‌گیرم می‌برم منزل نگاه می‌کنم نمره میدیم انشاالله. بررسی می‌کنیم بلدگیری می‌کنیم. یک بار دیگه بخونم یا حی یا قيوم یا من لا اله الا انت. جان؟ نه اشکال نداره. پس این یک هدیه. هدیه دوم که امام صادق صلی الله علیه فرمودن این هدیه رو. منتها ما از اساتیدمون اخذ کردیم بعداً در کد- کتاب‌ها دیدیم. اون هم اینه که بهترین وقتش هم امشبه به همین خاطر الان عرض می‌کنم بهترین وقتش شب اول ماه رجب این کار. اگر کسی می‌خواد از همه بلاها محفوظ باشه یک، از چشم نظر و حسود و چشم بخیل و نمی‌دونم جادوگری و طلسمات و این‌ها در امان باشه. و سوم این که اگر کسی دوست داره که انشاالله خوش روزی باشه، برکت بیاد تو زندگیش این کار رو انجام بده. امشب که شب اول ماه رجبه سعی کنه یک کوزه آب ندیده تهیه کنه. البته شاه عبدالعظیم اونجا بازارچه‌ش داره. اگر نتونستید تهیه کنید فعلاً تو یه ظرف دیگه‌ای ترجیحاً ظرفی باشه که تا حالا استفاده نشده. پارچی چیزی که تا-- بهتر اینه 
… (truncated; see saved file for full transcript)

============================================================
SUMMARY
============================================================
Input file      : 022_جلسه۲۲(۱) احراز و عوذات.mp3
Provider        : ElevenLabs Scribe (scribe_v2)
Audio duration  : 9:11 (551.20 s)
Requests        : 1
Billed duration : 552 s (rounded up to nearest second)
Rate            : $0.22 / audio hour
Estimated cost  : $0.033684 USD
Transcript saved: Audios/Bayat/ehras_awzat/022/022_جلسه۲۲(۱) احراز و عوذات.txt
============================================================
022: OK → 022_جلسه۲۲(۱) احراز و عوذات.txt

=== 023 023_جلسه۲۳(۲) احراز و عوذات .mp3 ===
Provider: ElevenLabs Scribe (scribe_v2)
Progress file (updated after each chunk): Audios/Bayat/ehras_awzat/023/023_جلسه۲۳(۲) احراز و عوذات .partial.txt
  preparing audio (023_جلسه۲۳(۲) احراز و عوذات .mp3)...
  4:07 → 1 request(s)
  progress file: Audios/Bayat/ehras_awzat/023/023_جلسه۲۳(۲) احراز و عوذات .partial.txt
  [1/1] 0:00–4:07 (1452 KB)...
      → 2252 chars: یکی از اساتید خیلی بنام و بزرگی که ما درکشون کردیم یه هدیه‌ای به ما تقدیم کردن که ایشون ارتباط با امام عصر [خنده] هم داشتن. و نوزده سال هم پیشنهاد امام جماعت حرم حضرت ابالفضل صلوات…

============================================================
TRANSCRIPTION (preview)
============================================================
یکی از اساتید خیلی بنام و بزرگی که ما درکشون کردیم یه هدیه‌ای به ما تقدیم کردن که ایشون ارتباط با امام عصر [خنده] هم داشتن. و نوزده سال هم پیشنهاد امام جماعت حرم حضرت ابالفضل صلوات الله عليه بودن، قریبه به بیست سال. خیلی ما از ایشون بهره بردیم. من حدودا بیست سالم بود از ایشون، خودم بودم و ایشون، از ایشون خواهش کردم که یه راهی به بنده یاد بدید خدا به زور به من علم بده [خنده]. شما دوست دارید یا نه؟ دوست دارید یا نه واقعا به زور خدا بهت علم بده. یعنی خودت یهو به خودت بیای ببینی اِاِاِ اصن شاید خودتم استنکاف می‌کردی اما خدا داره تزریق می‌کنه بهت از در و دیوار. این دستورالعمل رو از حدود سی سال پیش بنده انجام دادم. خیلی هم آسونه و همه هم شاید دارید انجام میدید ولی بی‌خبرید. شاید یک سر از این جلسه همون باشه اصن. شما دارید انجام میدید این جلسه رو گذاشتن که به شما تزریق علم کنن. ما انجام دادیم و خودم تجربه در تجربه شخصی خودم دیدم این رو واقعا چشیدم، بهش رسیدم. لذا چیزی که خودم چشیدم چرا از شما دریغ کنم. فرمودن که بعد از هر نماز واجب‌تون، بعد از تسبیحات حضرت صدیقه شهیده سلام الله علیها، آیه الکرسی رو قرائت کنید. به همین راحتی . کسی که این کار رو مداومت کنه، خدا [مکث]، کفیل او می‌شه از حیث تعلیم علم. علّم و علّم آدم الاسماء كلها. این علّم کی علّم؟ کی تعلیم کرده به آدم الاسماء رو همه رو همه كلها که علّم فرمودن روحشون شاد حضرت استاد. میگم حضرت استاد بدونید منظور حضرت علامه حسن زاده علیه الرحمه. فرمودن که به جای الاسماء می‌تونید بگذارید الأشیا . چرا؟ جلسه پیش عرض کردیم اگه یکی یه جلسه جا بمونه دیگه گیرپاچ می‌کنه به قولی [مکث]، در جا می‌زنه. برای همین توصیه می‌کنم غائب نشید چون ما فعلاً بلا نداریم این صوت‌هایی که ضبط می‌شه رو حتی به خود شماها بدیم، چه برسه تو کانال بذاریم. دوست دارم تو خود جلسه بگیرید. عرض کردیم که همه اشیا تجلیات الهین، ظهور حقن. لذا یعنی ظهور اسما الحسنی و صفات اولیا الهین. لذا کسی که، ممنونم آقا. کسی که [مکث] می‌خواد اسما رو درک کنه باید اشیا رو درک کنه. یکی از این اشیا خود حضرت عالی هستید. این که قرآن میگه "ام من شيء" هیچ چیزی نیست، همه رو فروگ-- هیچکس رو فروگذار نکرد دیگه "الا مثلا یسبح بحمده". پس خود شما هم یکی از اون اشیا هستید. بعد می‌بینید که خدای منان مع
… (truncated; see saved file for full transcript)

============================================================
SUMMARY
============================================================
Input file      : 023_جلسه۲۳(۲) احراز و عوذات .mp3
Provider        : ElevenLabs Scribe (scribe_v2)
Audio duration  : 4:07 (246.71 s)
Requests        : 1
Billed duration : 247 s (rounded up to nearest second)
Rate            : $0.22 / audio hour
Estimated cost  : $0.015077 USD
Transcript saved: Audios/Bayat/ehras_awzat/023/023_جلسه۲۳(۲) احراز و عوذات .txt
============================================================
023: OK → 023_جلسه۲۳(۲) احراز و عوذات .txt

=== 024 024_جلسه۲۴(۳)احراز و عوذات.mp3 ===
Provider: ElevenLabs Scribe (scribe_v2)
Progress file (updated after each chunk): Audios/Bayat/ehras_awzat/024/024_جلسه۲۴(۳)احراز و عوذات.partial.txt
  preparing audio (024_جلسه۲۴(۳)احراز و عوذات.mp3)...
  14:24 → 1 request(s)
  progress file: Audios/Bayat/ehras_awzat/024/024_جلسه۲۴(۳)احراز و عوذات.partial.txt
  [1/1] 0:00–14:24 (5066 KB)...
      → 8077 chars: یا رب اعوذ بهک من همزات الشیاطین و من شر نفسي و من شر خلقک. بسم الله الرحمن الرحیم. لا حول ولا قوة الا بالله العلی العظیم. اللهم ایاک نعبد وایاک نستعین. الحمد لله على کل نعمه واسأل…

============================================================
TRANSCRIPTION (preview)
============================================================
یا رب اعوذ بهک من همزات الشیاطین و من شر نفسي و من شر خلقک. بسم الله الرحمن الرحیم. لا حول ولا قوة الا بالله العلی العظیم. اللهم ایاک نعبد وایاک نستعین. الحمد لله على کل نعمه واسأل الله من فضله. السلام علیک یا داعی الله و ربانی آیاته. سلام علیکم و رحمة الله. در محضر پنج شهید خوشنام هستیم روحشون شاد باشه و همه ما رو انشاالله دعا کنن صلواتی ختم بفرمایید. اللهم صل على محمد و آل محمد و عجل فرجهم. خب اجازه بدید که ابتدا هدیه‌مون رو تقدیم کنیم. دو جلسه پیش ما پیرامون اهمیت آیه الکرسی دو تا نکته گفتیم که خیلی حائز اهمیت بود و به درد شما درس‌آموزان و حکمت‌آموزان می‌خوره، می‌خورد. امروز تکمیلش کنیم با یک روایت عجیب. این روایت رو عزیزانی هم که داخل کلاس نیستن و نماز تموم شده و دارن تعقیبات می‌خونن و می‌خوان تشریف ببرن این روایت رو گوش بدن بعد تشریف ببرن. خیلی روایت عجیبیه. اگر چنانچه خاطرتون باشه ما در خصوص ثواب گفتیم اینکه میگه فلان کار رو انجام بده این ثواب رو داره یعنی تأثیری که نفس می‌گیره از اون عمل، نه اینکه یه گوشه‌ای از پرونده‌ای یه چیزی برای شما بیرون از وجود شما بنویسن، نه. ن-- با توجه به این موضوع حالا روایت رو ببینید. یک عملی هست که البته شما می‌دونید آنچه که بنده در قالب هدایا به شما تقدیم می‌کنم هدایایی‌ست که به یادگار از بزرگان، بزرگان اهل معرفت است. استوانه‌های توحید مثل علامه حسن زاده، مثل آقای بهجت ها و امثالهم تقدیم می‌کنم. البته سند داره، منبع داره، ماخذ داره، عرض می‌کنم خدمتتون. چاشنیش هم اینه که خود بنده تجربه‌ش کردم. چیزی رو تجربه نکرده باشم خدمت شما عرض نمی‌کنم. اینم از [نفس عمیق] در حقیقت، اه، دستورات بزرگانمون و اساتیدمون بوده تا چیزی رو خودت نچشیدی و عمل نکردی نگو. این روایت رو مرحوم مجلسی در بهار جلد هشتاد و هفت صفحه سیصد و هشت آوردن خواستید مراجعه کنید. شیخ صدوق هم این رو بیان فرمودن. پیامبر عظیم الشأن اسلام صلی الله علیه و آله و سلم- صلی الله علیه و سلم، صلی الله علی محمد و آل محمد. یک دستور العمل رو دارن که دوازده اثر بر این دستور رو پیغمبر فرمودن. توجه داشته باشید باز نسبت به سیر بحث‌هایی که قبلاً گذشت عرض کردیم این یعنی آثاری که در نفس داره یک. دو به قدر عقول بشری این رو بیان کردن. یعنی این نیست که حدش همین میزان باشه. قطعاً تاثیرات شگفت و بیش
… (truncated; see saved file for full transcript)

============================================================
SUMMARY
============================================================
Input file      : 024_جلسه۲۴(۳)احراز و عوذات.mp3
Provider        : ElevenLabs Scribe (scribe_v2)
Audio duration  : 14:24 (863.71 s)
Requests        : 1
Billed duration : 864 s (rounded up to nearest second)
Rate            : $0.22 / audio hour
Estimated cost  : $0.052782 USD
Transcript saved: Audios/Bayat/ehras_awzat/024/024_جلسه۲۴(۳)احراز و عوذات.txt
============================================================
024: OK → 024_جلسه۲۴(۳)احراز و عوذات.txt

=== 025 025_جلسه۲۵(۴) احراز و عوذات.mp3 ===
Provider: ElevenLabs Scribe (scribe_v2)
Progress file (updated after each chunk): Audios/Bayat/ehras_awzat/025/025_جلسه۲۵(۴) احراز و عوذات.partial.txt
  preparing audio (025_جلسه۲۵(۴) احراز و عوذات.mp3)...
  8:46 → 1 request(s)
  progress file: Audios/Bayat/ehras_awzat/025/025_جلسه۲۵(۴) احراز و عوذات.partial.txt
  [1/1] 0:00–8:46 (3085 KB)...
      → 4889 chars: یا رب اعوذبک من همزات الشیاطین و من شر نفسي و من شر خلقک. بسم الله الرحمن الرحیم لا حول و لا قوة الا بالله العلی العظیم. اللهم ایاک نعبد و ایاک نستعین. الحمد لله على کل نعمه و اسال…

============================================================
TRANSCRIPTION (preview)
============================================================
یا رب اعوذبک من همزات الشیاطین و من شر نفسي و من شر خلقک. بسم الله الرحمن الرحیم لا حول و لا قوة الا بالله العلی العظیم. اللهم ایاک نعبد و ایاک نستعین. الحمد لله على کل نعمه و اسال الله من فضله. السلام علیک یا داعی الله و ربانی ایاته. سلام علیکم و رحمة الله. در محضر پنج شهید خوشنام هستیم. ان شاء الله که روح بلند این شهدا همه ما رو دعا کنن و ما رو بلند کنند، از زمین به آسمون برسونند، ارتباط و اتصال بین ما و عالم بالا رو این‌ها واسطه بشن و برقرار کنن. ضمن تبریک این ایام بسیار پرنور، چه ایام گذشته عید ماه رجب و چه ایام شعبانیه پیش رو، امیدوارم که امام عزیزمون، امام زمان عزیزتر از جانمون هر کجا تشریف دارن حالشون خوب باشه و از صaire همه ما رو مورد عنایت و دعاهای خاص خودشون قرار بدن. صلواتی هدیه بفرمایید. اللهم صل على محمد و آل محمد و عجل فرج. ابتدا هدیه هر جلسه‌مون رو تقدیم کنم. خب همه شما ان شاء الله میخواید بیفتید تو دور درس و بحث و مباحثه و فهم حقایق عرشی و خوانش و فهم کتاب‌های سنگین و صحف و کتب نوریه عرفانیه و حکمیه. این می‌طلبه که کمک بگیرید. یکی از بهترین کمک‌هایی که از عالم قدس می‌گیرید این هدیه‌ست که تقدیم می‌کنیم. بنده از همون جوانی خودم رو عادت دادم به این هدیه آسمانی. آثار و برکاتش رو هم دیدم. شما هم ان شاء الله ببینید. سندش هم در مفاتیح الجنانه، جای دوری نیست. خدا رحمت کنه از آقای بهجت رو به بنده اجازه دادن که آنچه که در مفاتیح هست رو انجام بدم. الان نگاه نکنید که هرکی به هرکسی توصیه‌ای می‌کنه ماشاالله گاهی اوقات که ماشاالله هم نداره ما شاء الشيطان. تا دلت بخواد تو فضای مجازی پره آقا این ذکر رو بگو این اثرشه این کارو انجام بده یه ختمو این وردو در صورتی که اینا آداب داره اولین ادبش اذن یک بزرگیست یک راه بلد و کار بلد و یک استاد کلی‌ست یک کمالی‌ست که راه رو پیموده باشه به شما اجازه بده. خیلی از از کار رو ما اصلاً حق نداریم بگیم. مثال بزنم؟ جسارت می‌کنم این مثال رو می‌زنم. ما وقتی میریم وارد بیت الخلاء می‌شیم هر کاری اونجا مکروهه، هر حرفی اونجا مکروهه جز ذکر خدا. عجب در مستراح هم ذکر خدا باید بله اونجا هم باید گفت. خب حالا که باید گفت پس من مطلقاً هر ذکری بگم در اون محله که محل دفع خبیثاته بگم یا کاشف یا بگم مثلا یا سميع بگم یا بصیر اجازه دارم این از کار رو اونج
… (truncated; see saved file for full transcript)

============================================================
SUMMARY
============================================================
Input file      : 025_جلسه۲۵(۴) احراز و عوذات.mp3
Provider        : ElevenLabs Scribe (scribe_v2)
Audio duration  : 8:46 (525.67 s)
Requests        : 1
Billed duration : 526 s (rounded up to nearest second)
Rate            : $0.22 / audio hour
Estimated cost  : $0.032124 USD
Transcript saved: Audios/Bayat/ehras_awzat/025/025_جلسه۲۵(۴) احراز و عوذات.txt
============================================================
025: OK → 025_جلسه۲۵(۴) احراز و عوذات.txt

=== 026 026_جلسه۲۶(۵) احراز و عوذات.mp3 ===
Provider: ElevenLabs Scribe (scribe_v2)
Progress file (updated after each chunk): Audios/Bayat/ehras_awzat/026/026_جلسه۲۶(۵) احراز و عوذات.partial.txt
  preparing audio (026_جلسه۲۶(۵) احراز و عوذات.mp3)...
  5:57 → 1 request(s)
  progress file: Audios/Bayat/ehras_awzat/026/026_جلسه۲۶(۵) احراز و عوذات.partial.txt
  [1/1] 0:00–5:57 (2094 KB)...
      → 2961 chars: شما که به فضل الهی خدا لطف کرده بر سر سفره‌ی حکمت و عرفان زانو می‌زنید لازمه که حتماً و حتماً قبل از شروع هر مطالعه‌ای این دعا رو قرائت کنید. من آهسته می‌خونم بنویسید. البته در مفا…

============================================================
TRANSCRIPTION (preview)
============================================================
شما که به فضل الهی خدا لطف کرده بر سر سفره‌ی حکمت و عرفان زانو می‌زنید لازمه که حتماً و حتماً قبل از شروع هر مطالعه‌ای این دعا رو قرائت کنید. من آهسته می‌خونم بنویسید. البته در مفاتیح شیخ عباس علیه الرحمه اومده به عنوان دعای پیش از مطالعه. آقای بهجت به ما سفارش کردن ما هم به شما می‌کنیم که بسم الله الرحمن الرحیم. بسم الله جزو دعاست اینجا. اللهم أخرجني من ظلمات الوهم. اللهم أخرجني من ظلمات الوهم. وأكرمني بنور الفهم. وأكرمني بنور الفهم. اللهم افتح علينا أبواب رحمتك. اللهم افتح علينا أبواب رحمتك. وانشر علينا خزائن علومك. به به، به به. وانشر علينا خزائن علومك. به رحمتك يا أرحم الراحمين. صلوات بفرستید. اللهم صل على محمد وآل محمد وعجل فرجهم. خب خود دعا حاکی از درون مایه شه دیگه. چون اونچه که در مسیر فهم عزیزان رهزن میشه وهمه، خیاله. اینکه می‌فرماید از ظلمت‌های وهم ما رو خارج کن پیداست اونچه که مانع و سد فهم ماست، وهم ماست نه عقل. عقل اصلاً اگر نبود ما چیزی رو نمی‌فهمیدیم. هرچه انسان عاقلانه‌تر زندگی کنه موفق‌تره. که ما چون مسیر بحثمون هم البته فعلاً در مقدمه هستیم معرفت نفس هست. خب اونچه که نفس می‌خواد پیاده کنه از کجا استیضاح می‌کنه؟ از کجا اخذ می‌کنه؟ اون امر رو، اون کلی رو از کجا می‌گیره نفس؟ از عقل. عقل مافوق نفسه. اصلاً نفس مرتبه مادونه یا به عبارتی رتبه تعلقي عقل به مادونه. یعنی عقل وقتی تدبیرش رو می‌خواد پیاده‌سازی کنه که آقا اینجا رو نگاه کن یا نکن، اینجا رو-- اینو گوش بده یا نده، اینو بخور یا نخور، اینو بگو یا نگو، اینو لمس کن یا نکن، این رو ببو یا نه، فلان جا برو یا نرو، این اندیشه رو داشته باش یا نداشته باش، اینجا غضب کن یا گذشت کن، اینجا بخند یا گریه کن، اینجا بخواب یا بیدار باش. به هر حال به سل أهذا. اینا احکام عقلن. حکمی‌ست که عقل داره صادر می‌کنه. کی اینا رو باید پیاده کنه؟ نفس. متوجه شدید؟ این نفس اگر ضعیف باشه ضعف نفس، انسان دچار ضعف نفس بشه که ضعف نفس گفتیم قبلاً از چی ناشی میشه؟ از نشناختن نفس. یعنی کسی که معرفت نفس نداره دچار ضعف نفس میشه. مذهبی‌ها و شیعه‌ها بگم راحت باشیم با هم. تازه بقیه رو که کاری نداریم اصلاً. دینمون وهمیه. خدایی که می‌شناسیم وهمیه. نمازی که می‌خونیم وهمیه. لذا اون لذتی هم که باید ببریم نمی‌بریم. چرا؟ چون مرتبه سفلی، سفلی این پایین
… (truncated; see saved file for full transcript)

============================================================
SUMMARY
============================================================
Input file      : 026_جلسه۲۶(۵) احراز و عوذات.mp3
Provider        : ElevenLabs Scribe (scribe_v2)
Audio duration  : 5:57 (356.65 s)
Requests        : 1
Billed duration : 357 s (rounded up to nearest second)
Rate            : $0.22 / audio hour
Estimated cost  : $0.021795 USD
Transcript saved: Audios/Bayat/ehras_awzat/026/026_جلسه۲۶(۵) احراز و عوذات.txt
============================================================
026: OK → 026_جلسه۲۶(۵) احراز و عوذات.txt

=== 027 027_جلسه۲۷(۶) احراز و عوذات.mp3 ===
Provider: ElevenLabs Scribe (scribe_v2)
Progress file (updated after each chunk): Audios/Bayat/ehras_awzat/027/027_جلسه۲۷(۶) احراز و عوذات.partial.txt
  preparing audio (027_جلسه۲۷(۶) احراز و عوذات.mp3)...
  5:13 → 1 request(s)
  progress file: Audios/Bayat/ehras_awzat/027/027_جلسه۲۷(۶) احراز و عوذات.partial.txt
  [1/1] 0:00–5:13 (1842 KB)...
      → 2969 chars: از ملزومات کار شماست در مسیر سیر و سلوک برای اینکه انشاالله در ثقل نفس شما در اون مکمن غیبی‌تون حقایق بنشینه صرفاً کار فکری نباشه. عرفان نظری بسیار خوب، حکمت نظری بسیار خوب، عقل نظ…

============================================================
TRANSCRIPTION (preview)
============================================================
از ملزومات کار شماست در مسیر سیر و سلوک برای اینکه انشاالله در ثقل نفس شما در اون مکمن غیبی‌تون حقایق بنشینه صرفاً کار فکری نباشه. عرفان نظری بسیار خوب، حکمت نظری بسیار خوب، عقل نظری بسیار خوب و تواصوا بالحق بسیار خوب اما تواصوا بالصبر بشه، بشه عقل عملی، عرفان و حکمت عملی. برای اینکه این تبدیل بشه و واردات قلبی برای شما ایجاد بشه و انشاالله مورد تفضلات وسائط فیض الهی قرار بگیرید بر شما وسائط فیض به عنایت آیه تنزل الملائکه والروح صورت بگیره که اینا رو همه رو انشاالله آینده‌ها با هم بررسی می‌کنیم یعنی چی؟ شما یک کار رو حتما باید هر روز صبح بعد از نماز صبح‌تون انجام بدید. اونم حالا یک سرش رو خدمتتون عرض می‌کنم. این کاری که عرض می‌کنم خدمتتون مورد تأکید حضرت استاد بود و البته روایت داریم براش. مرحوم شیخ عباس در مفاتیح آورده اما مورد تأکید علامه حسن زاده علیه الرحمه بودن این کار و می‌فرمودند که به فرمایش معصوم شما این کار رو بکنید قدرت خدا رو در رزق بخشیش ببینید. منتها شما که دانش‌آموز و حکمت‌آموز انشاالله و عرفان‌آموز هستید یا هستین، رزقتون میشه رزق حکمت و عرفان انشاالله. اونم خیلی آسونه، خیلی ساده‌ست. یعنی کسی بگه من اینو دیگه نمی‌تونم انجام بدم دیگه من شرمنده‌م. اونم بعد از نماز صبح حالا تعقیباتتون تموم شد، کارهاتون تموم شد، هرچی می‌خواید انجام بدید تموم شد. حتی خواستید باز یه چرتی بزنید یا نه بیدار بمونید حتماً، حتماً ده بار سوره قدر رو قرائت کنید. این وجه [سرفه] بیان امام معصوم به کجا برمی‌گرده؟ سرش کجاست؟ چه ربطی داره به اینکه من و شما ده بار سوره قدر رو بعد از نماز صبح قرائت کنیم، قدرت خدا رو در رزق بخشیش ببینیم. عجیبه. حالا یکی دنبال دنیاشه اشکال نداره اونم می‌تونه استفاده کنه. اون هم می‌تونه بهره ببره و برای شما اهل معرفت سرش کجاست؟ تو همون تنزل الملائکه والروح. اصلاً و ابداً رزقی، حالا بگیم فیض، فیضی به من و شما از هر حیث چه فیض علم و حکمت باشد، چه فیض مال و املاک باشد، هرچه باشد نمی‌رسد مگر با وساطت وسائط فیض. لوازم فیض که ولن تجد لسنة الله تبدیلا أو تحويلا. خب این وسائط فیض کیا هستند؟ ملائکه‌اند. کیا ملائکه رو با هم، همراه خودشون میارن؟ روحه، روح اعظمه. که میان یک به‌روزرسانی در وجود ما ایجاد می‌کنند. مخصوصاً توسط روح، روح اعظم که شب قدر هم بر امام معصوم نازل
… (truncated; see saved file for full transcript)

============================================================
SUMMARY
============================================================
Input file      : 027_جلسه۲۷(۶) احراز و عوذات.mp3
Provider        : ElevenLabs Scribe (scribe_v2)
Audio duration  : 5:13 (313.31 s)
Requests        : 1
Billed duration : 314 s (rounded up to nearest second)
Rate            : $0.22 / audio hour
Estimated cost  : $0.019147 USD
Transcript saved: Audios/Bayat/ehras_awzat/027/027_جلسه۲۷(۶) احراز و عوذات.txt
============================================================
027: OK → 027_جلسه۲۷(۶) احراز و عوذات.txt

=== 028 028_نظر خاص علامه در مورد رهبر.mp3 ===
Provider: ElevenLabs Scribe (scribe_v2)
Progress file (updated after each chunk): Audios/Bayat/ehras_awzat/028/028_نظر خاص علامه در مورد رهبر.partial.txt
  preparing audio (028_نظر خاص علامه در مورد رهبر.mp3)...
  1:56 → 1 request(s)
  progress file: Audios/Bayat/ehras_awzat/028/028_نظر خاص علامه در مورد رهبر.partial.txt
  [1/1] 0:00–1:56 (681 KB)...
      → 1046 chars: [موسیقی] محل حضرت علامه حسن زاده علیه الرحمه و الرضوان بودند در اتاق شخصی خودشون و حرف از رهبر به میان اومد و بنده از ایشون سؤال کردم نظرتون در خصوص آقا چیه؟ ایشون خیلی برام شیرین …

============================================================
TRANSCRIPTION (preview)
============================================================
[موسیقی] محل حضرت علامه حسن زاده علیه الرحمه و الرضوان بودند در اتاق شخصی خودشون و حرف از رهبر به میان اومد و بنده از ایشون سؤال کردم نظرتون در خصوص آقا چیه؟ ایشون خیلی برام شیرین بود. اینکه تکیه داده بودن عصای مبارک به سینه چسبونده بودن تا من اسم آقا رو آوردم رهبر عزیزمون رو ایشون سه مرتبه مثل رکوع خم شدن. همونطوری که نشسته بودن خم شدن. سه مرتبe فرمودن جانم به فدایش، جانم به فدایش، جانم به فدایش. بعد رو کردن به بنده فرمودن یه جمله طلایی و کلیدی که همیشه تو گوشم زنگ می‌خوره. بارها خدمت شما عرض کردم باز هم تبرّکا عرض می‌کنم. جایی داره که با آب طلا نوشته بشه. فرمودن که در خصوص آقا که فرمودن به جانم سوگند. ایشون تنها عالمی‌ست که گرد و غبار دنیا روی عبای مبارکش ننشسته. بالای منبر در یادمان شهید حججی دهه محرمی بود این رو عرض کردن. در اصل باعث تعجبشون شده بود و سبک و سیاق کلمات و جمله رو ببینید. اینا ذوفنونن همینطوری مثل ما دهان باز نمی‌کنن حرف بزنن. حساب شده سخن میگن. گرد و غبار دنیا روی عبا، نه اونم قبا که لایه زیرینه، رو اون لایه روین که عبا هم هست نشسته. آره خیلی حرفا اینجا باید بماند. ما قدر آقا رو نمی‌دونستیم و نمی‌دونیم. [موسیقی]

============================================================
SUMMARY
============================================================
Input file      : 028_نظر خاص علامه در مورد رهبر.mp3
Provider        : ElevenLabs Scribe (scribe_v2)
Audio duration  : 1:56 (116.14 s)
Requests        : 1
Billed duration : 117 s (rounded up to nearest second)
Rate            : $0.22 / audio hour
Estimated cost  : $0.007097 USD
Transcript saved: Audios/Bayat/ehras_awzat/028/028_نظر خاص علامه در مورد رهبر.txt
============================================================
028: OK → 028_نظر خاص علامه در مورد رهبر.txt

=== 029 029_جلسه۲۸(۷) احراز و عوذات..mp3 ===
Provider: ElevenLabs Scribe (scribe_v2)
Progress file (updated after each chunk): Audios/Bayat/ehras_awzat/029/029_جلسه۲۸(۷) احراز و عوذات..partial.txt
  preparing audio (029_جلسه۲۸(۷) احراز و عوذات..mp3)...
  11:45 → 1 request(s)
  progress file: Audios/Bayat/ehras_awzat/029/029_جلسه۲۸(۷) احراز و عوذات..partial.txt
  [1/1] 0:00–11:45 (4129 KB)...
      → 6387 chars: ما هیچ چاره‌ای نداریم دوستان، الا اینکه از سه ظلمت خلاص بشیم. که الان هممون بدون استثنا در معرض این سه ظلمت هستیم. یه توضیح مقدماتی بدم که هم مرتبط با بحث معرفت نفسمون و مقدماتش ال…

============================================================
TRANSCRIPTION (preview)
============================================================
ما هیچ چاره‌ای نداریم دوستان، الا اینکه از سه ظلمت خلاص بشیم. که الان هممون بدون استثنا در معرض این سه ظلمت هستیم. یه توضیح مقدماتی بدم که هم مرتبط با بحث معرفت نفسمون و مقدماتش البته هست، هم توصیه‌ای که پیرامون اون هدایا هست رو تقدیم کنیم. این سه ظلمت یکیش ظلمت بدن ماست. این بدن ما مانع ارتباط قطعی ما با عالم قدسه که مانع ارتباط اتمه. حتی چنانچه خاطر شریفتون باشه عزیزانی که در سیر رساله سیر و سلوک سید بحر العلوم رحمت الله علیه پیگیر بودن مباحث رو، تو یکی از اون جلساتی که دریا زهرا غرب تهران غروبای جمعه عرض کردیم تو کانال هست عزیزانی که گوش دادن، اونجا ثابت کردیم از قول علامه حسین-- سید حسین حسینی تهرانی که حتی انسان کامل هم به جهت داشتن بدن عنصری مثل الان امام عصر ما تنها انسان کاملی‌ست که با بدن عنصری در نشئه طبیعت حضور دارن، بقیه دیگه بدون بدن عنصری هستن. به خاطر داشتن همین بدن، نحو اتصال و ارتباطشون یا به یک معنا میشه گفت اون عروجشون کامل و اکمل و اتم نیست. به جهت داشتن بدن چرا؟ چون نفس باید تعلق به بدن داشته باشه تا رتق و فتق امور بدن رو بکنه. اونجا بحثش رو داشتیم. چون میدونم برای عده‌ای این سؤال برانگیزه، گفتم که اون مباحث رو اونجا گوش بدن براشون جا میفته چرا در خصوص انسان کامل همین چنینه. که علامه دهدار چنانچه خاطر شریفتون باشه که رساله قضا و قدرش رو آوردیم اینجا از روش سخن گفتیم. علامه خیلی تاکید دارن و تصحیح و-- تصحیح کردن این رساله رو و تعلیقه براش نوشتن. عرض کردیم که ایشون فرمودن که تعلق انسان پس از مرگش به عین ثابتش پونصد سال باقی میمونه. که اونجا اینو صحبت کردیم. این تعلق پونصد سال باقی میمونه. اونجا اگه کسی خواست این رو باز کردیم اونجا یعنی چی. حالا پس بدن یکی از ظلمت‌هاییست که ما الان گرفتارشیم که عرض کردیم فلسفه شهادت اینه که شهید به مقام شهود میرسه و تنها مانع اتصال کاملش رو بلکه اکملش رو به حضرت حق این بدن می‌بینه معامله می‌کنه. میگه اینم ورش دار. این می‌شه شهادت. بچه بازی نیست شهادت، مقام شهوده. این یه نف-- یک ظلمت. ظلمت بعدی نفس ماست. خود نفس که البته الان شما باید حاضر جواب باشید بگید کدوم نفس؟ آفرین. چرا عمار است؟ تعلق به بدن داره. تعلق به بدن داره بیش از حد. یعنی بدن بیچاره کرده نفس رو. خواهش‌های بدن بیش از حد متعارفه. جلوی سیر نفس رو گرفته. ا
… (truncated; see saved file for full transcript)

============================================================
SUMMARY
============================================================
Input file      : 029_جلسه۲۸(۷) احراز و عوذات..mp3
Provider        : ElevenLabs Scribe (scribe_v2)
Audio duration  : 11:45 (704.56 s)
Requests        : 1
Billed duration : 705 s (rounded up to nearest second)
Rate            : $0.22 / audio hour
Estimated cost  : $0.043056 USD
Transcript saved: Audios/Bayat/ehras_awzat/029/029_جلسه۲۸(۷) احراز و عوذات..txt
============================================================
029: OK → 029_جلسه۲۸(۷) احراز و عوذات..txt

=== 030 030_جلسه ۲۹(۸) احراز و عوذات... .mp3 ===
Provider: ElevenLabs Scribe (scribe_v2)
Progress file (updated after each chunk): Audios/Bayat/ehras_awzat/030/030_جلسه ۲۹(۸) احراز و عوذات... .partial.txt
  preparing audio (030_جلسه ۲۹(۸) احراز و عوذات... .mp3)...
  4:06 → 1 request(s)
  progress file: Audios/Bayat/ehras_awzat/030/030_جلسه ۲۹(۸) احراز و عوذات... .partial.txt
  [1/1] 0:00–4:06 (1445 KB)...
      → 2177 chars: می‌خوام یه هدیه‌ای به شما بدم که این هدیه رو پوست منو می‌کندید به شما نمی‌دادم. به برکتی که امروز به بنده رسید به شما شکرانه می‌خوام تقدیم کنم. این هدیه از یکی از آیات و اولیاء اله…

============================================================
TRANSCRIPTION (preview)
============================================================
می‌خوام یه هدیه‌ای به شما بدم که این هدیه رو پوست منو می‌کندید به شما نمی‌دادم. به برکتی که امروز به بنده رسید به شما شکرانه می‌خوام تقدیم کنم. این هدیه از یکی از آیات و اولیاء الهی بوده به بنده، به شما عرض می‌کنم. خب بعضی از آیات خاصیت‌شون برای خروج از ظلمت به نور أسرع یعنی سریع‌تره مثل ولکن سفینه الحسین صلوات الله عليه أسرع وأوسع. یکی از مهم‌ترین آیات برای اخراج از ظلمت به نور که اصلاً خود متن آیه داره دلالت می‌کنه، آیه الله ولی الذین آمنوا یخرجهم من الظلمات إلى النور. در تفسیر روایی آیات که اگر شما کتاب تفسیر روایی رو دیده باشید، اونجا روایت میاره از امام معصوم که می‌فرماید این نور من الظلمات إلى النور، این نور خود نور ولایته. یعنی تو بگیر این النور رو بگیر حضرت بقیت الله الاعظم که تو رو این آیه، همین یه آیه بله یه همچین ظرفیتی داره. همین یک آیه البته به اصل تردد دیگه قبلاً توضیح دادیم تردد یعنی چی؟ وردت بشه حالا عددشم حالا دوست داشتید عیب نداره بنویسید عددشم شصت و شش‌ه. بهترین تاثیرش در شصت و شش‌ه، قرائت این آیه. بهترین وقتش کیه؟ قبل از خوابه. که می‌خواید سیر کنی به ملکوت عالم، بری به ملکوت و استیضاح کنی، سید کنی حقایق عالم رو. این شما رو از ظلمت‌ها به سرعت خارج می‌کنه. من توصیه می‌کنم به هر کسی که امروز اینجا بود و شنید حتی عزیزانی که تو کلاس هم نیستن و الان می‌خوان پاشن برن، اینو هدیه الهی به خودشون بدونن و حداقل شب یک بار، یک بار بله، یک بار قبل خوابشون بخونن. بنده دیشب چندین بار گفتم و اثرش رو دیدم و انشاالله شما رو خارج می‌کنه از ظلمت‌ها به سمت نور. قبلاً گفتیم یکی از معانی دقیق ولایت خود علمه. گفتیم در نشئه طبیعت حضرت حق اسمش هست علیم. در نشئه ملکوت اسمش هست أعلم. بالاتر از اون چی؟ جان؟ خود علمه. خود علم خدا. الله نور السماوات والأرض. الله نوره دیگه. حالا العلم آفرین، نور. يغرفها الله في قلب من يشاء. پس اصلاً، اساساً ولایت نوره، نور ولایته. هرچه خدا تجلی داره به نور تجلی می‌کنه. ظهور حضرت حق از باطن به نوره و جز علم نمی‌شه به اونجا رسید. نقطه مقابلش هم جهله. اگر کسی الان این کلاس، کلاس چیه؟ چرا این حرف‌ها رو ما داریم می‌زنیم؟ اونچه که ما هدیه ابتدای جلسه‌تون داریم میدیم همش داره شما رو کمک می‌کنه که هلتون بده به سمت نور علم. و الله خب الا ماشاالله دستور ال
… (truncated; see saved file for full transcript)

============================================================
SUMMARY
============================================================
Input file      : 030_جلسه ۲۹(۸) احراز و عوذات... .mp3
Provider        : ElevenLabs Scribe (scribe_v2)
Audio duration  : 4:06 (246.49 s)
Requests        : 1
Billed duration : 247 s (rounded up to nearest second)
Rate            : $0.22 / audio hour
Estimated cost  : $0.015063 USD
Transcript saved: Audios/Bayat/ehras_awzat/030/030_جلسه ۲۹(۸) احراز و عوذات... .txt
============================================================
030: OK → 030_جلسه ۲۹(۸) احراز و عوذات... .txt

=== 031 031_جلسه۳۰(۹) احراز و عوذات.mp3 ===
Provider: ElevenLabs Scribe (scribe_v2)
Progress file (updated after each chunk): Audios/Bayat/ehras_awzat/031/031_جلسه۳۰(۹) احراز و عوذات.partial.txt
  preparing audio (031_جلسه۳۰(۹) احراز و عوذات.mp3)...
  6:03 → 1 request(s)
  progress file: Audios/Bayat/ehras_awzat/031/031_جلسه۳۰(۹) احراز و عوذات.partial.txt
  [1/1] 0:00–6:03 (2130 KB)...
      → 4638 chars: در کتاب شریف مصباح المتجد و سلاح المتعبد جلد یک صفحه صد و نود و نه دعایی رو ذکر فرموده از امام معصوم که توصیه کردن در سجده نماز واجب این دعا رو مخصوصا، حالا هر وقتی میشه خوند اما ت…

============================================================
TRANSCRIPTION (preview)
============================================================
در کتاب شریف مصباح المتجد و سلاح المتعبد جلد یک صفحه صد و نود و نه دعایی رو ذکر فرموده از امام معصوم که توصیه کردن در سجده نماز واجب این دعا رو مخصوصا، حالا هر وقتی میشه خوند اما توصیه شده در سجده نماز واجب این دعا رو بخون. حالا علت اینکه ما امروز ابتدای کلاس این رو هدیه کردیم بهتون عرض می‌کنم سری درش هست که خیلی دعای شریفی‌ست خیلی پربرکته. عزیزانی که پی حکمت و عرفان و دانش و معرفت هستن حتما این دعا رو قدر بدونن و ازش بهره ببرن در سجده. دعا این هست که "یا خیر المسؤولین و یا خیر المعطین" از عطا میاد. "یا خیر المسؤولین و یا خیر المعطین ارزقنی وارزق عیالی من فضلك". صبر کن "من فضلك فضله فإنك ذو الفضل العظیم". پس شد "یا خیر المسؤولین و یا خیر المعطین ارزقنی وارزق عیالی من فضلك فإنك ذو الفضل العظیم". خیلی دعای شریفی‌ست. اگر دقت کردید ما ابتدای جلسه همیشه میگیم چی؟ واسأله من فضله. از فضل حضرت حق درخواست می‌کنیم. آیاتی که پیرامون فضل الهی‌ست رو برید دقت کنید. من یه بررسی کردم خیلی برام شیرین اومد و خیلی نکات جالب و عالی رو به فضل الهی متوجه شدم. حالا ربطش با دانش و فضل چیه؟ یه ربطش اینه که از خود آیه استفاده کنیم و یک ربطش رو از روایت. خب بر اساس قرآن "لا یمسه إلا المتحرّمون". نمیشه مس کرد ملکوت عالم رو و ملکوت خودت رو حتی و ملکوت علم رو. ملکوت علم چی بود؟ حکمت. نمیشه ملکوت علم رو که حکمت رو درک کرد یعنی باطن علم رو نمیشه درک کرد مگر با طهارت، با پاکیزگی. حالا آیه بیست و یک نور رو دقت کنید رمزگشایی کرده خیلی شیرین. "ولولا فضل الله عليكم ورحمته". اگه فضل الهی و رحمتش بر شما نبود، چه اتفاقی می‌افتاد به نظر شما؟ اگه فضل و رحمت خدا شامل حال ما نمیشد. خیلی عجیبه آیه. می‌فرماید "ما زکی منکم من أحدا أبدا". یه دونه از شما ابدا پاک نمی‌شدید. عجب! پس چه جایگاهی داره فضل الهی و ما ازش بی‌خبریم. فضل و رحمت که حالا خدا لطف کنه تو بحث اسماء الهی با هم بر اساس کتاب شریف شرح اسماء حاج آقا صدر‌الدین علیه الرحمه که به قول علامه کتاب ناقولایبه خیلی کوچیکه اما خیلی قوت‌ها درش هست ورود کنیم، اون وقت متوجه می‌شیم که وقتی فضل کنار رحمت میاد چی میشه. مثل اسم الواحد که کنار القهار بیاد الواحد مرتبه واحدیت، کثرات، ذیل مرتبه روحه. از قلب به پایین میشه کثرات، کثرت از وحدت تک-- اون تأکدی که بر توحد دار
… (truncated; see saved file for full transcript)

============================================================
SUMMARY
============================================================
Input file      : 031_جلسه۳۰(۹) احراز و عوذات.mp3
Provider        : ElevenLabs Scribe (scribe_v2)
Audio duration  : 6:03 (362.59 s)
Requests        : 1
Billed duration : 363 s (rounded up to nearest second)
Rate            : $0.22 / audio hour
Estimated cost  : $0.022158 USD
Transcript saved: Audios/Bayat/ehras_awzat/031/031_جلسه۳۰(۹) احراز و عوذات.txt
============================================================
031: OK → 031_جلسه۳۰(۹) احراز و عوذات.txt

=== 032 032_جلسه۳۱(۱۰) احراز و عوذات.mp3 ===
Provider: ElevenLabs Scribe (scribe_v2)
Progress file (updated after each chunk): Audios/Bayat/ehras_awzat/032/032_جلسه۳۱(۱۰) احراز و عوذات.partial.txt
  preparing audio (032_جلسه۳۱(۱۰) احراز و عوذات.mp3)...
  8:36 → 1 request(s)
  progress file: Audios/Bayat/ehras_awzat/032/032_جلسه۳۱(۱۰) احراز و عوذات.partial.txt
  [1/1] 0:00–8:36 (3027 KB)...
      → 4384 chars: یکی از مهمات شما عزیزان که [مکث] در مسیر کسب علم و معرفت و دانش و حکمت هستید، اینه که خودتون به داد خودتون برسید و سهل الوصول کنید حقایق عالم رو. میون بر بزنید، از رموز و کنوز استف…

============================================================
TRANSCRIPTION (preview)
============================================================
یکی از مهمات شما عزیزان که [مکث] در مسیر کسب علم و معرفت و دانش و حکمت هستید، اینه که خودتون به داد خودتون برسید و سهل الوصول کنید حقایق عالم رو. میون بر بزنید، از رموز و کنوز استفاده کنید. یکی از رموز رجوع کردن به اهل علم و اهل حکمته. خب ما که دستمون به ظاهر البته به نجف نمی‌رسه که منبع حکمت‌اند ایشون. اما الحمدلله والمنه عالم آل محمد صلی الله علیه و آله و سلم در کشور ما هستند. لذا حتما ولو شده یک بار، یک بار هم که شده صرفا به نیت اخذ علم و حکمت برید مشهد الرضا و زانو بزنید. تا اونجایی که میشه به مضجع شریف نزدیک بشید. آقای بهجت دعבשون این بود که حتما خودشون رو به ضریح برسونن. خب اونجا فیض، فیضان فیض خیلی بیشتره. هرچی نزدیک میشی بیشتر میشه. نه اینکه اسباب اذیت زائرها رو فراهم کنی، نه. تو سعی کنی حتی ظاهری هم قرب پیدا کنی. حتما برید و [مکث] از دو تا اسم بهره بگیرید. یکی اسم العلیم، یکی الحکیم. ضریح رو بگیرید، بغل کنید. به جای گفتن حرف‌هایی که زشته در محضر امام گفتن، چیپس و پفک خواستن، العلیم رو بگید، الحکیم رو بگید. اگر به عددش بگید خب تاثیرش خیلی بهتر و بیشتره. عدد ابجد العلیم می‌دونید صد و هشتاد و یکه دیگه. بدون الف و لام صد و پنجاه میشه. لام سیه، الف هم که یکه، سی و یک بله صد و پنجاه میشه صد و هشتاد و یک عدد ابجد العلیم. که وقتی با الف و لام میگی تاثیرش شگرفه به قول استاد. بدون الف و لام هم میشه گفت مثلا با یا مناده بگی یا علیم. اما تاثیر العلیم بیشتره. [نفس عمیق] الحکیم عددش هست صد و نه. چرا عدد؟ عرض کردیم که حضرت استاد فرمودن که اعداد روح الفاظ‌اند. روح پیکره این اسماء هستند. وقتی شما با عدد میگی یعنی روح میدی به کارت. میخوای صدقه بدی، میخوای به کسی کمک کنی، میخوای اصلا فطریت رو بدی، فطریت عدد ابجدی نیست. چه اشکالی داره؟ بهش اضافه کن ابجدش کن. تاثیرش بیشتره. میخوای بری سر مزار یه شهید مثلا شهید محسن حججی. اسم محسن رو ابجدش رو پیدا کن به اون عدد اسم محسن هدیه بده به شهید. حالا هر ذکری هست. اینا رموز عالم‌اند. به قول حضرت استاد آقای رنجبر که امروز بین دو نماز فرمودن، همه چیز رو که ما نمی‌دونیم. یه روزی در شرح مصباح العنس مرحوم ابن فناری که عرض کردیم از سنگین‌ترین بلکه سنگین‌ترین کتاب عرفان نظری‌ست، حضرت استاد، حضرت استاد در شرح این کتاب فرمودن که مشایخ ما به گو، ب
… (truncated; see saved file for full transcript)

============================================================
SUMMARY
============================================================
Input file      : 032_جلسه۳۱(۱۰) احراز و عوذات.mp3
Provider        : ElevenLabs Scribe (scribe_v2)
Audio duration  : 8:36 (515.88 s)
Requests        : 1
Billed duration : 516 s (rounded up to nearest second)
Rate            : $0.22 / audio hour
Estimated cost  : $0.031526 USD
Transcript saved: Audios/Bayat/ehras_awzat/032/032_جلسه۳۱(۱۰) احراز و عوذات.txt
============================================================
032: OK → 032_جلسه۳۱(۱۰) احراز و عوذات.txt

=== 033 033_نکات شب دوم (1).mp3 ===
Provider: ElevenLabs Scribe (scribe_v2)
Progress file (updated after each chunk): Audios/Bayat/ehras_awzat/033/033_نکات شب دوم (1).partial.txt
  preparing audio (033_نکات شب دوم (1).mp3)...
  11:27 → 1 request(s)
  progress file: Audios/Bayat/ehras_awzat/033/033_نکات شب دوم (1).partial.txt
  [1/1] 0:00–11:27 (4033 KB)...
      → 7903 chars: خب توقع دارم که مثل دیشب خیلی الحمد لله خوب و وزین، بچه‌ها خادما همه بیان جلو دیگه بقیه هر جا عشق داشتن باشن کاری نداریم. خادمایی که ثبت‌نام داشتن بیان جلو. تو خانوما هم همون مثل د…

============================================================
TRANSCRIPTION (preview)
============================================================
خب توقع دارم که مثل دیشب خیلی الحمد لله خوب و وزین، بچه‌ها خادما همه بیان جلو دیگه بقیه هر جا عشق داشتن باشن کاری نداریم. خادمایی که ثبت‌نام داشتن بیان جلو. تو خانوما هم همون مثل دیشب به وزان دیشب خیلی خوب همه نشستن سلام علیک‌هاشون رو بشن آخر جلسه کسی هم وارد شد سلام علیک هم حتی نکنه بشینه همه رو بذارید انتهای جلسه. بچه‌ها رو هم دیگه هرکی آروم کنه. انشاالله یه نیم ساعتی در خدمت شما خوبان باشید. [نفس عمیق] جانتون رو در اختیار این آیات و روایات و نورانیت بحث قرار بدید [نفس عمیق] و قبل از اینکه شروع به بحث کنم، دوستان تذکر عرض کنم. یکی اینکه سعی کنیم انشاالله اهل سحر باشید، اهل تعارض باشید. هر چقدر که شما عزم‌تون جدی‌تر باشه، سحر مخصوصاً از سحر کمک و مدد بگیرید برای فهم این حقایق کمک‌حالتونه. چقدر ما در خونه اهل بیت خدا گریه کردیم، سوختیم، داد زدیم که اینو میخوام، اونو میخوام، این مریضی رو بگیر، اونو بهم بده. یک بار شد که در خونه اهل بیت داد بزنیم، بسوزیم، اشک بریزیم که ما چرا نمی‌فهمیم حقایق رو؟ چرا بعضی معارف رو تو کله‌ی ما نمیره؟ چرا عقل ما ورزیده نیست؟ خب چرا ما نسوختیم برای این؟ چرا؟ خب بیایید شیوه مون رو عوض کنیم. اصلاً یه بار بریم حرم امام رضا، ده بار بریم حرم امام رضا هیچی نخوایم جز فهم معارف. مگر حقیقت همین نیست؟ ولاغیر. بقیه بازی‌اند. خب بسوزیم، گریه کنیم، خواهش کنیم، سحر پاشیم، احترام قائل بشیم، ارزش قائل بشیم برای این حقایق. اینکه بزرگان مثل علامه حسن زاده میگن هیچکس حق نداره جز دو زانو تو جلسه درس معارف بشینه، این ماها که نمیگیم اون بزرگان میگن به جهت وزانت اون معارفه، اون حقایقه، عظمت کلاس درسه، کلاس بحثه، کلاس عرض شود دنیا که نیست کلاس معارفه. حالا منظور از دو زانو، نمیخواد الان یه دفعه همه دو زانو بشید یعنی با ادب. این یک مثال مصداقیه که با ادب، ولو نباشید، تکیه ندی، ارزش قائل بشی برای معارف و کسی که میخواد استفاده کنه. کسی که نمیخواد ما کاری نداریم. این یه نکته. پس از سحر انشاالله استفاده بگیرید با تعارض بیایید. میشه یه دوره تسبیح استغفار کنید بیایید اون ذکرها رو بگید. با ماشین که با خونواده دارید میاد همه خونواده با همون نوزده تا بسم الله رو بگید، اون چهارده تا یا واسعه رو بگید. ببینید تاثیرش رو، برکتش رو ببینید. این یه نکته. نکته‌ی بعد این که شما هر 
… (truncated; see saved file for full transcript)

============================================================
SUMMARY
============================================================
Input file      : 033_نکات شب دوم (1).mp3
Provider        : ElevenLabs Scribe (scribe_v2)
Audio duration  : 11:27 (687.28 s)
Requests        : 1
Billed duration : 688 s (rounded up to nearest second)
Rate            : $0.22 / audio hour
Estimated cost  : $0.042000 USD
Transcript saved: Audios/Bayat/ehras_awzat/033/033_نکات شب دوم (1).txt
============================================================
033: OK → 033_نکات شب دوم (1).txt

=== 034 034_4 توصیه اکید استاد. .mp3 ===
Provider: ElevenLabs Scribe (scribe_v2)
Progress file (updated after each chunk): Audios/Bayat/ehras_awzat/034/034_4 توصیه اکید استاد. .partial.txt
  preparing audio (034_4 توصیه اکید استاد. .mp3)...
  1:31 → 1 request(s)
  progress file: Audios/Bayat/ehras_awzat/034/034_4 توصیه اکید استاد. .partial.txt
  [1/1] 0:00–1:31 (533 KB)...
      → 956 chars: اون چهار تا کار رو به همه مردم بگید. یک به شدت دعا کنن برای حضرت آقا. دو، به شدت توسل کنن خاصه به ذیل عنایت حضرت صدیقه شهیده حضرت زهرا به ایشون توسل کنن. سه، تا می تونن صدقه بدن. ا…

============================================================
TRANSCRIPTION (preview)
============================================================
اون چهار تا کار رو به همه مردم بگید. یک به شدت دعا کنن برای حضرت آقا. دو، به شدت توسل کنن خاصه به ذیل عنایت حضرت صدیقه شهیده حضرت زهرا به ایشون توسل کنن. سه، تا می تونن صدقه بدن. اگه نمیشناسید که الان می شناسید قطعا نمیشناسید ما خیریه‌ای داریم در همین مجموعه‌مون. چقدر یتیم، چقدر گرفتار، چندین خانواده تحت پوشش، مشکلات عجیب و غریب [سرفه] بدید ما به دست خودمون به اونا میدیم از طرف شما گره‌ها باز شه. س-- چهارمی هم قربانی، قربانی زیاد. اینو بدونید اینو الان یه فرصتی است من اصلش رو برای شما باز کنم. اینو بدونید یه جمله عرض کنم. هر خونی که اون‌ها میریزن از ما چه در غزه، چه در لبنان، چه در ایران، هر خونی که میریزن یک قربانی ما رو برمی‌داره یعنی خنثی می‌کنه اصطلاحا. ما خیلی باید قربانی برای آقا بکنیم. حالا گرون شده زورمون نمیرسه ده نفر، بیست نفر، صد نفر با هم بشینیم قربانی کنیم. این هم باز تو خیریه ما هست. یه طرحی هست ماهیانه می‌ریزن برای قربانی به حد نصاب گوسفند که رسید ما می‌کشیم. اصلا اونجا نوشتیم به نیت سلامتی آقا جانمون. اینم از این موضوع. [سرفه]

============================================================
SUMMARY
============================================================
Input file      : 034_4 توصیه اکید استاد. .mp3
Provider        : ElevenLabs Scribe (scribe_v2)
Audio duration  : 1:31 (90.90 s)
Requests        : 1
Billed duration : 91 s (rounded up to nearest second)
Rate            : $0.22 / audio hour
Estimated cost  : $0.005555 USD
Transcript saved: Audios/Bayat/ehras_awzat/034/034_4 توصیه اکید استاد. .txt
============================================================
034: OK → 034_4 توصیه اکید استاد. .txt

=== 035 035_نكته عرشى.mp3 ===
Provider: ElevenLabs Scribe (scribe_v2)
Progress file (updated after each chunk): Audios/Bayat/ehras_awzat/035/035_نكته عرشى.partial.txt
  preparing audio (035_نكته عرشى.mp3)...
  6:02 → 1 request(s)
  progress file: Audios/Bayat/ehras_awzat/035/035_نكته عرشى.partial.txt
  [1/1] 0:00–6:02 (2123 KB)...
      → 3064 chars: [موسیقی] ما در این حسینیه نورانی چندین ساله که سر سفره معارف استاد کل حضرت علامه حسن زاده علیه الرحمه والرضوان نشستیم و این برکتی که داره روز به روز مضاعف میشه سر این سفره قطعاً از…

============================================================
TRANSCRIPTION (preview)
============================================================
[موسیقی] ما در این حسینیه نورانی چندین ساله که سر سفره معارف استاد کل حضرت علامه حسن زاده علیه الرحمه والرضوان نشستیم و این برکتی که داره روز به روز مضاعف میشه سر این سفره قطعاً از اشراقات و عنایات و هدایت‌های ایشون هست. از لسان پاک ایشون، اون دهان پاک ایشون یه جمله تقدیم کنم کیف کنید. البته دیدم الحمد لله این جمله رو عزیزان دلم در کانال فلیرحل معنى گذاشتن. حالا اینجا سؤالاتی که ما ج-- وقت کردیم جواب بدیم تو اون کانال میذارم یا دلگویه های شما رو میذارم. یه جمله داره علامه می‌فرماید: نفوس، دقت بفرمایید چه کرده، می‌خوام ارزش این جلسه رو متوجه بشیم. نفوس این تک تک این جان‌ها، این نفس‌ها که اینجان، نفوس مجتمع مت-متحد را، این نفوسی که یک مجتمع شدن، نه از راه دور فقط، مجتمع اند، اجتماع کردن. دو، متحد شدن. دوباره عرض کردم در ادب مع الله اون نمازی که می‌فرمود اگر به ده نفر برسه جز خدا نمی‌تونه ثوابشو بشماره، حضرت استاد فرمودن نمازی‌ست که قلوب متشتت نیستن، قلوب متحدن. ده نفر رو پیدا کن نماز جماعت بخونن که دل‌هاشون همه یکی باشه، متحد. اون جز خدا ثوابشه، نه اینکه هر دلی یه طرفه. همان از هیئت که اینطوری باشه، تشتت. و این یک شرط. دو شرط یعنی اجتماع بعد متحد. چه اثری داره همچین جلساتی؟ اینو هیئت‌ها، جلسات معارفی باید با اب-آب طلا بنویسن سر در جلساتشون بزنن. یا این اجتماعات این شب‌ها. می‌خواید بدونید اثر یک اثر این اجتماعات، این شب‌ها چیه؟ یه خروجی‌شو از قول حضرت استاد بشنوید، نه من بی‌سواد. خب حالا اثرش چیه؟ اثر یک نفس کلی الهی قوی است. الله اکبر. دقت بفرمایید. اثر چی؟ یک نفس. نفس مقامش چیه رفقا؟ عقل مقامش تدبیر بود، تدبیر عالم. نفس چی بود؟ پرورش بود. عقل کل امیرالمؤمنین بود. نفس کل کی بود؟ حضرت زهرا بود. اولاً یعنی مقام پرورش داره. پرورش میده آدم‌ها رو. مربی میشه و شما میشید مرباش. دو، اینو باید دقت کرد. این باید بازه-- همین یه جمله باز بشه، عزیزان دلم سروران بزرگوارم اینجا تشریف دارن، نه من بی‌سواد. باور کنید چهل جلسه کمه تا درون مایه همین یه جمله استاد باز بشه. پس اول اثر یک نفس. چه nefsi؟ نفس کلی. الله اکبر. نفس کل حضرت زهرا بود. نفس کلی. خب چه نفس کلی؟ الهی. الهیت نظام کجاست؟ عالم اله کجا بود؟ عالم واحدیت بود. مادون احدیت بود. مافوق جبروت و عالم عقول بود. مافوق عالم جبروت که
… (truncated; see saved file for full transcript)

============================================================
SUMMARY
============================================================
Input file      : 035_نكته عرشى.mp3
Provider        : ElevenLabs Scribe (scribe_v2)
Audio duration  : 6:02 (362.27 s)
Requests        : 1
Billed duration : 363 s (rounded up to nearest second)
Rate            : $0.22 / audio hour
Estimated cost  : $0.022139 USD
Transcript saved: Audios/Bayat/ehras_awzat/035/035_نكته عرشى.txt
============================================================
035: OK → 035_نكته عرشى.txt

=== 036 036_بخش دوم سخنرانی مراسم عرفه در جوار شهدای گمنام لواسان 5-3-1405.mp3 ===
Provider: ElevenLabs Scribe (scribe_v2)
Progress file (updated after each chunk): Audios/Bayat/ehras_awzat/036/036_بخش دوم سخنرانی مراسم عرفه در جوار شهدای گمنام لواسان 5-3-1405.partial.txt
  preparing audio (036_بخش دوم سخنرانی مراسم عرفه در جوار شهدای گمنام لواسان 5-3-1405.mp3)...
  19:36 → 1 request(s)
  progress file: Audios/Bayat/ehras_awzat/036/036_بخش دوم سخنرانی مراسم عرفه در جوار شهدای گمنام لواسان 5-3-1405.partial.txt
  [1/1] 0:00–19:36 (6896 KB)...
      → 12915 chars: این نکته‌ای که عرض می‌کنم، خب خیلی با زحمت و قاطر دارم عرض می‌کنم. شما هم اینو می‌گشتید هر جایی پیداش نمی‌کردید. مال الانه. چند ساله ما با همیم تازه دارم براتون رو می‌کنم اینو. بعض…

============================================================
TRANSCRIPTION (preview)
============================================================
این نکته‌ای که عرض می‌کنم، خب خیلی با زحمت و قاطر دارم عرض می‌کنم. شما هم اینو می‌گشتید هر جایی پیداش نمی‌کردید. مال الانه. چند ساله ما با همیم تازه دارم براتون رو می‌کنم اینو. بعضیا مثلا از نمیدونم ملبورن و یا جان؟ استرالیا کجا بود پیام داده بودن یا زنگ زدن مثلا همین جا. یک عزیزی از استرالیا پدرشون بود ما صحبت کردیم گفت آقا همه من ع-عبید و جانه دارم چی دارم همه اینا رو دارم ولی باز میام مثلا تو خونه‌م اجنه میان میرن. ببینید من اصلا به من ربطی نداره هر کاری می‌خواید، می‌خواید ببینید نبینید. کسی که داشته باشه این از کا-- این احراز رو در منزلش باز چیزی می‌بینه این توهمشه، این خیالشه. باید تبه-- رحمش اصلاح بشه. قوه خیالش آلوده شده باید شیاطین تصرف کردن باید روزی هفتاد بار آیات سخره رو بخونه و داستا برنامه هاشو گفتیم دیگه دستورات علمای حضرت استاد رو بهتون گفتیم برای تک-- تطهیر قوه خیال. که انسان تا قوه خیالش که ملکوت وجودشه برزخ متصل و مثال متصل خودشه اصلاح نشه نمی‌تونه به عالم جبروت یا عقل یا عالم سلطنت امیرالمؤمنین دسترسی پیدا کنه. خیالی زندگی می‌کنه، خیالی دین‌داری می‌کنه. حالا باشه باز ما کمکتون می‌کنیم. و مخصوصا به این خاطر که دارم میگم مطلع شدین. دیگه اینا رو از من شما خواهش می‌کنم اگر منو دوست دارید نیاید یه سری سوالا رو از من بپرسید. ولم کنید. قبول نکن اجباری مگه داری؟ مطلع شدیم که بعضی از این اجنه‌ای که حمله کردن حالا شاید هم حرف زده بودن که حالا باید ببینیم این آقایی که گفته لشکری از اجنه رهبری فرمودن در جنگ دوازده روزه به یکی از فرمانده‌های بسیج حمله کردن. باید بریم ببینیم این آقا کیه؟ چی؟ بنده رو می‌گفت ببینیم تمام ریز و درش رو بکشیم بیرون. مگه چی گفتیم ما؟ مگه خود آقا تو صحبت‌هاش چند بار نفرمودن که لشگر جن و انس اومدن به ما حمله ور شدن. چند بار اینو فرمودن. خب چرا ما میخوایم-- کی می‌خوایم ما چشمامونو باز کنیم؟ خب یکی از سندهای ما می‌خواید بهت بپ-- من خیلی بیچاره‌ام که اینطوری باید با شما حرف بزنم. آقای هاشمی نیا اونجا گفتم اون روز که تو صحبت‌هام یکی از مدیرهای توانمند مسجد بلال صداوسیما، ایشون خودش همین حرفو به من زد. گفت یکی از فرمانده‌های بسیج منظر-- محضر رهبری رفته بود اینطوری گفته. حالا الان همون اتفاق دوباره افتاده. مطلع شدیم اون اجنه‌ای که اومدن متاسف
… (truncated; see saved file for full transcript)

============================================================
SUMMARY
============================================================
Input file      : 036_بخش دوم سخنرانی مراسم عرفه در جوار شهدای گمنام لواسان 5-3-1405.mp3
Provider        : ElevenLabs Scribe (scribe_v2)
Audio duration  : 19:36 (1176.05 s)
Requests        : 1
Billed duration : 1177 s (rounded up to nearest second)
Rate            : $0.22 / audio hour
Estimated cost  : $0.071870 USD
Transcript saved: Audios/Bayat/ehras_awzat/036/036_بخش دوم سخنرانی مراسم عرفه در جوار شهدای گمنام لواسان 5-3-1405.txt
============================================================
036: OK → 036_بخش دوم سخنرانی مراسم عرفه در جوار شهدای گمنام لواسان 5-3-1405.txt

=== 037 037_پیرامون کلمه 24 حضرت علامه.mp3 ===
Provider: ElevenLabs Scribe (scribe_v2)
Progress file (updated after each chunk): Audios/Bayat/ehras_awzat/037/037_پیرامون کلمه 24 حضرت علامه.partial.txt
  preparing audio (037_پیرامون کلمه 24 حضرت علامه.mp3)...
  4:46 → 1 request(s)
  progress file: Audios/Bayat/ehras_awzat/037/037_پیرامون کلمه 24 حضرت علامه.partial.txt
  [1/1] 0:00–4:46 (1678 KB)...
      → 3109 chars: یکی کلمه بیست و چهار هزار و یک کلمه حضرت استاد رو ببینید اون رو انجام بدید. دستور العمل خاصی بنده به یکی از دوستانمون دادیم که همسرشون درد استخون و پهلو و مشکلاتی داشت که هرچی درما…

============================================================
TRANSCRIPTION (preview)
============================================================
یکی کلمه بیست و چهار هزار و یک کلمه حضرت استاد رو ببینید اون رو انجام بدید. دستور العمل خاصی بنده به یکی از دوستانمون دادیم که همسرشون درد استخون و پهلو و مشکلاتی داشت که هرچی درمان می‌کردن خوب نمی‌شد. ایشون خودش این دستور رو انجام داد. دستشونو کشیدن به اندامی که درد داشت از عیالشون. الحمدالله خوب شدن دیگه بدون دوا و درمان. موارد مشابه زیاد پیش اومده که خود حضرت استاد هم در اون نکته تاکید می‌کنند که در این دستور دست تزکیه می‌شه و قدرت شفا به خودش می‌گیره. به فضل قرآن، به کرم قرآن، به نورانیت قرآن و این دستور مس قرآن دیگه چهارشنبه و پنجشنبه و جمعه بین الطلوعین یه دستور خاصی داره که مس قرآن می‌کنند و یه ذکری رو میگن که حالا اونجا رجوع کنن. این کار حالا یا اگه خودشون بتونن انجام بدن که بهتر. نشد کسی دیگه انجام بده دست بکشه به اون اندام‌هایی که خودشون میگن انشاالله خدا شفا حاصل کنه. فرمودن این به یکی از بهترین کارها برای درمان مریضی‌های صعبالعلاجه. این و یه کلمه اون رو هم بنویسید. کلمه بیست و چهار هزار و یک کلمه. این چند بود؟ چهارصد و پنجاه و شش. کلمه بیست و چهار تو جلد یکه این تو جلد پنج. اگر کسی این سه تا کار رو انجام داد مریضش شفا نگرفت، دیگه راضی باشه به رضای خدا. دو-- جای دیگه نرو. تمام. یا دیگه بدون قضای الهی برای این تحقق گرفته که این آقا، این خانم اینطوری باشه تو هم راضی باش. قرار نیست که ملائکه عالم بلا به قربانگو ما باشن که. یه خیری هست، یه صلاحی هست، خداست و خدایی می‌کنه ما هم بی‌خبر. یکی تربت سید الشهدا اصل. چند شب پیش من یه عزیز بزرگوار رو که اجازه ندارم عرض کنم زیارت کردم که یک پارچه نور بود ایشون با بعضی از دوستان که الان اینجا هستن با هم رفتیم. بعد حالا یه چند ساعتی تنها بودیم با هم. حرف‌هایی رو زدیم، مطالبی رو ار-ارائه دادیم که خب ایشون توی سطح بالایی‌ان بتونن انشاالله دافع باشن یه سری مسائل رو از کشور. ایشون در جزای این حرفای من انقدر لذت برد، یه کلوخ از داخل قبر امام حسین گفت اینو ما-- که من زدم زیر گریه و اصلا دیگه حالم منقلب شد و یه وضعی. همون گفت اینو من به شما هدیه می‌کنم. بتونید تربت‌های اینطوری حالا امروز نریزید سرم من همراهم نیست. [خنده] آرتی که پاره نکنید اینجا. تربت اینطوری. بعد حرز هم داشته باشه. تو مخفاتی هست. شیخ عباس حرز تربت رو مطرح کرده
… (truncated; see saved file for full transcript)

============================================================
SUMMARY
============================================================
Input file      : 037_پیرامون کلمه 24 حضرت علامه.mp3
Provider        : ElevenLabs Scribe (scribe_v2)
Audio duration  : 4:46 (286.20 s)
Requests        : 1
Billed duration : 287 s (rounded up to nearest second)
Rate            : $0.22 / audio hour
Estimated cost  : $0.017490 USD
Transcript saved: Audios/Bayat/ehras_awzat/037/037_پیرامون کلمه 24 حضرت علامه.txt
============================================================
037: OK → 037_پیرامون کلمه 24 حضرت علامه.txt

=== 038 038_لواسان 17 خرداد .mp3 ===
Provider: ElevenLabs Scribe (scribe_v2)
Progress file (updated after each chunk): Audios/Bayat/ehras_awzat/038/038_لواسان 17 خرداد .partial.txt
  preparing audio (038_لواسان 17 خرداد .mp3)...
  1:22:53 → 1 request(s)
  progress file: Audios/Bayat/ehras_awzat/038/038_لواسان 17 خرداد .partial.txt
  [1/1] 0:00–1:22:53 (29146 KB)...
      → 49149 chars: اعوذ بک لم همزات الشياطين ومن شر نفسي ومن شر خلقک. بسم الله الرحمن الرحيم لا حول ولا قوة الا بالله العلي العظيم. اللهم اياک نعبد وایاک نستعين. الحمد لله على کل نعمه واسأل الله من ف…

============================================================
TRANSCRIPTION (preview)
============================================================
اعوذ بک لم همزات الشياطين ومن شر نفسي ومن شر خلقک. بسم الله الرحمن الرحيم لا حول ولا قوة الا بالله العلي العظيم. اللهم اياک نعبد وایاک نستعين. الحمد لله على کل نعمه واسأل الله من فضله. المستغاث بک يا صاحب الزمان، المستغاث بک يا صاحب الزمان، المستغاث بک يا صاحب الزمان. السلام علیک يا داينا ورباني آياته. سلام عليكم ورحمة الله. هدیه به پیشگاه حضرت حجت ارواح من سواه فداه ان شاء الله حضرتش هر کجا تشریف دارن حالشون خوب باشه و همین اصائما و متالبینمون رو دعا کنن با حضور قلب با توجه به حضرت صلواتی قر بفرماین. اللهم صل على محمد وآل محمد یه عذرخواهی می‌کنم که چند دقیقه‌ای دیر رسیدم. خدا لطف کرد که بریم محضر شهدای نزدیک اینجا که عرفه مهمانشون بودیم مطلع شدیم که بعضی از دوستان به اشتباه اومده بودن اونجا. خدا می‌خواست که ما دیرتر برسیم اونها رو بیاریم و به مرگاه خدا و اینجا آغوش می‌شد. جلسات اینجاست. یعنی یکشنبه‌ها انشاالله ثابت اینجاست اگر تغییری کنه به شما خبر میدیم. پیش از ورود به هر بحثی باز خواهش می‌کنم که هیچکس ضبط نکنه علیرغم اینکه متأسفانه بعضیا گوش نمیدن و برای ما دردسر ایجاد میشه. یه صحبت‌هایی هست که صلاح نیست بیرون بره. اینا به ضرر خودتون. ضررش می‌دونید چیه؟ ضررش اینه که این مدتی که به ما گذشت شاید بنده تهدید شدم، متهم شدم، شاید حرف و حدیث شنیدم از دیگران به جهت حرف‌هایی که از ما بیرون رفت یا باعث میشه که بنده مطلع بشم که خب وقتی این اتفاق داره می‌افته بعضی حرفا رو دیگه نزنم، خودتون ضرر می‌کنین. یه سری یادگارهایی که از بزرگان اهل معرفت خدا لطف کرده به بنده حقیر رسیده باید بیان نمیشه، خودتون ضرر می‌کنید. اجازه بدید که آنچه که رزق شماست همون نصیب شما بشه. زیاده‌روی کردن در مسیر سلوک انسان رو زمین می‌کوبه. راضی باشید به رزق الهی و في السماء رزقكم وما توعدون. به همین مناسبت خب الان با بعضی از شما بیش از سی ساله که ما رفاقت داریم با هم بزرگ شدیم. بعضی از شما کمتر یک ساله مثلا یا این جلسات زیبا و نورانی سیره رسول که اینجا تقریباً یک ساله که راه افتاده. باز من این هدیه امروز رو تقدیم نکرده بودم تا وقتش برسه. هدیه امروز، ما هر جلسه یه هدیه ای تقدیم می‌کردیم. خیلی هدیه عظیم الشأن و مهمی است. لذا کاغذ قلم داشته باشید چون یه مقدار ریزه کاری داره بنویسید که گیج نشید و الان وقتشه.
… (truncated; see saved file for full transcript)

============================================================
SUMMARY
============================================================
Input file      : 038_لواسان 17 خرداد .mp3
Provider        : ElevenLabs Scribe (scribe_v2)
Audio duration  : 1:22:53 (4973.40 s)
Requests        : 1
Billed duration : 4974 s (rounded up to nearest second)
Rate            : $0.22 / audio hour
Estimated cost  : $0.303930 USD
Transcript saved: Audios/Bayat/ehras_awzat/038/038_لواسان 17 خرداد .txt
============================================================
038: OK → 038_لواسان 17 خرداد .txt

=== 039 039_جلسه۳۲(۱۱) احراز و عوذات .mp3 ===
Provider: ElevenLabs Scribe (scribe_v2)
Progress file (updated after each chunk): Audios/Bayat/ehras_awzat/039/039_جلسه۳۲(۱۱) احراز و عوذات .partial.txt
  preparing audio (039_جلسه۳۲(۱۱) احراز و عوذات .mp3)...
  11:14 → 1 request(s)
  progress file: Audios/Bayat/ehras_awzat/039/039_جلسه۳۲(۱۱) احراز و عوذات .partial.txt
  [1/1] 0:00–11:14 (3957 KB)...
      → 6800 chars: اونچه که ما از بزرگان هدیه می‌کنیم ابتدای جلسه مرتبط با بحث تحصیل علم و معرفت و دانشه [مکث] که به درد شما می‌خوره. یکی از دستوراتی که مربوط به امروز هم هست، مال چهارشنبه هر هفته. […

============================================================
TRANSCRIPTION (preview)
============================================================
اونچه که ما از بزرگان هدیه می‌کنیم ابتدای جلسه مرتبط با بحث تحصیل علم و معرفت و دانشه [مکث] که به درد شما می‌خوره. یکی از دستوراتی که مربوط به امروز هم هست، مال چهارشنبه هر هفته. [مکث] من خودم امروز انجام دادم فکر می‌کنم هفت دقیقه طول کشید، خیلی زمان نمی‌بره. البته سندش هست کتاب گوهر شب چراغ، جلده یک، صفحه صد و پنجاه، اونجا می‌تونید ببینید. اما خب به صرف این که تو یه کتابی اومده من هیچ‌وقت اکتفا نکردم و یکی از بزرگان جام و اطراف وقتی توصیه می‌کنه بنده چه خودم بخوام انجام بدم چه به دیگری مخصوصاً آقای بهجت روحش شاد [سرفه] یه روزی به ما سفارشاتی داشتن در خصوص مفاتیح و بعضی از ادعیه به بنده اجازه دادن که به دیگران سفارش و توصیه کنم. اتفاقاً آقای بهجت هم به یک جوون بیست و هفت ساله‌ای که ازشون پرسید "من حافظه‌ام خوبه اما راه علم برام گشاده نیست. دارم اذیت میشم، عاشق علمم، تشنه معرفتم" مثل خیلی از شماها، لکن راه انگار بسته است به روی ما این‌ها، چه کنیم؟ آقای بهجت توصیه‌هایی کردن، آخرین توصیه کردن همین بود. که فرمودن [مکث] اونجا تو اون کتاب گوهر شب چراغ هم اومده که آثار این ذکر این‌هاست من اول براتون بگم بعد خود ذکر رو. اول فرمودن بر اهالی علم و قلم فائق آید. البته این رو دقت داشته باشید، این به این معنا نیست که ما بگیم مثلاً دنبال این هستیم که مثلاً برتری‌جویی بر اهل علم و قلم، نه، اشتباه نشه. یعنی این که یه کاری باید بکنم که بتونی حتی به اهل علم و اهل قلم که اصطلاحاً بهشون می‌گن فضلا هم تو خیر برسونی. یعنی خیر تو به اون‌ها هم برسه. چرا فقط به بی‌سوادها و کم‌سوادها؟ نه، به اهل علم هم. این یکی از... یعنی یک علمی رو خدا به تو میده [مکث] که از فهم وای این روایت اینطوری برمی‌آد که همون حکمت باشه. چون خیلی‌ها علم دارن اما به باطن علم پی نبردن لذا حاضرن بیان زانو بزنن پیش یه کسی که ظاهراً از جهت درجه علمی شاید از اونا کمتر باشه اما به حکمت رسیده که باطن علمه. توجه کردی؟ و ازش بهره بگیرن. این میشه حتی تو وجود یک بچه پونزده ساله، چهارده ساله هم بیفته که در زمان جنگ ما اینو زیاد دیدیم از بچه‌ها. حالا یه وقتی ما خاطرات جنگ رو برای شما بگیم. البته اهلش باید بگن ما که زشته امثال ما بخواهیم چیزی بگیم. اما یکی از دوست-- اساتید ما که در هدایت ما خیلی سهیم بود روحش شاد، که در شلمچه تیر خو
… (truncated; see saved file for full transcript)

============================================================
SUMMARY
============================================================
Input file      : 039_جلسه۳۲(۱۱) احراز و عوذات .mp3
Provider        : ElevenLabs Scribe (scribe_v2)
Audio duration  : 11:14 (674.28 s)
Requests        : 1
Billed duration : 675 s (rounded up to nearest second)
Rate            : $0.22 / audio hour
Estimated cost  : $0.041206 USD
Transcript saved: Audios/Bayat/ehras_awzat/039/039_جلسه۳۲(۱۱) احراز و عوذات .txt
============================================================
039: OK → 039_جلسه۳۲(۱۱) احراز و عوذات .txt

=== 040 040_جلسه پانزدهم سفره کرامت حسنی.mp3 ===
Provider: ElevenLabs Scribe (scribe_v2)
Progress file (updated after each chunk): Audios/Bayat/ehras_awzat/040/040_جلسه پانزدهم سفره کرامت حسنی.partial.txt
  preparing audio (040_جلسه پانزدهم سفره کرامت حسنی.mp3)...
  1:08:10 → 1 request(s)
  progress file: Audios/Bayat/ehras_awzat/040/040_جلسه پانزدهم سفره کرامت حسنی.partial.txt
  [1/1] 0:00–1:08:10 (23966 KB)...
      → 39258 chars: رب اعوذبک من همزات الشیاطین و من شر نفسي و من شر خلقک. بسم الله الرحمن الرحیم. لا حول ولا قوة الا بالله العلی العظیم. اللهم ایکا نعبد و ایکا نستعین. الحمدالله علی کل نعمه و اسال ال…

============================================================
TRANSCRIPTION (preview)
============================================================
رب اعوذبک من همزات الشیاطین و من شر نفسي و من شر خلقک. بسم الله الرحمن الرحیم. لا حول ولا قوة الا بالله العلی العظیم. اللهم ایکا نعبد و ایکا نستعین. الحمدالله علی کل نعمه و اسال الله من فضله. المستغاث بک یا صاحب الزمان، المستغاث بک یا صاحب الزمان، المستغاث بک یا صاحب الزمان. السلام علیک یا داعی الله و ربانی آیاته. سلام علیکم و رحمت الله. هدیه به پیشگاه حضرت حجت ارواحنا لثوابه فداه. ان شا الله که عزیز زهرا هر کجا تشریف دارن حالشون خوب باشه و از صائگ هم ما رو دعا کنن. صلواتی خط بفرمایند. اللهم صل علی محمد و آل محمد و عجل فرجهم. به فضل الهی باز هم الحمدالله که شما رو دیدیم و زیارت کردیم و مجتمع شدیم در این مسجد باصفا و از نفوس پاک شما ان شا الله بهره ببریم. پیش از اینکه هدیه بسیار، بسیار، بسیار مهم امروز رو که بتونم بگم در تمام این جلساتی که ما هدایایی گفتیم هیچ کدومش به اهمیت امروز نبوده و جایگاهش به هدیه امروز نمی‌رسه. پیش از اینکه این رو عرض کنیم یه مقدمه‌ای بشم. حالا من قبلاً... خب معمولاً کسایی که پیشتازن، جلو دارن، علمدارن یک چیزی رو به ابتدا شروع می‌کنند بیان کردن یا طرحی رو مطرح می‌کنند که کسی قبلاً نکرده مورد هجمه مخالفین و معاندین و این‌ها قرار می‌گیرن. ما وقتی بحث احراز و ابراز رو شروع کردیم خیلی فحش خوردیم از خیلی‌ها. در حالی که ما چیزی نگفتیم جز از اهل بیت علیهم السلام و بزرگان. اینقدر که برای مردم گفته نشده بود، تأسفانه برای خیلی‌ها عجیب اومد. در حالی که شما حالا الحمدالله برای مؤید اون اوایل خیلی اذیت شدیم ولی الان یواش یواش بعضیا هم به صدا در اومدن. اون‌ها هم شروع کردن، هم صدایی کردن، کمک کردن. مثل پویش پرچم سرخی که الحمدالله کلید واژه‌اش تو همین جلسه خورد، دعوتش از همین جا صورت گرفت کنار شهدا، همین لواسی و الحمدالله تاثیرش رو در کل کشور حتی خارج از کشور دیدیم که تشیع آقامون یکپارچه سرخ شد. این برکت همین دعوت تحت لواء یا زهرا بوده و نفوس پاک شما برکت داره. این هم همین طوری الحمدالله داره برکت می‌خوره و خیلی‌ها پیوستن. لکن متأسفانه یه سری هم دارن سواستفاده می‌کنند. مراقب این سواستفاده‌ها باشید که حالا تکثیری از صحبت بنده رو تو کانال‌ها می‌گذارند، میگن به توصیه فلانی هرز نوشته می‌شه این قیمت. الان فکر می‌کنن تحت نظارت ماست یا بنده دارم می‌نویسم. این‌ها نی
… (truncated; see saved file for full transcript)

============================================================
SUMMARY
============================================================
Input file      : 040_جلسه پانزدهم سفره کرامت حسنی.mp3
Provider        : ElevenLabs Scribe (scribe_v2)
Audio duration  : 1:08:10 (4090.07 s)
Requests        : 1
Billed duration : 4091 s (rounded up to nearest second)
Rate            : $0.22 / audio hour
Estimated cost  : $0.249949 USD
Transcript saved: Audios/Bayat/ehras_awzat/040/040_جلسه پانزدهم سفره کرامت حسنی.txt
============================================================
040: OK → 040_جلسه پانزدهم سفره کرامت حسنی.txt

=== 041 041_108976131621391.mp3 ===
Provider: ElevenLabs Scribe (scribe_v2)
Progress file (updated after each chunk): Audios/Bayat/ehras_awzat/041/041_108976131621391.partial.txt
  preparing audio (041_108976131621391.mp3)...
  14:18 → 1 request(s)
  progress file: Audios/Bayat/ehras_awzat/041/041_108976131621391.partial.txt
  [1/1] 0:00–14:18 (5050 KB)...
      → 4363 chars: ‫ أعوذ بالله من الشيطان الرجيم. بسم الله الرحمن الرحيم. وإلهكم إله واحد لا إله إلا هو الرحمن الرحيم. الله لا إله إلا هو الحي القيوم لا تأخذه سنة ولا نوم له ما في السماوات وما في ال…

============================================================
TRANSCRIPTION (preview)
============================================================
‫ أعوذ بالله من الشيطان الرجيم. بسم الله الرحمن الرحيم. وإلهكم إله واحد لا إله إلا هو الرحمن الرحيم. الله لا إله إلا هو الحي القيوم لا تأخذه سنة ولا نوم له ما في السماوات وما في الأرض. من ذا الذي يشفع عنده إلا بإذنه يعلم ما بين أيديهم وما خلفهم ولا يحيطون بشيء من علمه إلا بما شاء. وسع كرسيه السماوات والأرض ولا يؤوده حفظهما وهو العلي العظيم. الم. الله لا إله إلا هو الحي القيوم. إن الله لا يخفى عليه شيء في الأرض ولا في السماء. هو الذي يصوركم في الأرحام كيف يشاء. لا إله إلا هو العزيز الحكيم. شهد الله أنه لا إله إلا هو والملائكة وأولو العلم قائمًا بالقسط. لا إله إلا هو العزيز الحكيم. إن الدين عند الله الإسلام. وما اختلف الذين أوتوا الكتاب إلا من بعد ما جاءهم العلم بغيا بينهم. ومن يكفر بآيات الله فإن الله سريع الحساب. إن هذا لهو القصص الحق وما من إله إلا الله وإن الله لهو العزيز الحكيم. وإذا حييتم بتحية فحيوا بأحسن منها أو ردوها إن الله كان على كل شيء حسيبا. الله لا إله إلا هو ليجمعنكم إلى يوم القيامة لا ريب فيه ومن أصدق من الله حديثا. لقد كفر الذين قالوا إن الله ثالث ثلاثة وما من إله إلا إله واحد وإن لم ينتهوا عما يقولون ليمسن الذين كفروا منهم عذاب أليم. ذلكم الله ربكم لا إله إلا هو خالق كل شيء فاعبدوه وهو على كل شيء وكيل. اتبع ما أوحي إليك من ربك لا إله إلا هو وأعرض عن المشركين. قل يا أيها الناس إني رسول الله إليكم جميعا الذي له ملك السماوات والأرض لا إله إلا هو يحيي ويميت فآمنوا بالله ورسوله النبي الأمي الذي يؤمن بالله الذي يؤمن بالله وكلماته واتبعوه لعلكم تهتدون. اتخذوا أحبارهم ورهبانهم أربابا من دون الله والمسيح ابن مريم وما أمروا إلا ليعبدوا إلهًا واحدًا لا إله إلا هو سبحانه عما يشركون. فإن تولوا فقل حسبي الله لا إله إلا هو عليه توكلت وهو رب العرش العظيم. وجاوزنا ببني إسرائيل البحر فأتبعهم فرعون وجنوده بغيا وعدوا حتى إذا أدركه الغرق قال آمنت أنه لا إله إلا الذي آمنت به بنو إسرائيل قال آمنت أنه لا إله إلا الذي آمنت به بنو إسرائيل وأنا من المسلمين. فإن لم يستجيبوا لكم فاعلموا أنما أنزل بعلم الله وأن لا إله إلا هو فهل أنتم مسلمون؟ كذلك أرسلناك في أمة. أمة قد خلت من قبلها أمم لتتلو عليهم الذي أوحينا إليك وهم يكفرون بالرحمن. قل هو ربي لا إله إلا هو عليه توكلت وإليه متاب
… (truncated; see saved file for full transcript)

============================================================
SUMMARY
============================================================
Input file      : 041_108976131621391.mp3
Provider        : ElevenLabs Scribe (scribe_v2)
Audio duration  : 14:18 (857.56 s)
Requests        : 1
Billed duration : 858 s (rounded up to nearest second)
Rate            : $0.22 / audio hour
Estimated cost  : $0.052406 USD
Transcript saved: Audios/Bayat/ehras_awzat/041/041_108976131621391.txt
============================================================
041: OK → 041_108976131621391.txt

=== 042 042_جلسه۳۳(۱۳) احراز و عوذات.mp3 ===
Provider: ElevenLabs Scribe (scribe_v2)
Progress file (updated after each chunk): Audios/Bayat/ehras_awzat/042/042_جلسه۳۳(۱۳) احراز و عوذات.partial.txt
  preparing audio (042_جلسه۳۳(۱۳) احراز و عوذات.mp3)...
  4:08 → 1 request(s)
  progress file: Audios/Bayat/ehras_awzat/042/042_جلسه۳۳(۱۳) احراز و عوذات.partial.txt
  [1/1] 0:00–4:08 (1459 KB)...
      → 1840 chars: یکی از ادعیه‌ای که مورد سفارش شیخ بهایی علیه الرحمه هست برای سه تا کار. یکی ازدیاد فهم. بالاخره شما که در جلسات معرفتی شرکت می‌کنید نیاز به ازدیاد فهم دارید. دومیش حفظ زیاته یعنی آ…

============================================================
TRANSCRIPTION (preview)
============================================================
یکی از ادعیه‌ای که مورد سفارش شیخ بهایی علیه الرحمه هست برای سه تا کار. یکی ازدیاد فهم. بالاخره شما که در جلسات معرفتی شرکت می‌کنید نیاز به ازدیاد فهم دارید. دومیش حفظ زیاته یعنی آدم بتونه فراموشیش کم بشه و حفظ زیاتش زیاد بشه. اونچه که در خزانه عقلش که اصطلاحا بهش میگیم قوه حافظه داره این رو داشته باشه از دست نده. سومیش هم ازدیاد الهاماته. الهامات از عالم قدس، از عالم عقول، از سمت و ناحیه وسائط فیض که ملائکه مقرب‌اند. قبلاً هم یه چیزکی پیرامون الهام و فرقش با اعلام و القا و ایحاء عرض کردیم. الهام خیلی مهمه. پس این سه تا پیامد رو این دعا داره. هرچند زمان خاصی هم نداره. هر وقت دوست دارید و هر مقدار تعدادی که براتون میسر بود به سفارش شیخ بهایی این دعا رو قرائت کنید. بله؟ هنوز دعا رو نخوندم. شیخ بهایی فرمودن در کتاب تهذیب اگر خواستید نگاه کنید، کتاب تهذیب سفارش ایشون وارد شده. عرض کردیم سه تا پیامد داره. اصلاً تو خود متن دعا هست اجازه بدید من متن دعا رو بخونم متوجه میشید که پیامدهای این دعا چی هست. برای شما خیلی مهمن. "اللهم مرزقنی" یعنی خدایا روزی من کن. "اللهم مرزقنی فهم النبیین" فهم انبیا رو. "وحفظ المرسلین" اون حفظ ماندن علوم که برای مرسلین اون هم یه رتبه بالاتر از انبیا هستن اون رو هم به من عطا کن "وحفظ المرسلین". و سومیش چی بود؟ الهام بود دیگه "والهام الملائکت المقربین" اونم نه هر ملکی، ملائکه مقرب از اونجا از عالم قدس به من الهام بشه "والهام الملائکت المقربین آمین یا رب العالمین". چقدر کوتاه، پرمغز، عالی. هر وقت حالش داشتید، حال خوشی بهتون دست داد، حرم می‌رفتید بعد از نمازاتون این دعا رو داشته باشید حتی قبل از شروع جلسات درس و بحث می‌تونید این رو بخونید. من الان بعد از نماز خودم ده بار خوندم . انشاالله که آثار و برکاتش وجود همه ما رو پر کنه و به فضل الهی بتونیم بهره‌مند بشیم از این سه پیامد این دعای گران سنگ. جان؟ جان؟ کتاب تهذیب. تهذیب. جزو كتب اربعه شیعه است. تهذیب ، استبصار، من لا یهضره الفقیه، کافی. اینا كتب اربعه شیعه‌اند. تهذیب مال کیه؟ التهذیب شیخ آفرین طوسی علیه الرحمه. یکی از بهترین کتاب‌های ماست.

============================================================
SUMMARY
============================================================
Input file      : 042_جلسه۳۳(۱۳) احراز و عوذات.mp3
Provider        : ElevenLabs Scribe (scribe_v2)
Audio duration  : 4:08 (248.18 s)
Requests        : 1
Billed duration : 249 s (rounded up to nearest second)
Rate            : $0.22 / audio hour
Estimated cost  : $0.015167 USD
Transcript saved: Audios/Bayat/ehras_awzat/042/042_جلسه۳۳(۱۳) احراز و عوذات.txt
============================================================
042: OK → 042_جلسه۳۳(۱۳) احراز و عوذات.txt

=== 043 043_استاد عبدالزهرا.mp3 ===
Provider: ElevenLabs Scribe (scribe_v2)
Progress file (updated after each chunk): Audios/Bayat/ehras_awzat/043/043_استاد عبدالزهرا.partial.txt
  preparing audio (043_استاد عبدالزهرا.mp3)...
  4:52 → 1 request(s)
  progress file: Audios/Bayat/ehras_awzat/043/043_استاد عبدالزهرا.partial.txt
  [1/1] 0:00–4:52 (1710 KB)...
      → 2779 chars: محضر یک انسان الهی، دهن یک انسان الهی و یک آدم کامل متصرف، این‌ها خیلی کار میدسته. بعضی از نفوس که مستعد باشند، زحمت کشیده باشند، تشنه و طالب باشند به معیار و ملاکی را که اولیا در …

============================================================
TRANSCRIPTION (preview)
============================================================
محضر یک انسان الهی، دهن یک انسان الهی و یک آدم کامل متصرف، این‌ها خیلی کار میدسته. بعضی از نفوس که مستعد باشند، زحمت کشیده باشند، تشنه و طالب باشند به معیار و ملاکی را که اولیا در دست دارند، این‌ها را به تصرفی دگرگون می‌کنند. یکی از اساتید خیلی به نام و بزرگی که ما درکشون کردیم یه هدیه‌ای به ما تقدیم کردن که ایشون ارتباط با امام عصر هم داشتن. و نوزده سال هم پیش امام جماعت حرم حضرت ابالفضل صلوات الله عليه بودن، قریبه به بیست سال. خیلی ما از ایشون بهره بردیم. من حدوداً بیست سالم بود. از ایشون، خودم بودم و ایشون از ایشون خواهش کردم که یه راهی به بنده یاد بدید خدا به زور به من علم بده. [خنده] شما دوست دارید، نه؟ دوست دارید، نه واقعاً؟ به زور خدا بهت علم بده. یعنی خودت یهو به خودت ببینی اِاِ. اصلاً شاید خودتم استنکاف می‌کردی اما خدا داره تزریق می‌کنه بهت از در و دیوار. این دستورالعمل رو از حدود سی سال پیش بنده انجام دادم. خیلی هم آسونه و همه هم شاید دارید انجام میدید ولی بی‌خبرید. شاید یک سر از این جلسه همون باشه اصلاً. شما دارید انجام میدید این جلسه رو گذاشتن که به شما تزریق علم کنن. ما انجام دادیم و خودم تجربه در تجربه شخصی خودم دیدم این رو واقعاً چشیدم، بهش رسیدم. لذا چیزی که خودم چشیدم چرا از شما دریغ کنم. فرمودن که بعد از هر نماز واجب‌تون، بعد از تسبیحات حضرت صدیقه شهیده سلام الله علیها، آیه الکرسی رو قرائت کنید. به همین راحتی. کسی که این کار رو مداومت کنه، خدا [مکث]، کفیل او میشه از حیث تعلیم علم. یه خاطره کوچولو بگم که نیمه نیمچه این خاطره رو فعلاً نصفش طلبتون که انشاالله با هم رفیق‌تر شدیم کاملش رو براتون میگم. محضر علامه بودیم یه روز در اتاق شخصیشون، اون اتاقی که شاید نمی‌دونم رفتید یا نه، دور تا دورش خ- کتاب‌های دست‌نویس دست‌نویس خودشان بود. با سه چهار تا طلبه و دانشجو منتها رفتیم. همه حرف می‌زدن. همه سؤال می‌کردن. همه مزاحم علامه بودند. تنها کسی که ساکت بود بنده بودم. من فقط ایشون رو نگاه می‌کردم و لذت می‌بردم. هیچی، هیچی فقط اونچه که از من ظهور می‌کرد عطش وجودی بود. با تشنگی علامه رو نگاه می‌کردم. سر تا پای علامه رو مثل یه آدم تشنه‌ای که به آب رسیده نگاه می‌کردم. شاید ایشون اینو درک کرد. نمی‌دونم. دست منو ایشون گرفت گفت یه کاری باهات می‌کنم. نری کسی رو ورداری
… (truncated; see saved file for full transcript)

============================================================
SUMMARY
============================================================
Input file      : 043_استاد عبدالزهرا.mp3
Provider        : ElevenLabs Scribe (scribe_v2)
Audio duration  : 4:52 (291.82 s)
Requests        : 1
Billed duration : 292 s (rounded up to nearest second)
Rate            : $0.22 / audio hour
Estimated cost  : $0.017833 USD
Transcript saved: Audios/Bayat/ehras_awzat/043/043_استاد عبدالزهرا.txt
============================================================
043: OK → 043_استاد عبدالزهرا.txt

=== 044 044_جلسه۳۴(۱۴) احراز و عوذات.mp3 ===
Provider: ElevenLabs Scribe (scribe_v2)
Progress file (updated after each chunk): Audios/Bayat/ehras_awzat/044/044_جلسه۳۴(۱۴) احراز و عوذات.partial.txt
  preparing audio (044_جلسه۳۴(۱۴) احراز و عوذات.mp3)...
  9:03 → 1 request(s)
  progress file: Audios/Bayat/ehras_awzat/044/044_جلسه۳۴(۱۴) احراز و عوذات.partial.txt
  [1/1] 0:00–9:03 (3184 KB)...
      → 7105 chars: نیت کردیم که هدیه امروز ما به شما ابتدای جلسه از لسان خود حضرت استاد باشه. اینطوری خیلی قشنگ‌تره و برکتش هم بیشتره. یک صوتی از حضرت استاد کمتر از سه دقیقه است پخش میشه دوستان گوش ب…

============================================================
TRANSCRIPTION (preview)
============================================================
نیت کردیم که هدیه امروز ما به شما ابتدای جلسه از لسان خود حضرت استاد باشه. اینطوری خیلی قشنگ‌تره و برکتش هم بیشتره. یک صوتی از حضرت استاد کمتر از سه دقیقه است پخش میشه دوستان گوش بدن بهره ببرن با دقت. بله. خب حالا خواستم این جمله را عرض کنم که یه جوری باشه هموار ملکوک عالم و چه خوش، چه خوب که سوره مبارکه جاصیه رو، سوره جاصیه را باز که می‌کنیم منتهی می‌شود سوره جاصیه به این آیه آخرین آیه سوره جاصیه میاد که رب السماوات بله فلله الحمد فلله الحمد رب السماوات ورب الارض رب العالمين. و له الكبرياء السماوات والأرض وله الكبرياء السماوات والأرض. فلله الحمد. فلله الحمد رب السماوات ورب الارض رب العالمين. دو تا اولی همون دو رب آخر دیگه واو نداره. فلله الحمد رب السماوات رب را دیگه بنای رب را تکرار نکنیم. فلله الحمد رب السماوات ورب الارض رب العالمين وله الكبرياء السماوات والأرض وهو العزيز الحكيم سوره تمام میشه. بله این طوری باشه که شما در تمام حالاتتون بله این آیه کریمه در پیش چشم‌تون خودشو نشون بدهد. یعنی تار و پود جانتون، دلتون، حالتون، همه حال، همه حال که مربوبید. فلله هرچی رو می‌بینید، هرچی که هستن، بارشون ادبارشون همه رو مشاهده می‌فرمایید. بله اینطور باشه که الا که وقتی به زبان آوردی چه بهتر. کسی نیست، بیگانه نیست، خودت هستی. به زبان آوردی چه بهتر. بله عرض می‌کنم که پیش مردم همان‌طوری که در باب کتمان کافی ائمه ما به شاگردانشون، به خواصشون فرمودن که بله باید دهن بسته باشید، کتم باشید. بله باب داره در کافی. کتم باشید. بله خودتون رو حفظ کنید. هر حرفی رو پیش هر کسی نمیشه زد. یه جوری حال یک معنویتی، روحانیتی بله مثل فرشته ماوراء، ملکوک عالم، ماورای طبیعت. بله انسان آگاه باید ببیند خداست دارد خدایی می‌کند. فلله الحمد رب السماوات ورب الارض رب العالمين وله الكبرياء السماوات والأرض وهو العزيز الحكيم. اینو ذکر همیشگی تون، ذکر قلبی تون، سری تون، نهاد تون. همچین طور تار و پود وجودتون خداگو بوده باشه، خداجو بوده باشه، خداخوا بوده باشه. این طور. این نحوه خداوند انشاالله شرح صدر عطا کند. فلله الحمد رب السماوات ورب الارض رب العالمين وله الكبرياء السماوات والأرض وهو العزيز الحكيم. به سار روح الله صلوات بفرستید. اللهم صل على محمد و آل محمد. بله سوره جاصیه البته این آیه که حضرت استاد فرمودن آیا
… (truncated; see saved file for full transcript)

============================================================
SUMMARY
============================================================
Input file      : 044_جلسه۳۴(۱۴) احراز و عوذات.mp3
Provider        : ElevenLabs Scribe (scribe_v2)
Audio duration  : 9:03 (543.42 s)
Requests        : 1
Billed duration : 544 s (rounded up to nearest second)
Rate            : $0.22 / audio hour
Estimated cost  : $0.033209 USD
Transcript saved: Audios/Bayat/ehras_awzat/044/044_جلسه۳۴(۱۴) احراز و عوذات.txt
============================================================
044: OK → 044_جلسه۳۴(۱۴) احراز و عوذات.txt

=== 045 045_جلسه۳۵(۱۶) احراز و عوذات.mp3 ===
Provider: ElevenLabs Scribe (scribe_v2)
Progress file (updated after each chunk): Audios/Bayat/ehras_awzat/045/045_جلسه۳۵(۱۶) احراز و عوذات.partial.txt
  preparing audio (045_جلسه۳۵(۱۶) احراز و عوذات.mp3)...
  5:21 → 1 request(s)
  progress file: Audios/Bayat/ehras_awzat/045/045_جلسه۳۵(۱۶) احراز و عوذات.partial.txt
  [1/1] 0:00–5:21 (1881 KB)...
      → 4087 chars: خب ما به فضل الهی یادگارهایی از بزرگان و مشایخ این راه و این طریق تقدیم می‌کنیم. حواسمون جمع باشه قبل از ارائه این هدیه یکی دو تا نکته عرض کنم. یکی اینکه اگر کسی تحت دستورالعمل است…

============================================================
TRANSCRIPTION (preview)
============================================================
خب ما به فضل الهی یادگارهایی از بزرگان و مشایخ این راه و این طریق تقدیم می‌کنیم. حواسمون جمع باشه قبل از ارائه این هدیه یکی دو تا نکته عرض کنم. یکی اینکه اگر کسی تحت دستورالعمل استاد و معلم خاصی هست حرفای منو تو این بخش هدایا گوش نده. توجه نکنه اصلا. از این گوش بگیره از اون گوش در کنه. همون‌چه که معلمت، شیخت داره بهت می‌ده همون رو برو جلو. دو دستوره نمی‌شه آدم به هم می‌ریزه. این ها نکته مهمیه توجه داشته باشید. نکته دوم اینکه لازم نیست که همه این دستورات به عینه بدون استثنا ما پیاده بشه در وجودمون که یعنی همه این از کار اوراد، خطوط، دستورالعمل‌ها انجام بشه. نه. عرض کردم نسبت به مشکل و مسئله بهتره بگیم مسئله‌ای که برات پیش اومده و شناختی که از خودت پیدا کردی که "بل 인간 على نفسه بصیره" از هر کسی به خودت آگاه‌تری نسبت به اون انتخاب کن و اون راه رو پیش بگیر. مدت‌ها می‌تونم عرض کنم خدمتتون قاطعانه که سالیان سال بنده تنها ذکری که دست می‌گرفتم تسلیحات حضرت زهرا سلام‌الله‌علیها بود. متشکرم ازتون. حواسمون باشه که این‌ها قدر و قیمتش باید لحاظ بشه. حالا اگر کسی نشانه خواست تو بحث نشانه‌شناسی این‌ها رو باید بگیم که خودش بحث مهمیه. یک جلسه‌ی متفاوتی می‌خواد و البته اهلش رو هم می‌خواد. نشانه‌شناسی در هر موضوعی. آقا از کجا بفهمیم نشانه این‌که من الان این ذکر رو باید بگم یا نگم. یکی از مهم-- البته یک نشانه نداره. یکی از مهم‌ترین نشانه‌ها حظ و بهره و لذت نفسته، کیف نفسته. یعنی این تو داری از این ذکر لذت می‌بری. اصطلاحاً تو دستورالعمل عرفانی بزرگان اهل معرفت فرمودن بچشیش یعنی خودت حس کنی داری اینو می‌چشی. داری دعا کامل می‌خونی؟ احساس می‌کنی نمی‌چشیش آقا رهاش کن. چرا؟ کی گفته حتما تا آخرشم بخون تا میزانی بخون که می‌چشی. اگه می‌چشی به اسم تا آخرش ببر و چه عجیب که حالا وقتش بشه با هم در این خصوص اصلاً یه چندین جلسه پیرامون درون مایه تسلیحات حضرت صدیقه شهیده سلام‌الله‌علیها سخن بگیم. یکی از معدود از کاری‌ست و دستورالعمل‌هایی‌ست که همه نفوس می‌چشنش. اصلاً یه به گونه‌ای این تعبیه شده حتی تقدم و تأخرش و عددش. خیلی عجیبه. حالا این هم رموزی داره که به وقتش باید عرض کنیم. خب این دو تا نکته رو عرض کردم بریم سراغ هدیه‌مون. البته نمی‌خواستم خدا می‌دونه نمی‌خواستم که الان این رو عرض کنم. توسطی که بش
… (truncated; see saved file for full transcript)

============================================================
SUMMARY
============================================================
Input file      : 045_جلسه۳۵(۱۶) احراز و عوذات.mp3
Provider        : ElevenLabs Scribe (scribe_v2)
Audio duration  : 5:21 (320.94 s)
Requests        : 1
Billed duration : 321 s (rounded up to nearest second)
Rate            : $0.22 / audio hour
Estimated cost  : $0.019613 USD
Transcript saved: Audios/Bayat/ehras_awzat/045/045_جلسه۳۵(۱۶) احراز و عوذات.txt
============================================================
045: OK → 045_جلسه۳۵(۱۶) احراز و عوذات.txt

=== 046 046_جلسه۳۶(۱۷) احراز و عوذات.mp3 ===
Provider: ElevenLabs Scribe (scribe_v2)
Progress file (updated after each chunk): Audios/Bayat/ehras_awzat/046/046_جلسه۳۶(۱۷) احراز و عوذات.partial.txt
  preparing audio (046_جلسه۳۶(۱۷) احراز و عوذات.mp3)...
  6:38 → 1 request(s)
  progress file: Audios/Bayat/ehras_awzat/046/046_جلسه۳۶(۱۷) احراز و عوذات.partial.txt
  [1/1] 0:00–6:38 (2329 KB)...
      → 3198 chars: هدایایی که امروز تقدیم می‌کنیم از کتاب شریف فلاح السائل سید ابن طاووس. یکی از کتاب‌های بسیار عالی و خوبه که حضرت استاد هم خیلی ترغیب می‌کردن، تشویق می‌کردن عزیزان رو به همین کتاب. …

============================================================
TRANSCRIPTION (preview)
============================================================
هدایایی که امروز تقدیم می‌کنیم از کتاب شریف فلاح السائل سید ابن طاووس. یکی از کتاب‌های بسیار عالی و خوبه که حضرت استاد هم خیلی ترغیب می‌کردن، تشویق می‌کردن عزیزان رو به همین کتاب. فلاح السائل سید ابن طاووس. مثل مفتاح الفلاح شیخ بها مثلاً. عُدَّة الداعي ابن فهد حلی. قوت القالب ابن-- ااا قوت القالب مکی یا انتهاء این‌ها می‌فرمودن که صحیفه سجادیه. یعنی بی‌یک‌باره بری تو صحیفه کوب می‌کنی. این‌ها رو طی کنی بعد بری. حالا در این کتاب شریف از امام هادی صلوات الله علیه روایتی رو میاره از پدران خویش همینطوری سلسله‌وار میره که روایت می‌کند که هرکس این دعا را قبل از طلب حاجتش بخواند دعایش مستجاب می‌شود. با توجه به فرمایشی که الان از حضرت استاد شنیدیم باید اینطوری گفت که به قدری این دعا قرب به خدا میاره، به حدی انسان رو به خدا نزدیک می‌کنه دیگه حاجتش رو خدا میده. اینطوری باید گفت. اون ملاک قرب دیگه. پس اینو یادمون باشه. قبلاً هم یه نکته‌ای در هم پیرامون تاثیرات ادعیه گفتیم. اگر میگه ثواب این دعا اینه یعنی تاثیری که در نفس می‌گذاره به قدر اینه. به این شکل. یا الان داره میگه این دعا رو کسی بخونه خدا حاجتشو میده یعنی ببینید چه شدت قربی میاره. دعا خیلی عالیه. بسیار. یعنی اوج به نظر بنده حقیر اوج توحید افعالیه این دعا. اولین رتبه از توحید ثلات دیگه که علامه طباطبایی فرمودن. توحید افعالی و صفاتی و ذاتی که البته حضرت امام علیه الرحمه در شرح دعای سحر و جاهای دیگه هم یک توحید دیگه‌ای هم بیان می‌کنند چهار قسم. توحید اف-- توحید عبادی. توحید عبادی که انسان عبادتش صرفاً رضای خدا باشه. خب این دعا چیه؟ من آروم می‌خونم خواستید بنویسید. ده خطه. منتها خط‌هاش کوتاهه. عبارت ماشاءالله هم ابتدای هر خط تکرار میشه. خیلی عالیه. یعنی به نظرم واقعاً أحلى من العسل این دعا. ماشاءالله توجهًا إلى الله. یعنی چرا میگی ماشاءالله؟ چرا میگی خدا هرچی خدا بخواد؟ به منظور توجه به خدا میگن. یعنی اینطوری میشه. ماشاءالله توجهًا إلى الله. من به خاطر توجه به الله که او هم توجه به من کنه اصلاً شاید این دعا ما رو ببره به سمت توجهات عرفانی که گفتیم خیلی سر و رمز و رازی توشه. ماشاءالله توجهًا إلى الله. ماشاءالله تعبدًا لله. یعنی برای پرستش خدا. ماشاءالله تلطفًا لله. از لطف میاد. برای اینکه خدا لطف کنه. ماشاءالله تذللاً لله. از
… (truncated; see saved file for full transcript)

============================================================
SUMMARY
============================================================
Input file      : 046_جلسه۳۶(۱۷) احراز و عوذات.mp3
Provider        : ElevenLabs Scribe (scribe_v2)
Audio duration  : 6:38 (397.51 s)
Requests        : 1
Billed duration : 398 s (rounded up to nearest second)
Rate            : $0.22 / audio hour
Estimated cost  : $0.024292 USD
Transcript saved: Audios/Bayat/ehras_awzat/046/046_جلسه۳۶(۱۷) احراز و عوذات.txt
============================================================
046: OK → 046_جلسه۳۶(۱۷) احراز و عوذات.txt

=== 047 047_جلسه۳۷(۱۸) احراز و عوذات .mp3 ===
Provider: ElevenLabs Scribe (scribe_v2)
Progress file (updated after each chunk): Audios/Bayat/ehras_awzat/047/047_جلسه۳۷(۱۸) احراز و عوذات .partial.txt
  preparing audio (047_جلسه۳۷(۱۸) احراز و عوذات .mp3)...
  10:39 → 1 request(s)
  progress file: Audios/Bayat/ehras_awzat/047/047_جلسه۳۷(۱۸) احراز و عوذات .partial.txt
  [1/1] 0:00–10:39 (3742 KB)...
      → 5280 chars: هدیه‌ای که به فضل الهی تقدیم می‌کنیم هدیه گرانسنگی‌ست. قبلاً هم در صد کلمه در معرفت نفس [مکث]، وقتی موضوع خیال مشوش مطرح بود، اونجا عرض کردیم از قول حضرت استاد علامه حسن زاده علیه …

============================================================
TRANSCRIPTION (preview)
============================================================
هدیه‌ای که به فضل الهی تقدیم می‌کنیم هدیه گرانسنگی‌ست. قبلاً هم در صد کلمه در معرفت نفس [مکث]، وقتی موضوع خیال مشوش مطرح بود، اونجا عرض کردیم از قول حضرت استاد علامه حسن زاده علیه رحمة، ایشون هم به نقل از شیخ‌شون علامه طباطبایی که نام شریف و بی بدیل الله رو این اسم جامع رو که همه اسماء به اون برمی‌گرده و شرط پذیرش و در حقیقت بالا رفتن و معراج نماز ما اینه که قرب به سمت اون پیدا کنیم. نه به الرحمن، نه به الرحیم، نه به الکریم، نه به ال-- فقط به الله. قربتاً الی الله. اگر ما بگیم قربتاً الی الرحمن باطله. این اسم جامع و اساساً عرض کردیم که قرب یعنی ولایت. ولایت یعنی تلبس به اسماء الله. همه اسماء در الله جمع‌اند و حقیقتش می‌شه علم. علم هم در مرتبه عالی‌ش خود حضرت حقه. عالم علم انباشته شده روی همه است یعنی خب معکم أينما كنتم زیرکیه، زیرکی استفاده از ذکر شریف الله که حضرت استاد تأکید دارن بدون حرف ندا، بدون يا. اون یک کارکردی داره، خود الله کارکردی داره. عددش هم فرمودن شصت و شش . بله بدون حرف ندا یعنی الله، الله با توجه بگید ببینید چه بلایی سرتون میاد [مکث]. بارها بنده حقیر البته تجربه شخصیم این قسمت، زیر بارون خصوصاً وقتی بارون می‌گرفت‌ش بارها این کار رو انجام دادم. عجیب ثمراتی داشت و داره. حالا حضرت استاد فرمودن که ثمرش چیه؟ یکی از ثمرات مهمه‌ش شصت و شش بار گفتن الله، رفع اضطراب و نگرانی و تشویش خاطره، پاک‌سازی قوه خیاله. جالب اینجاست که بدونید حتی از منفعت‌های این ذکر بردن مزاج به سمت اعتداله. کلاس ما درس معرفته، درس یعنی حرکته از سمت علم به سوی معرفته؛ یعنی حکمت که باطن علمه. وقتی مزاج معتدل شد یادگیری انسان قوی می‌شه. اینو شیخ الرئیس در نمت‌های اشارات فرمودن. نمت سوم، انتهای نمت سوم به بعد می‌تونید ملاحظه کنید [مکث]. که اصلاً ایشون می‌فرماید امام عصر، اصلاً انسان کامل از این جهت فراگیری‌ش مافوق همه است و به یک باره قلبش به قدری وسعت گرفته که همای-همه حقایق رو به یک معنا همه اسماء رو به یک معنا همه علم امکانی رو از ذات غیبی و از مصدر فیض علی الاطلاق می‌گیره به جهت اینه که مزاج‌شون چیه؟ أعدل امزجه است؛ یعنی معتدل‌ترین مزاج است. خب در خصوص مزاج ما حرف قبلاً تو بحث‌هامون زیاد داشتیم. حرفی نمی‌زنم. داشتیم در منفعت و آثار و خواص ذکر الله عرض می‌کردیم که حتماً شما هم بهره بب
… (truncated; see saved file for full transcript)

============================================================
SUMMARY
============================================================
Input file      : 047_جلسه۳۷(۱۸) احراز و عوذات .mp3
Provider        : ElevenLabs Scribe (scribe_v2)
Audio duration  : 10:39 (638.64 s)
Requests        : 1
Billed duration : 639 s (rounded up to nearest second)
Rate            : $0.22 / audio hour
Estimated cost  : $0.039028 USD
Transcript saved: Audios/Bayat/ehras_awzat/047/047_جلسه۳۷(۱۸) احراز و عوذات .txt
============================================================
047: OK → 047_جلسه۳۷(۱۸) احراز و عوذات .txt

=== 048 048_جلسه۳۸(۱۹) احراز و عوذات.mp3 ===
Provider: ElevenLabs Scribe (scribe_v2)
Progress file (updated after each chunk): Audios/Bayat/ehras_awzat/048/048_جلسه۳۸(۱۹) احراز و عوذات.partial.txt
  preparing audio (048_جلسه۳۸(۱۹) احراز و عوذات.mp3)...
  7:46 → 1 request(s)
  progress file: Audios/Bayat/ehras_awzat/048/048_جلسه۳۸(۱۹) احراز و عوذات.partial.txt
  [1/1] 0:00–7:46 (2728 KB)...
      → 5812 chars: هدیه‌ای که امروز تقدیم می‌کنم خدمتتون می‌تونید در نکته نهصد و سیزده کتاب هزار و یک نکته حضرت استاد ببینیدش. این کتابی که الآن دست بنده است هزار و یک نکته حضرت استاده. ایشون در نکته…

============================================================
TRANSCRIPTION (preview)
============================================================
هدیه‌ای که امروز تقدیم می‌کنم خدمتتون می‌تونید در نکته نهصد و سیزده کتاب هزار و یک نکته حضرت استاد ببینیدش. این کتابی که الآن دست بنده است هزار و یک نکته حضرت استاده. ایشون در نکته نهصد و سیزده می‌فرمایند عارف عبد الرضا، مولی عبد الرضا در شرح منازل الصائرین فرماید. در شرح منازل الصائرین خواجه عبدالله. ایشون می‌فرماید که البته عزیزانی که اصوات چه شرح اشارات حضرت استاد رو، چه شرح فسوس رو، چه شرح اسفار رو، چه تمهید القواعد رو، چه منازل الصائرین و چه عرض شود نصف العنس حضرت استاد اینا رو شنیده باشن. تو همه‌ی این‌ها ما شنیدیم که حضرت استاد تأکید کردن بر این ذکر، بر این ذکر شریف. پس پیداست که چون تو همه‌ی درس و بحث‌هاشون ایشون تأکید کردن پیداست که ذکر مبارکی‌ست که سندش رو هم اینجا تو این نکته می‌فرماین. ذکر اینه البته می‌فرما قجره القوم ان الاکثار من ذکر یعنی تأثیرش در کثرت اکثار زیاد گفتن. نه همینجوری یه چند بار بگی. ذکرم بسیار عالی، بسیار شریف. یا حی یا قیوم، یا حی یا قیوم، یا من، یا من لا اله الا انت. همین. یا حی یا قیوم، یا من لا اله الا انت. یا حالا اگر ادغام می‌شه اون نون در جسارتا در لام دیگه. دیگه یا من نمیگی. میگی یا من لا اله الا انت. بعد اینجا مرحوم عبد الرضا می‌فرماید یوجب حیات العقل. تأثیر این ذکر در چیه؟ حیات عقل. نمی‌ذاره عقل انسان بمیره. وقتی اهمیت تأثیر این ذکر رو متوجه می‌شیم که اهمیت عقل رو بفهمیم و حیات عقل رو. اساساً آلودگی ما بارها عرض کردیم بر اساس آیه‌ی صد و سه یونس که یجعل الرجس على الذين لا يعقلون از اونجا این ناشی می‌شه آلودگی‌های ما که عقل تعطیل می‌شه، عقل می‌میره. خب پس اگر کسی این ذکر رو اکثار داشته باشه قطعاً حیات عقلش باعث می‌شه که از آلودگی فاصله بگیره. به همین راحتی. اگه کسی از آلودگی رنج می‌بره، هر آلودگی، هر آلودگی مطلقاً چه در قوای ظاهری‌ش، حواس پنجگانه‌ش، چه قوای باطنی‌ش، قوه خیالش و این‌ها یا وهمش اذیت در عذیت این ذکر شریف رو اکثار داشته باشه. البته حوصله بکنید من چند خط از همین نکته رو بخونم به دردتون می‌خوره. حضرت استاد ادامه میدن که کلمه اکثار را در حصول نتیجه دخلی تمام است که همت در استقامت باید نه حال. یعنی نه فقط به حال اکتفا کنی که حالا یه حالی دست داد. نه همت باید باشه که کثرت استف-استفاده و استعمال این ذکر انسان رو برسونه به 
… (truncated; see saved file for full transcript)

============================================================
SUMMARY
============================================================
Input file      : 048_جلسه۳۸(۱۹) احراز و عوذات.mp3
Provider        : ElevenLabs Scribe (scribe_v2)
Audio duration  : 7:46 (465.55 s)
Requests        : 1
Billed duration : 466 s (rounded up to nearest second)
Rate            : $0.22 / audio hour
Estimated cost  : $0.028450 USD
Transcript saved: Audios/Bayat/ehras_awzat/048/048_جلسه۳۸(۱۹) احراز و عوذات.txt
============================================================
048: OK → 048_جلسه۳۸(۱۹) احراز و عوذات.txt

=== 049 049_جلسه۳۹(۲۰) احراز وعوذات.mp3 ===
Provider: ElevenLabs Scribe (scribe_v2)
Progress file (updated after each chunk): Audios/Bayat/ehras_awzat/049/049_جلسه۳۹(۲۰) احراز وعوذات.partial.txt
  preparing audio (049_جلسه۳۹(۲۰) احراز وعوذات.mp3)...
  12:09 → 1 request(s)
  progress file: Audios/Bayat/ehras_awzat/049/049_جلسه۳۹(۲۰) احراز وعوذات.partial.txt
  [1/1] 0:00–12:09 (4270 KB)...
      → 6876 chars: این هدیه رو حضرت استاد فرمودن یعنی سفارش ایشونه برای حیات قلب. دیروز ما فرمایش ایشون رو که عرض کردیم پیرامون چی بود؟ حیات عقل. حالا حیات قلب. که خدا رحمت کنه روح و رضوان الهی بر رو…

============================================================
TRANSCRIPTION (preview)
============================================================
این هدیه رو حضرت استاد فرمودن یعنی سفارش ایشونه برای حیات قلب. دیروز ما فرمایش ایشون رو که عرض کردیم پیرامون چی بود؟ حیات عقل. حالا حیات قلب. که خدا رحمت کنه روح و رضوان الهی بر روح بلند حضرت آیت الله شیخ عبدالقائم شوشتری. ما ایشون که اصفهان که درس می‌خوندیم می‌رفتیم محضرشون بعضا بهره می‌بردیم. هدیه‌های خیلی قشنگی از ایشون اخذ کردیم و خیلی هم ازشون استفاده کردیم. حالا انشاالله به وقتش تقدیم می‌کنیم. ایشون هم هست صوت و فیلمش حتی من یه جا دیدم بود پخش می‌کردن که عینا این رو میگه یعنی سفارش حضرت استاد رو ایشون هم از استاد تلقی کرده بود. حضرت استاد خیلی، خیلی هم ساده یعنی الان من به شما بگم البته متأسفانه خیلی از ماها که عظمت این ذکر رو نمی‌دونیم میگیم "عه این بود؟ این ذکر دم دستیه بود؟" و این بده. [سرفه] ایشون فرمودن که البته این تیکه شیخ شوشتری رو عرض کنم خدمتتون که فرمودن که من محضر علامه صدر‌زاده رو درک کردم و به ایشون گفتم که این عرش عظیمی که در خصوص عرش سؤال کردم چون قرآن فرمود به خبر العرش العظیم سؤال کردم که این رب عرش عظیم مثلاً [سرفه] فاصله‌ش با عرش اعظم چگونه است؟ علامه فرمودند که اون که تو قرآن می‌فرماید عرش عظیمه، همون عرشی‌ست که در خارج وجود داره. قبلاً هم عرض کردیم اینا نکاته که می- وقتی میگیم در خارج یعنی کجا؟ نه یعنی خارج از جهان هستی، یعنی خارج از خودمون، خارج از وجود خودمون، نفس خودمون، پیرامون یعنی در نظام آفاقی، نه نظام انسی که میگیم خارج هر وقت گفتیم در خارج یعنی این، اینو بدونید. خودش یه نکته‌ست. اون عرش عظیمی که در قرآن هست در خارج وجود داره. اما قلب مؤمن عرش اعظمه. شیخ شوشتری میگه من تعجب کردم و از حضرت استاد پرسیدم که بالعکس نیست؟ یعنی اون در خارج عرش اعظم نیست و این قلب ما باشه؟ چون حدیث داریم قلب المؤمن عرش الرحمن. این عرش عظیم باشه حضرت استاد تأکید کردن که نخیر، عرش اعظم یعنی عظیم‌تر از اون عرش خارج باورتون می‌شه؟ قلب شما مؤمنینه. انقدر ایشون متعجب شده بود که پرسیده بود ما چگونه به این عرش خدمت کنیم؟ یعنی به این قلب، قلب خودمون اصطلاحا قلب مؤمن رسیدگی کنیم، بهش برسیم، بهش خدمت کنیم، خادمش باشیم. کیا آرزو دارن خادم حرم امام رضا باشن؟ اول خادم عرش قلب وجود خودت که قلبته باش، خادم این باش. ما خادم اصلی می‌شیم. می‌شه آدم ظاهر تا اون توفیق بسیار 
… (truncated; see saved file for full transcript)

============================================================
SUMMARY
============================================================
Input file      : 049_جلسه۳۹(۲۰) احراز وعوذات.mp3
Provider        : ElevenLabs Scribe (scribe_v2)
Audio duration  : 12:09 (728.71 s)
Requests        : 1
Billed duration : 729 s (rounded up to nearest second)
Rate            : $0.22 / audio hour
Estimated cost  : $0.044532 USD
Transcript saved: Audios/Bayat/ehras_awzat/049/049_جلسه۳۹(۲۰) احراز وعوذات.txt
============================================================
049: OK → 049_جلسه۳۹(۲۰) احراز وعوذات.txt

Done. ok=49 skip=0 fail=0
