=== Manaee Term2 ASR start Tue Sep  8 13:44:55 PDT 2026 ===
Provider: elevenlabs  language: fa  sessions: 001-036

=== [001] Tue Sep  8 13:44:55 PDT 2026 ===
  input: Audios/Tadabor_Sobohi/Manaee/Term2/001/001_توصیه های آموزشی دوره سطح دو تدبر فایل۱ از سطح۲ سال۱۳۹۸ - علی.mp3
Provider: ElevenLabs Scribe (scribe_v2)
Progress file (updated after each chunk): Audios/Tadabor_Sobohi/Manaee/Term2/001/001_توصیه های آموزشی دوره سطح دو تدبر فایل۱ از سطح۲ سال۱۳۹۸ - علی.partial.txt
  preparing audio (001_توصیه های آموزشی دوره سطح دو تدبر فایل۱ از سطح۲ سال۱۳۹۸ - علی.mp3)...
  13:50 → 1 request(s)
  progress file: Audios/Tadabor_Sobohi/Manaee/Term2/001/001_توصیه های آموزشی دوره سطح دو تدبر فایل۱ از سطح۲ سال۱۳۹۸ - علی.partial.txt
  [1/1] 0:00–13:50 (4862 KB)...
      → 8606 chars: اعوذ بالله من الشيطان الرجيم. بسم الله الرحمن الرحيم. الحمد لله رب العالمين وصلى الله على سيدنا ونبينا حبيب اله العالمين ابى القاسم المصطفى محمد. اللهم صل على محمد وآل محمد وعجل فر…

============================================================
TRANSCRIPTION (preview)
============================================================
اعوذ بالله من الشيطان الرجيم. بسم الله الرحمن الرحيم. الحمد لله رب العالمين وصلى الله على سيدنا ونبينا حبيب اله العالمين ابى القاسم المصطفى محمد. اللهم صل على محمد وآل محمد وعجل فرجه. وعلى آله الطيبين الطاهرين ولعنة الله على اعدائهم اجمعين من الان الى قيام يوم الدين. عرض سلام و ادب و احترام محضر خواهران و برادران گرامی حاضر در جلسه. خدا رو شکر میکنیم که توفیق عطا فرمود بعد از اینکه سطح یک تمام شد فاصله‌ای افتاد ولی باز هم خداوند توفیق عطا فرمود و در محضر نورانی قرآن کنار هم قرار گرفتیم. ان شاء الله به یاری خدا سطح دو دوره معرفتی تدبر در قرآن کریم رو میخوایم شروع بکنیم. فقط برای یادآوری عرض می‌کنم خدمتتون، دوره معرفتی که گفته میشه یه فرقی با دوره مهارتی داره. اون فرق در این نیست که در دوره معرفتی ما استدلال و استناد و این حرفا نداریم. همه رو داریم. هر بحثی که مطرح می‌کنیم سعی می‌کنیم با دلیل، با سند بحثا محکم باشن. و باز اینم نیست که ما روش تدبر رو تمرین نمی‌کنیم. در دوره معرفتی روش تدبر رو هم تمرین می‌کنیم. اما دوره‌های مهارتی که اصلاً ورود به دوره‌های مهارتی بعد از سطح سه تدبر ممکنه و برای افرادی که شرایط خاص داشته باشن، در اون دوره‌ها اساساً مراحل و قواعد آموزش داده میشه نه سوره ها. ما در دوره‌های معرفتی سوره ها رو آموزش میدیم. ضمن سوره ها به مراحل و قواعد و اینا هم اشاره می‌کنیم. اتفاقاً اونی که کاربردی‌تره برای اکثر افراد همین دوره‌های معرفتیه. دوره‌های مهارتی حالا مثلاً کسانی میخوان وارد حوزه پژوهش بشن، کارهای پژوهشی بیشتری انجام بدن، رشته‌های علوم قرآنی تفسیر خوندن یا حوزوی بودن، مایلن که تحقیقی و پژوهشی‌تر کار بکنن. خب در اون دوره‌ها یه سری مطالبی رو با اون‌ها در میان می‌گذاریم. این نکته اول که دوره ما معرفتی‌ست. در دوره معرفتی سطح مخاطب تعیین کننده سطح مطالبه. هر چقدر شما بیشتر وقت بگذارید زحمت بکشید کار بکنید همونقدر ان شاء الله ما تلاش خواهیم کرد که سطح مطالب ارتقا پیدا بکنه. در گذشته ما می‌گفتیم عمومی تخصصی یعنی دوره‌های معرفتی رو بعضاً عمومی برگزار می‌کردیم بعضاً تخصصی. بعد دیگه این قیدو برداشتیم گفتیم به تناسب سطح مخاطب. مخاطب هر قدر بیشتر از خودش ظرفیت علمی، مطالعه نشون بده، خوب شد؟ [همهمه]. ان شاء الله. به همون میزان ان شاء الله ما هم بیشتر تلاش خواهی
… (truncated; see saved file for full transcript)

============================================================
SUMMARY
============================================================
Input file      : 001_توصیه های آموزشی دوره سطح دو تدبر فایل۱ از سطح۲ سال۱۳۹۸ - علی.mp3
Provider        : ElevenLabs Scribe (scribe_v2)
Audio duration  : 13:50 (829.66 s)
Requests        : 1
Billed duration : 830 s (rounded up to nearest second)
Rate            : $0.22 / audio hour
Estimated cost  : $0.050701 USD
Transcript saved: Audios/Tadabor_Sobohi/Manaee/Term2/001/001_توصیه های آموزشی دوره سطح دو تدبر فایل۱ از سطح۲ سال۱۳۹۸ - علی.txt
============================================================
[001] OK → 001_توصیه های آموزشی دوره سطح دو تدبر فایل۱ از سطح۲ سال۱۳۹۸ - علی.txt (71677 bytes)

=== [002] Tue Sep  8 13:45:45 PDT 2026 ===
  input: Audios/Tadabor_Sobohi/Manaee/Term2/002/002_آموزش تدبر در سوره مزّمّل - بخش اول فایل۲ از سطح۲ سال۱۳۹۸ - علی.mp3
Provider: ElevenLabs Scribe (scribe_v2)
Progress file (updated after each chunk): Audios/Tadabor_Sobohi/Manaee/Term2/002/002_آموزش تدبر در سوره مزّمّل - بخش اول فایل۲ از سطح۲ سال۱۳۹۸ - علی.partial.txt
  preparing audio (002_آموزش تدبر در سوره مزّمّل - بخش اول فایل۲ از سطح۲ سال۱۳۹۸ - علی.mp3)...
  50:43 → 1 request(s)
  progress file: Audios/Tadabor_Sobohi/Manaee/Term2/002/002_آموزش تدبر در سوره مزّمّل - بخش اول فایل۲ از سطح۲ سال۱۳۹۸ - علی.partial.txt
  [1/1] 0:00–50:43 (17833 KB)...
      → 28222 chars: سوره مزمل هم عجب شروع خوبیه. ما در آستانه عید پیامبر گرامی اسلام هستیم. این سوره هم راجع به پیامبر گرامی اسلامه. دو تا اتفاق مبارک همزمان می‌افته. هم آغاز این دوره و هم شادباش عید …

============================================================
TRANSCRIPTION (preview)
============================================================
سوره مزمل هم عجب شروع خوبیه. ما در آستانه عید پیامبر گرامی اسلام هستیم. این سوره هم راجع به پیامبر گرامی اسلامه. دو تا اتفاق مبارک همزمان می‌افته. هم آغاز این دوره و هم شادباش عید پیامبر گرامی اسلام. انشاالله که خداوند ما رو با اون حضرت محشور کنه به برکت صلوات بر محمد و آل محمد. [همهمه] اللهم صل على محمد. [همهمه] و آل محمد و عجل فرجه. بسم الله الرحمن الرحیم. سوره مزمله. می‌خوایم یک در همزمان یعنی با یک قدم می‌خوایم هم مفهوم‌شناسیش کنیم هم ساختارشناسیش کنیم. بعد دو تا مرحله‌ی بعدیمونو جمع‌بندی و ارتباطیابی سیاق‌ها رو در ادامه انجام بدیم. الان تو گام اول دو مرحله رو ترکیبی اجرا می‌کنیم؛ یعنی هم مفهوم‌شناسی آیات هم اتصال و انفصال آیات که بفهمیم به لحاظ سیاقی این سوره چه وضعیتی داره. شما هم به بنده کمک برسونید. بسم الله الرحمن الرحیم. "یا ایها المزمل". "یا ایها" ندائه دیگه. در زبان عربی کسی رو می‌خوان صدا بکنن یا میگن "یا" یا میگن "یا ایها". "یا ایها" یه خرده رسمی‌تر از "یا"ئه. بالاخره یه وقتایی هم به خاطر الف و لامی که بعد از "یا" داریم "یل مزمل" چون مثلاً خیلی ترکیب معنوسی نیست میگیم "یا ایها المزمل". آقای مزمل. ای مزمل. مزمل هم شنیدید میگن پیامبر گرامی اسلام بعضی وقت‌ها که می‌خواست وحی به ایشون برسه، میومدن و به خاطر فشاری که به ایشون وارد می‌شد بر اثر دریافت وحی به اطرافیانشون می‌گفتن زملونی. یعنی زملونی. مزمل کسیه که در واقع یه پارچه‌ای رو، یه جامه‌ای رو، یه پارچه‌ای رو دور خودش پیچیده. حضرت گاهی اینقدر ضعفشون عارض می‌شد که خودشون نمی‌تونستن حتی پارچه را دور خودشون بپیچند. وقتی وحی می‌خواست بهشون نازل بشه شرایط خاصی به لحاظ جسمی پیدا می‌کردن. عرق سرد بر پیشانی حضرت می‌نشست، رنگشون می‌پرید، بدنشون ضعف می‌گرفت. یه حالتی که بعضاً نگران می‌شدن که جان حضرت از بدنشون جدا بشه. فشار داشت. آسون نبود دریافت وحی. اون موقع‌ها می‌گفتن زملونی. یه پارچه‌ای دور من بپیچید. به این میگن در واقع مزمل کسی که یه جامه‌ای رو دور خودش پیچیده. حالا بعضیا اصرار دارن بگن جامه‌ی خواب. ما هم مخالفتی نداریم. یه پارچه‌ای که موقع خواب آدم دور خود-- رو خودش می‌کشه. مثلاً ملافه‌ای چیزی آدم رو خودش می‌کشه. مخالفتی نداریم. ای کسی که جامه به دور خود پیچیده‌ای. جامه‌ای که انسان به هنگام خواب دور خودش می
… (truncated; see saved file for full transcript)

============================================================
SUMMARY
============================================================
Input file      : 002_آموزش تدبر در سوره مزّمّل - بخش اول فایل۲ از سطح۲ سال۱۳۹۸ - علی.mp3
Provider        : ElevenLabs Scribe (scribe_v2)
Audio duration  : 50:43 (3043.48 s)
Requests        : 1
Billed duration : 3044 s (rounded up to nearest second)
Rate            : $0.22 / audio hour
Estimated cost  : $0.185990 USD
Transcript saved: Audios/Tadabor_Sobohi/Manaee/Term2/002/002_آموزش تدبر در سوره مزّمّل - بخش اول فایل۲ از سطح۲ سال۱۳۹۸ - علی.txt
============================================================
[002] OK → 002_آموزش تدبر در سوره مزّمّل - بخش اول فایل۲ از سطح۲ سال۱۳۹۸ - علی.txt (236639 bytes)

=== [003] Tue Sep  8 13:47:34 PDT 2026 ===
  input: Audios/Tadabor_Sobohi/Manaee/Term2/003/003_آموزش تدبر در سوره مزّمّل - بخش دوم فایل۳ از سطح۲ سال۱۳۹۸ - علی.mp3
Provider: ElevenLabs Scribe (scribe_v2)
Progress file (updated after each chunk): Audios/Tadabor_Sobohi/Manaee/Term2/003/003_آموزش تدبر در سوره مزّمّل - بخش دوم فایل۳ از سطح۲ سال۱۳۹۸ - علی.partial.txt
  preparing audio (003_آموزش تدبر در سوره مزّمّل - بخش دوم فایل۳ از سطح۲ سال۱۳۹۸ - علی.mp3)...
  59:58 → 1 request(s)
  progress file: Audios/Tadabor_Sobohi/Manaee/Term2/003/003_آموزش تدبر در سوره مزّمّل - بخش دوم فایل۳ از سطح۲ سال۱۳۹۸ - علی.partial.txt
  [1/1] 0:00–59:58 (21085 KB)...
      → 36092 chars: بسم الله الرحمن الرحیم. مشخص شد که تا آیه چهارده یک سیاقه و خطاب به پیامبر گرامی اسلامه. اول آیه پونزده شروع سیاق جدیده. علت اینکه میگیم سیاق عوض میشه تغییر مخاطبه. از جایی که مخاط…

============================================================
TRANSCRIPTION (preview)
============================================================
بسم الله الرحمن الرحیم. مشخص شد که تا آیه چهارده یک سیاقه و خطاب به پیامبر گرامی اسلامه. اول آیه پونزده شروع سیاق جدیده. علت اینکه میگیم سیاق عوض میشه تغییر مخاطبه. از جایی که مخاطب عوض میشه، روی سخن عوض میشه با کس دیگه ای داره حرف میزنه. این یعنی پاراگراف جدید. این یعنی سیاق جدید. یکی از ادله جدایی سیاق. اینو به خاطر بسپاریم. انا ارسلنا الیکم رسولا شاهدا علیکم. همانا ما فرستادیم به سوی شما رسولی را که شاهد است بر شما. یکی از اوصاف رسول شاهده. پیامبر گرامی اسلام شاهد بر امت خود است. شاهد یعنی چی؟ بله ما دادیم در بعضی از متون دینی که اصلا پیامبر گرامی اسلام شاهد اعمال ماست. اعمال ما به ایشون عرضه میشه. ایشون میدونه، مطلعه. خب. اما اگر بخواهیم حداقل معنای شاهدو بگیم یعنی دیگه قدر متيقن که جای بحث نداره. قدر متيقن یعنی اون مقداری از معنای شاهد که دیگه جای بحث نداره. ثابته. اون چیه؟ اون اینه که در روز قیامت وقتی میخوان امت پیغمبر خدا را محاسبه کنن، حسابرسی بکنن، پیغمبر خدا را شاهد میگیرن. به این عنوان که حجت را به اون حضرت بر امتش تمام میکنن. مگر از جانب خدا به شما قرآن نداد؟ مگر قرآنی رو که به شما داد تبیین نکرد؟ مگر حق و باطل رو براتون مشخص نکرد؟ او شاهدی میشود برای محاسبه امت. به شهادت او، به میزان بودن او، به معیار بودن او، او-امت تعیین تکلیف میشه. این حداقل معنای شاهد بودنه. که مثلاً فرض بفرمایید در دادگاه‌های شاهد رو حاضر می‌کنند. [سرفه] شاهد میگه بابا من اینو دیدم، من اینو گفتم. این حجت بر او تمام شد. این کاریست که شاهد انجام میده. حالا لازمه‌ش اینه که حضرت تک تک اعمال ما را دیده باشد یا لازمه‌ش این نیست. این یه بحث مستقل کلامیه. در جای خودش دنبال کنیم. تو فضای کلام باید تمام آیات در این حوزه دیده بشه، روایات دیده بشه. ببینیم آیا اینطوری هست که حضرت شاهده است یعنی میبیند تک تک اعمال ما را حضرت میبیند یا نه؟ شاهد است به این معنا که خداوند استشهاد به اون حضرت میکنه برای محاسبه تک تک افراد امتش. حداقل معنای شاهد همینه که عرض کردم. از این بیشتر هم البته معانی برای شاهد ذکر شده. انا ارسلنا الیکم رسولا شاهدا علیکم. یعنی فردای قیامت بابت این رسول باید جوابگو باشید. حجت را خدا با این رسول بر شما تمام کرده. پیغمبر فرستادم، کتاب بهش دادم، تبیین کرد، تفسیر کرد، توضیح داد، ح
… (truncated; see saved file for full transcript)

============================================================
SUMMARY
============================================================
Input file      : 003_آموزش تدبر در سوره مزّمّل - بخش دوم فایل۳ از سطح۲ سال۱۳۹۸ - علی.mp3
Provider        : ElevenLabs Scribe (scribe_v2)
Audio duration  : 59:58 (3598.45 s)
Requests        : 1
Billed duration : 3599 s (rounded up to nearest second)
Rate            : $0.22 / audio hour
Estimated cost  : $0.219905 USD
Transcript saved: Audios/Tadabor_Sobohi/Manaee/Term2/003/003_آموزش تدبر در سوره مزّمّل - بخش دوم فایل۳ از سطح۲ سال۱۳۹۸ - علی.txt
============================================================
[003] OK → 003_آموزش تدبر در سوره مزّمّل - بخش دوم فایل۳ از سطح۲ سال۱۳۹۸ - علی.txt (301667 bytes)

=== [004] Tue Sep  8 13:49:40 PDT 2026 ===
  input: Audios/Tadabor_Sobohi/Manaee/Term2/004/004_آموزش تدبر در سوره مزّمّل - بخش سوم فایل۴ از سطح۲ سال۱۳۹۸ - علی.mp3
Provider: ElevenLabs Scribe (scribe_v2)
Progress file (updated after each chunk): Audios/Tadabor_Sobohi/Manaee/Term2/004/004_آموزش تدبر در سوره مزّمّل - بخش سوم فایل۴ از سطح۲ سال۱۳۹۸ - علی.partial.txt
  preparing audio (004_آموزش تدبر در سوره مزّمّل - بخش سوم فایل۴ از سطح۲ سال۱۳۹۸ - علی.mp3)...
  1:01:29 → 1 request(s)
  progress file: Audios/Tadabor_Sobohi/Manaee/Term2/004/004_آموزش تدبر در سوره مزّمّل - بخش سوم فایل۴ از سطح۲ سال۱۳۹۸ - علی.partial.txt
  [1/1] 0:00–1:01:29 (21615 KB)...
      → 33739 chars: اعوذ بالله من الشيطان الرجيم. بسم الله الرحمن الرحيم. الحمد لله رب العالمين وصلى الله على سيدنا ونبينا حبيب اله العالمين ابى القاسم المصطفى محمد اللهم صل على محمد وآله. وعلى آله ال…

============================================================
TRANSCRIPTION (preview)
============================================================
اعوذ بالله من الشيطان الرجيم. بسم الله الرحمن الرحيم. الحمد لله رب العالمين وصلى الله على سيدنا ونبينا حبيب اله العالمين ابى القاسم المصطفى محمد اللهم صل على محمد وآله. وعلى آله الطيبين الطاهرين ولعنة الله على أعدائهم أجمعين من الآن إلى قيام يوم الدين. سلام عرض می‌کنم خدمت برادران و خواهران گرامی. خدا رو شکر می‌کنیم که توفیق عطا فرموده با سلامتی و عافیت در محضر نورانی قرآن کریم هستیم و آرزو می‌کنیم خدای بزرگ این توفیق رو تا آخرین لحظه زندگی از ما سلب نکنه. ما رو با قرآن زنده بداره با قرآن بمیرانه و با قرآن محشور کنه به برکت صلوات بر محمد و آل محمد. اللهم صل على محمد وآل محمد وعجل فرجه. خب ما بحث جلسه گذشته‌مون در سوره مبارکه مزمل بود و این بحث مرحله اول و دومش انجام شد. یعنی تدبر مرحله اول و دومش در سوره مزمل انجام شد. انشاالله در این جلسه مرحله سه و چهار رو می‌خوایم تمام بکنیم که بتونیم بعد وارد سوره مدثر بشیم طبق قرار قبلی. سوره مزمل در مرحله اول مفاهیم آیات بررسی شد و فکر می‌کنم الان آیه‌ای نداشته باشیم که از نظر مفهومی برای شما بزرگواران ابهامی داشته باشه و مرحله دومش دسته‌بندی سوره بود. تشخیص سیاق‌های سوره بود که幸حمد الهی اونم انجام شد. معلوم شد این سوره مبارکه از آیه یکم تا چهاردهم یک سیاقه که این سیاق خطاب به پیامبر گرامی اسلام بود. از آیه پونزدهم تا بله نوزدهم هم سیاق دومه که خطاب به کسانی‌ست که پیامبر به سوی آنها فرستاده شده و از آیه یعنی کلاً آیه بیستم هم که یه دونه تک آیه هست. این هم خطاب به پیامبر است هم خطاب به مؤمنین. ولی مسئله‌ای را درباره مؤمنین می‌خواد حل بکنه. مؤمنان که شباهتی در رفتار خودشون ایجاد کرده بودند بین خودشون و پیامبر خدا در مسئله تهجد و شبزنده‌داری خواست یه تخفیفی رو برای مؤمنان در این آیه صادر بکنه. عملاً سه تا سیاق. خب وقتی که سیاق‌ها معلوم میشه مرحله سوم سیاق‌ها رو باید جمع‌بندی کنیم. هر سیاق رو بتونیم ازش یک معنای منسجمی ارائه بکنیم. تو ذهن ما آیات این سیاق دیگه نباید پراکنده باشن. اگر از ما بپرسن این سیاق چی گفت؟ بتونیم بگیم اینو گفت. حالا ممکنه بیان ما در اینکه این سیاق چی گفت یه کم با هم فرق کنه. من با یه جمله‌بندی، شما با یه جمله‌بندی اینا. ولی اون اصل مطلب رو باید بتونیم درست تشخیص بدیم. جمع‌بندی سیاق‌ها. خب اما سیاق اول سوره م
… (truncated; see saved file for full transcript)

============================================================
SUMMARY
============================================================
Input file      : 004_آموزش تدبر در سوره مزّمّل - بخش سوم فایل۴ از سطح۲ سال۱۳۹۸ - علی.mp3
Provider        : ElevenLabs Scribe (scribe_v2)
Audio duration  : 1:01:29 (3688.81 s)
Requests        : 1
Billed duration : 3689 s (rounded up to nearest second)
Rate            : $0.22 / audio hour
Estimated cost  : $0.225427 USD
Transcript saved: Audios/Tadabor_Sobohi/Manaee/Term2/004/004_آموزش تدبر در سوره مزّمّل - بخش سوم فایل۴ از سطح۲ سال۱۳۹۸ - علی.txt
============================================================
[004] OK → 004_آموزش تدبر در سوره مزّمّل - بخش سوم فایل۴ از سطح۲ سال۱۳۹۸ - علی.txt (281175 bytes)

=== [005] Tue Sep  8 13:51:38 PDT 2026 ===
  input: Audios/Tadabor_Sobohi/Manaee/Term2/005/005_آموزش تدبر در سوره مزّمّل - بخش چهارم فایل۵ از سطح۲ سال۱۳۹۸ - علی.mp3
Provider: ElevenLabs Scribe (scribe_v2)
Progress file (updated after each chunk): Audios/Tadabor_Sobohi/Manaee/Term2/005/005_آموزش تدبر در سوره مزّمّل - بخش چهارم فایل۵ از سطح۲ سال۱۳۹۸ - علی.partial.txt
  preparing audio (005_آموزش تدبر در سوره مزّمّل - بخش چهارم فایل۵ از سطح۲ سال۱۳۹۸ - علی.mp3)...
  16:30 → 1 request(s)
  progress file: Audios/Tadabor_Sobohi/Manaee/Term2/005/005_آموزش تدبر در سوره مزّمّل - بخش چهارم فایل۵ از سطح۲ سال۱۳۹۸ - علی.partial.txt
  [1/1] 0:00–16:30 (5802 KB)...
      → 11315 chars: خب سوره مزمل سوالی دارین بازم؟ بفرمایید. مهلت بده یعنی من یه چند سباحی که تو دنیا هستن دارم مدارا می‌کنم. یعنی خداوند می‌خواد چیکار کنه؟ هم بیصبری نکنن. خدا می‌خاد بیصبری نکنه، عجل…

============================================================
TRANSCRIPTION (preview)
============================================================
خب سوره مزمل سوالی دارین بازم؟ بفرمایید. مهلت بده یعنی من یه چند سباحی که تو دنیا هستن دارم مدارا می‌کنم. یعنی خداوند می‌خواد چیکار کنه؟ هم بیصبری نکنن. خدا می‌خاد بیصبری نکنه، عجله نکنه در تقاضای عذاب بر اون‌ها یا در مثلاً برخورد فیزیکی با اون‌ها یا ترک کردن اون‌ها. مثلاً ما داریم در قرآن کریم جاهایی که خدا به پیامبر گرامی اسلام می‌فرماید "ولا تكن كصاحب الحوت". نکنه مثل یونس علیه السلام یه وقت اینجوری بکنی. یونس چیکار کرد؟ ایشون این بود که قبل از اینکه خدا اجازه بده قومشو ترک کرد. دیگه انقدر بهش فشار اومد گذاشت رفت. که بعد خدا با همین کار خب یونس علیه السلام رو در واقع خدا مقدر کرد که به د-دریا افتاد ماهی او رو بلعید و آن شد که میدونید دیگه. سؤال کردن امر به رسول در سیاق اول سوره مربوط به مؤمنین می‌شود. امر به مؤمنین است؟ خیر، امر به رسول است. آیا تخفیف در سیاق سوم مربوط به زمان نیست؟ تهسوها مربوط به زمان است که در جلسه قبلی اینو توضیح داده بودم که نه، اصلاً تهسوح به زمان نمی‌تونه مربوط باشه. "أَلَمْ أَلَنْ تَهْسُوهُ". چرا؟ چون اصلاً زمان اونجا خودش متغیره. مثلاً خدا نگفته بود دقیقاً نصف که این نفر بگه خب من نمی‌دونم دقیق نصف شد یا نه. چند ثانیه کمتر شد یا بیشتر شد، چند دقیقه کمتر شد یا بیشتر شد. از همون اول که خدا دستور داده بود فرموده بود "قُمِ اللَّيْلَ إِلَّا قَلِيلًا [نصفه] أَوِ انْقُصْ مِنْهُ قَلِيلًا أَوْ زِدْ عَلَيْهِ". یعنی اصلاً خود دستور در واقع یک حد اقل و حد اکثری داشت. خودش از نظر زمانی دقت خاصی، لحاظ دقت خاصی در اون دستور نشده بود. در برخی موارد از این سوره وجوب نماز شب مطرح شده، چگونه است؟ وجوب که نه. بله برای پیامبر وجوب اما برای دیگران استحباب نماز شب رو هم میشه از این سوره فهمید با این توضیح که نماز شب ظرف ترتیل قرآن در دل شبه. که البته من توصیه می‌کنم بخشی از سؤالاتی که پرسیدید ناظر به در واقع جلسه قبله که ما در جلسه قبل اینا رو تقریباً مفصل توضیح دادیم. سؤال بعدی در آیه بیست "وَاللَّهُ يُقَدِّرُ اللَّيْلَ وَالنَّهَارَ أَلَمْ أَلَنْ تَهْسُوهُ" چرا گفته نشد "وَاللَّهُ يُقَدِّرُ". ببینید خداوند "يُقَدِّرُ اللَّيْلَ وَالنَّهَارَ" اولاً "يُقَدِّرُ" به نظر حقیر به معنی اندازه‌گیری نیست با اینکه در بعضی از ترجمه‌ها همین معنی نوشته شده. ولی آنچه که حقی
… (truncated; see saved file for full transcript)

============================================================
SUMMARY
============================================================
Input file      : 005_آموزش تدبر در سوره مزّمّل - بخش چهارم فایل۵ از سطح۲ سال۱۳۹۸ - علی.mp3
Provider        : ElevenLabs Scribe (scribe_v2)
Audio duration  : 16:30 (990.07 s)
Requests        : 1
Billed duration : 991 s (rounded up to nearest second)
Rate            : $0.22 / audio hour
Estimated cost  : $0.060504 USD
Transcript saved: Audios/Tadabor_Sobohi/Manaee/Term2/005/005_آموزش تدبر در سوره مزّمّل - بخش چهارم فایل۵ از سطح۲ سال۱۳۹۸ - علی.txt
============================================================
[005] OK → 005_آموزش تدبر در سوره مزّمّل - بخش چهارم فایل۵ از سطح۲ سال۱۳۹۸ - علی.txt (93287 bytes)

=== [006] Tue Sep  8 13:52:26 PDT 2026 ===
  input: Audios/Tadabor_Sobohi/Manaee/Term2/006/006_آموزش تدبر در سوره مدّثّر - بخش اول فایل۶ از سطح۲ سال۱۳۹۸ - علی.mp3
Provider: ElevenLabs Scribe (scribe_v2)
Progress file (updated after each chunk): Audios/Tadabor_Sobohi/Manaee/Term2/006/006_آموزش تدبر در سوره مدّثّر - بخش اول فایل۶ از سطح۲ سال۱۳۹۸ - علی.partial.txt
  preparing audio (006_آموزش تدبر در سوره مدّثّر - بخش اول فایل۶ از سطح۲ سال۱۳۹۸ - علی.mp3)...
  47:58 → 1 request(s)
  progress file: Audios/Tadabor_Sobohi/Manaee/Term2/006/006_آموزش تدبر در سوره مدّثّر - بخش اول فایل۶ از سطح۲ سال۱۳۹۸ - علی.partial.txt
  [1/1] 0:00–47:58 (16864 KB)...
      → 25976 chars: سوره مبارکه مدثر مثل سوره مزمل. می‌خوایم تدبر کنیم. چند مرحله طی می‌کنیم بگید. مرحله اول، فهم آیات. فهم آیات رو انجام دادید؟ تمرین کردید؟ جایی ابهام، اشکال دارید؟ که مثلاً آیه‌ای ر…

============================================================
TRANSCRIPTION (preview)
============================================================
سوره مبارکه مدثر مثل سوره مزمل. می‌خوایم تدبر کنیم. چند مرحله طی می‌کنیم بگید. مرحله اول، فهم آیات. فهم آیات رو انجام دادید؟ تمرین کردید؟ جایی ابهام، اشکال دارید؟ که مثلاً آیه‌ای رو خوندید ترجمه‌اش رو مراجعه کردید یا خودتون ترجمه کردید ولی براتون جا نیفتاده این آیه چی میخواد بگه. داریم؟ بله. خب داریم تک و توک داریم. کلماتش بعضیا شاید دشوار بوده. من به معنی آیات ضمن اجرای مرحله دوم اشاره می‌کنم. یعنی مستقل مرحله اول رو نمیرم تا آخر. ما میخوایم الان مرحله دوم رو اجرا کنیم. ضمن اجرای مرحله دوم به معنی آیات توجه می‌کنیم. خب. مرحله دوم تشخیص سیاق‌های سوره است. فارغ از اینکه ما تو کتاب چی آوردیم و این حرفا، این سوره چند سیاق داره؟ چهار تا، سه تا، دو تا، شش تا. ماشالله. پنج تا. پنج تا. پنج تا. خب بذارید رو اولین سیاق. بذارید رو اولین سیاق. سیاق یک، آیه یک تا هفت. ده. سی و یک. سه تا قول شد. سه تا قول شد. یک تا، یک تا هفت، یک تا ده، یک تا سی و یک. قول دیگه هم داریم؟ سی. یک تا سی. دیگه نظر دیگه‌ای هم داریم؟ یک تا ده. خب داریم دیگه یک تا ده. خب بریم در قرآن کریم همه در محضر قرآن باشید. من فعلاً از روی پاورپوینت نمیرم چون پرده بعدی من سیاق بندیه. نمی‌خوام الان اون رو رو کنم. هر چند شماها کتاب دارید. ببینید از یک تا هفت که خب همه آمدیم، آمدیم دیگه. "یا ایها المدثر قم فانذر وربک فكبر وثيابک فطهر والرجز فاهجر ولا تمنن تستكثر ولربک فاصبر فإذا نقر في الناقور فذلك يومئذ يوم عسير على الكافرين غير يسير." این بزرگواری که آیه هشت رو از هفت جدا کرده، علی‌القاعده با خودش اینجوری گفته که از "یا ایها المدثر" تا آیه هفت همه خطاب به کی داره حرف می‌زنه؟ میگه ای مدثر "قم" دستوره، "انذر" دستوره، "ربک فکبر" دستوره، "ثيابک فطهر" دستوره، "والرجز فاهجر" دستوره، "ولا تمنن تستكثر" دستوره، "ولربک فاصبر" دستوره. اما "فإذا نقر في الناقور فذلك يومئذ يوم عسير على الكافرين غير يسير" اینا دیگه دستور به پیغمبر نیست. خدا می‌خواد بگه گویا از قیامت داره یه حرفی می‌زنه. اون وقتی که در شیپور قیامت دمیده شود، اون روز روز سختیه، بر کافران آسان نیست. خب ایشون، ایشون میگن ببین مخاطب عوض میشه. یعنی ما یه شاهدی داشته باشیم. اینو خدا به پیغمبر گفت، اینو به کافران. اینکه یه چیزی درباره کافران است، مساوی با این نیست که خطاب
… (truncated; see saved file for full transcript)

============================================================
SUMMARY
============================================================
Input file      : 006_آموزش تدبر در سوره مدّثّر - بخش اول فایل۶ از سطح۲ سال۱۳۹۸ - علی.mp3
Provider        : ElevenLabs Scribe (scribe_v2)
Audio duration  : 47:58 (2878.06 s)
Requests        : 1
Billed duration : 2879 s (rounded up to nearest second)
Rate            : $0.22 / audio hour
Estimated cost  : $0.175881 USD
Transcript saved: Audios/Tadabor_Sobohi/Manaee/Term2/006/006_آموزش تدبر در سوره مدّثّر - بخش اول فایل۶ از سطح۲ سال۱۳۹۸ - علی.txt
============================================================
[006] OK → 006_آموزش تدبر در سوره مدّثّر - بخش اول فایل۶ از سطح۲ سال۱۳۹۸ - علی.txt (218010 bytes)

=== [007] Tue Sep  8 13:54:01 PDT 2026 ===
  input: Audios/Tadabor_Sobohi/Manaee/Term2/007/007_آموزش تدبر در سوره مدّثّر - بخش دوم فایل۷ از سطح۲ سال۱۳۹۸ - علی.mp3
Provider: ElevenLabs Scribe (scribe_v2)
Progress file (updated after each chunk): Audios/Tadabor_Sobohi/Manaee/Term2/007/007_آموزش تدبر در سوره مدّثّر - بخش دوم فایل۷ از سطح۲ سال۱۳۹۸ - علی.partial.txt
  preparing audio (007_آموزش تدبر در سوره مدّثّر - بخش دوم فایل۷ از سطح۲ سال۱۳۹۸ - علی.mp3)...
  1:00:49 → 1 request(s)
  progress file: Audios/Tadabor_Sobohi/Manaee/Term2/007/007_آموزش تدبر در سوره مدّثّر - بخش دوم فایل۷ از سطح۲ سال۱۳۹۸ - علی.partial.txt
  [1/1] 0:00–1:00:49 (21384 KB)...
      → 33264 chars: عرض سلام و ادب و احترام محضر خواهران و برادران گرامی. عرض سلام و ادب و احترام. علیکم السلام. خواهش می‌کنم. علیکُم السلام و رحمة الله. شما هم همین طور. محضر خواهران و برادران گرامی …

============================================================
TRANSCRIPTION (preview)
============================================================
عرض سلام و ادب و احترام محضر خواهران و برادران گرامی. عرض سلام و ادب و احترام. علیکم السلام. خواهش می‌کنم. علیکُم السلام و رحمة الله. شما هم همین طور. محضر خواهران و برادران گرامی و امیدواریم که ان‌شاءالله خدا توفیق عطا بکنه بتونیم در این جلسه در محضر نورانی و با سعادت قرآن کریم قرار بگیریم و از این کتاب شریف و نورانی اه بهره ببریم. در این کتاب تدبر کنیم، نسبت به آیات اون متذکر بشیم ان‌شاءالله و بتونیم در زندگی خودمون بر پایه این کتاب شریف زندگی کنیم ان‌شاءالله [سرفه] به برکت صلوات بر محمد و آل محمد. اللهم صل على محمد و آل محمد. اما سوره مبارکه مدثر گفتیم در مقام تدبر مرحله اولشو تقریباً داشتیم می‌رفتیم گفتیم مرحله اول و دومو یه جورایی با هم پیش می‌رفتیم تا جایی که من حضور ذهن دارم سیاق‌های سوره مشخص شد تقریباً. درسته؟ بله. گفتیم این سوره دارای چند سیاقه؟ سه تا. سه تا. آیه یک تا ده و آیه یازده تا بفرمایید سیا- سی و هفت سی و هفت بله اینجاست و آیه سی و هشت تا پنجاه و شش. از آیه یک تا ده خطاب به پیامبر گرامی اسلامه و این آیات در صدد تأثیرگذاری روی اون حضرته که حالا وارد محتواش خواهیم شد. از آیه یازده تا سی و هفت درسته با خطاب به پیامبر آغاز میشه ولی وقتی آیاتو می‌خونیم متوجه می‌شیم که مسئله اصلی خطاب به پیغمبر یا گفتگویی با پیامبر نیست؛ بلکه بررسی اون دشمنی، عنادورزی و مخالفت مغرضانه‌ایست که سردمداران کفر و تکذیب قرآن دارن با قرآن انجام میدن. خداوند می‌خواد دارن معرفی کنه اینا چه سابقه ای دارن و بعد از این سابقه می‌خواد بگه با چه بیانی در مقابل قرآن ایستادن. بعد به تناسب این بیان اونها را تهدید کنه و جواب شبهه‌ی اونها رو هم بده که این تا آیه سی و هفت ادامه داره. ما یه سری بحث‌های ریزه‌کاری هم داشت که بعضیا تا آیه سی و یک، سی و دو رفته بودن و اینا در جلسه قبلی تقریباً جواب دادیم تا آیه سی و یک که حتما باید بریم. آیه سی و دو به بعدم "کلا والقمر" گفتیم اونم هنوز با توجه به کلایی که داره و با توجه به اینکه ضمیر "إنها لإحد الكبر" این داره به قرآن برمی‌گرده. لذا اون آیات هم جواب است به اون تهمتی که اون فرد معاند به قرآن زده بود. به خاطر همین بحثو ادامه دادیم تا خود آیه سی و هفت . و آیه سی و هشت دیگه ادامه بحث این انسان معاند لجوج عنود نیست. صحبت از مجموعه‌ای از آدم‌هاست که خ
… (truncated; see saved file for full transcript)

============================================================
SUMMARY
============================================================
Input file      : 007_آموزش تدبر در سوره مدّثّر - بخش دوم فایل۷ از سطح۲ سال۱۳۹۸ - علی.mp3
Provider        : ElevenLabs Scribe (scribe_v2)
Audio duration  : 1:00:49 (3649.39 s)
Requests        : 1
Billed duration : 3650 s (rounded up to nearest second)
Rate            : $0.22 / audio hour
Estimated cost  : $0.223018 USD
Transcript saved: Audios/Tadabor_Sobohi/Manaee/Term2/007/007_آموزش تدبر در سوره مدّثّر - بخش دوم فایل۷ از سطح۲ سال۱۳۹۸ - علی.txt
============================================================
[007] OK → 007_آموزش تدبر در سوره مدّثّر - بخش دوم فایل۷ از سطح۲ سال۱۳۹۸ - علی.txt (268154 bytes)

=== [008] Tue Sep  8 13:56:01 PDT 2026 ===
  input: Audios/Tadabor_Sobohi/Manaee/Term2/008/008_آموزش تدبر در سوره مدّثّر - بخش سوم فایل۸ از سطح۲ سال۱۳۹۸ - علی.mp3
Provider: ElevenLabs Scribe (scribe_v2)
Progress file (updated after each chunk): Audios/Tadabor_Sobohi/Manaee/Term2/008/008_آموزش تدبر در سوره مدّثّر - بخش سوم فایل۸ از سطح۲ سال۱۳۹۸ - علی.partial.txt
  preparing audio (008_آموزش تدبر در سوره مدّثّر - بخش سوم فایل۸ از سطح۲ سال۱۳۹۸ - علی.mp3)...
  1:12:21 → 1 request(s)
  progress file: Audios/Tadabor_Sobohi/Manaee/Term2/008/008_آموزش تدبر در سوره مدّثّر - بخش سوم فایل۸ از سطح۲ سال۱۳۹۸ - علی.partial.txt
  [1/1] 0:00–1:12:21 (25439 KB)...
      → 40040 chars: اعوذ بالله من الشيطان الرجيم. بسم الله الرحمن الرحيم. [سرفه] سیاق دوم سوره مبارکه مدثر رو داریم جمع‌بندی می‌کنیم. تا اینجا به این شکل بحث پیش آمده که گفتیم خداوند کسی رو معرفی می‌ک…

============================================================
TRANSCRIPTION (preview)
============================================================
اعوذ بالله من الشيطان الرجيم. بسم الله الرحمن الرحيم. [سرفه] سیاق دوم سوره مبارکه مدثر رو داریم جمع‌بندی می‌کنیم. تا اینجا به این شکل بحث پیش آمده که گفتیم خداوند کسی رو معرفی می‌کنه با ثروت زیاد، قدرت زیاد، نفوذ زیاد که چنین فردی در مقام عناد با آیات الهی و دشمنی با آیات الهی برآمده و خدا هم در یک آیه، آیه هفده او را تهدید کرده. [سرفه] ادامه آیات، یه فرازی آیه شونزده رو می‌خواد شرح بده و یه فرازی آیه هفده رو. آیه شونزده که عناد با آیات الهی‌ست، شرح داده شد و من توضیحش رو دادم که این فرد چگونه طرحی را ایجاد می‌کنه و با سوءاستفاده از قدرت خودش این طرح رو جلو می‌بره و قرآن رو در سه لایه متهم می‌کنه. سحر است، قدیمی‌ست، بشری‌ست. و حالا اون تهدید "سأُرهقهُ سعُراً" را تو فراز بعد توضیح میده. "سأُصلیه سقر". او را می‌افکنم به سقر. سقر یکی از اسامی دوزخه، جهنم. "وما أدراک ما سقر". کی تو را آگاه کرد که سقر چیه؟ گفتیم این سؤال معمولاً وقتی پرسیده میشه می‌خواد عظمت رو بفهمونه. یعنی اون سقر یک مسئله عظیمی‌ست، یک عذاب عظیمی‌ست، شوخی‌بردار نیست. "وما أدراک ما سقر". "لا تبقي ولا تذر". باقی نمی‌گذارد چیزی را الا اینکه می‌سوزاند و رها نمی‌کند چیزی را از دایره سوزاندن. این یه معنا. یه معنا هم "لا تبقي ولا تذر" مثل "لا يموت فيها ولا يحيا". یعنی نه انس-- نه باقی می‌گذارد تا زندگی کند، نه رها می‌کند تا بمیرد. مثل اینکه اون فرد را می‌خواد بین زندگی و دنیا، دوزخیان را می‌خواد بین حیات و مرگ معلق نگه داره. "لا يموت فيها ولا يحيا". سقر عذابی‌ست که "لا تبقي ولا تذر". "لواحة للبشر". لواحه یعنی برکننده. بشر یعنی پوست. اون چه که از بدن بیرون بدنه، اون قسمت بیرونی. برکننده پوست و گوشت بدن است. "لواحة للبشر عليها تسعة عشر". بر فراز این سقر نوزده تا هستند که نگفته نوزده تا چی؟ ولی از آیه بعدی فهمیده میشه نوزده تا فرشته که فرشته‌های عذاب‌اند که خدا در قرآن توصیفشون کرده "ملائكة غلاب شداد". ملائکه‌ای بسیار سخت‌گیر، بسیار جدی که نسبت به فرمان خدا کمترین تخلفی نمی‌کنند. "لا يعصون الله ما أمرهم". کمترین تخلفی نمی‌کنند. هرچه را که خدا فرمان می‌دهد در عذاب دوزخیان بی‌کم و کاست اجرا می‌کنند. آیه بیست و شش تا سی "سأُرهقهُ سعُراً" را توضیح داد. یعنی این طور عذابی را، او را به این طور عذابی گرفتار می‌کنم، خدا
… (truncated; see saved file for full transcript)

============================================================
SUMMARY
============================================================
Input file      : 008_آموزش تدبر در سوره مدّثّر - بخش سوم فایل۸ از سطح۲ سال۱۳۹۸ - علی.mp3
Provider        : ElevenLabs Scribe (scribe_v2)
Audio duration  : 1:12:21 (4341.49 s)
Requests        : 1
Billed duration : 4342 s (rounded up to nearest second)
Rate            : $0.22 / audio hour
Estimated cost  : $0.265313 USD
Transcript saved: Audios/Tadabor_Sobohi/Manaee/Term2/008/008_آموزش تدبر در سوره مدّثّر - بخش سوم فایل۸ از سطح۲ سال۱۳۹۸ - علی.txt
============================================================
[008] OK → 008_آموزش تدبر در سوره مدّثّر - بخش سوم فایل۸ از سطح۲ سال۱۳۹۸ - علی.txt (336682 bytes)

=== [009] Tue Sep  8 13:58:22 PDT 2026 ===
  input: Audios/Tadabor_Sobohi/Manaee/Term2/009/009_آموزش تدبر در سوره مدّثّر - بخش چهارم فایل۹ از سطح۲ سال۱۳۹۸ - علی.mp3
Provider: ElevenLabs Scribe (scribe_v2)
Progress file (updated after each chunk): Audios/Tadabor_Sobohi/Manaee/Term2/009/009_آموزش تدبر در سوره مدّثّر - بخش چهارم فایل۹ از سطح۲ سال۱۳۹۸ - علی.partial.txt
  preparing audio (009_آموزش تدبر در سوره مدّثّر - بخش چهارم فایل۹ از سطح۲ سال۱۳۹۸ - علی.mp3)...
  1:06:29 → 1 request(s)
  progress file: Audios/Tadabor_Sobohi/Manaee/Term2/009/009_آموزش تدبر در سوره مدّثّر - بخش چهارم فایل۹ از سطح۲ سال۱۳۹۸ - علی.partial.txt
  [1/1] 0:00–1:06:29 (23373 KB)...
      → 36061 chars: اعوذ بالله من الشيطان الرجيم. بسم الله الرحمن الرحيم. الحمد لله رب العالمين وصلى الله على سيدنا ونبينا حبيب اله العالمين ابى القاسم المصطفى محمد اللهم صل على محمد وآل محمد. وعلى آل…

============================================================
TRANSCRIPTION (preview)
============================================================
اعوذ بالله من الشيطان الرجيم. بسم الله الرحمن الرحيم. الحمد لله رب العالمين وصلى الله على سيدنا ونبينا حبيب اله العالمين ابى القاسم المصطفى محمد اللهم صل على محمد وآل محمد. وعلى آله الطيبين الطاهرين ولعنة الله على أعدائهم أجمعين من الآن إلى قيام يوم الدين. عرض سلام و ادب و احترام محضر خواهران و برادران گرامی. خدا رو شکر میکنیم که توفیق داریم در پیشگاه مقدس و نورانی قرآن کریم حاضریم و آرزو میکنیم خدای بزرگ شایستگی درک عمیق و صحیح از کلام خودش رو به ما عطا کنه. ما رو اهل انس با قرآن، اهل تدبر در قرآن و اهل تمسک به آموزه های نورانی قرآن کریم قرار بده. به برکت صلوات بر محمد و آل محمد. اللهم صل على محمد وآل محمد. اما سوره مبارکه مدثر. مراحل اول و دوم تدبرش طی شد. معلوم شد سوره دارای سه سیاقه، یک تا ده که در این سیاق خطاب به پیامبر گرامی اسلام صحبت شده، یازده تا سی و هفت که محور مباحثش در واقع یک نوع عناد ورزی و دشمنی با آیات الهی رو مطرح کرد، توضیحش داد و جواب های متناسب با اون رو هم ذکر کرد و سیاق سوم آیه سی و هشت تا پنجاه و شش که انشاالله در این جلسه می خواییم جمع بندی بکنیم که مرحله سوم تدبر هم کامل بشه. در واقع مرحله سوم که جمع بندی سیاق هاست، در سیاق یک جمع بندی مشخص شد. گفتیم بحث اصلی قم فأنذر است. در حقیقت فرمان دادن خدا به اون حضرت به پیامبر گرامی اسلام جهت قیام منزانه ادامه قیام منزانه است و در سیاق دوم هم که در واقع باز جمع بندی انجام شد، مشخص شد که اون خلاصه بحث کان لآیاتنا عنیدا سأرهقه سعودا است. یعنی پاسخیست دندان شکن به اون کسانی که نسبت به آیات الهی عناد ورزی می‌کنند. عالمانه، عامدانه شبهه افکنی می‌کنند. جواب اونا رو میخواد بده. و اما سیاق سوم که در این جلسه انشاالله میخوایم با هم بخونیم از آیه سی و هشتم آغاز میشه. یه صلوات بفرستید تا شروع کنیم. اللهم صل على محمد وآل محمد. سی و هشت تا پنجاه و شش. اعوذ بالله من الشيطان الرجيم. کل نفس بما كسبت رهينة. ببینید این كل نفس بما كسبت رهينة دیگه یه آغازه. نه عطف دارید شما بگید عطف شده نه مفهومش در راستای پاسخ به اون فردی است که شبهه درباره قرآن مطرح کرد، عناد ورزی کرد، نه جواب شبهه اوست، نه تهدید اوست. یه بحث کلی درباره همه انسان‌ها خدا می‌خواد مطرح بکنه. كل نفس بما كسبت رهينة همه انسان‌ها [مکث] رهینه از همون رهن خو
… (truncated; see saved file for full transcript)

============================================================
SUMMARY
============================================================
Input file      : 009_آموزش تدبر در سوره مدّثّر - بخش چهارم فایل۹ از سطح۲ سال۱۳۹۸ - علی.mp3
Provider        : ElevenLabs Scribe (scribe_v2)
Audio duration  : 1:06:29 (3988.98 s)
Requests        : 1
Billed duration : 3989 s (rounded up to nearest second)
Rate            : $0.22 / audio hour
Estimated cost  : $0.243771 USD
Transcript saved: Audios/Tadabor_Sobohi/Manaee/Term2/009/009_آموزش تدبر در سوره مدّثّر - بخش چهارم فایل۹ از سطح۲ سال۱۳۹۸ - علی.txt
============================================================
[009] OK → 009_آموزش تدبر در سوره مدّثّر - بخش چهارم فایل۹ از سطح۲ سال۱۳۹۸ - علی.txt (298018 bytes)

=== [010] Tue Sep  8 14:00:35 PDT 2026 ===
  input: Audios/Tadabor_Sobohi/Manaee/Term2/010/010_آموزش تدبر در سوره مدّثّر- بخش پنجم فایل۱۰ از سطح۲ سال۱۳۹۸ - علی.mp3
Provider: ElevenLabs Scribe (scribe_v2)
Progress file (updated after each chunk): Audios/Tadabor_Sobohi/Manaee/Term2/010/010_آموزش تدبر در سوره مدّثّر- بخش پنجم فایل۱۰ از سطح۲ سال۱۳۹۸ - علی.partial.txt
  preparing audio (010_آموزش تدبر در سوره مدّثّر- بخش پنجم فایل۱۰ از سطح۲ سال۱۳۹۸ - علی.mp3)...
  1:07:38 → 1 request(s)
  progress file: Audios/Tadabor_Sobohi/Manaee/Term2/010/010_آموزش تدبر در سوره مدّثّر- بخش پنجم فایل۱۰ از سطح۲ سال۱۳۹۸ - علی.partial.txt
  [1/1] 0:00–1:07:38 (23776 KB)...
      → 38374 chars: بسم الله الرحمن الرحیم. [سرفه] سلام عرض می‌کنم مجدداً خدمت خواهران و برادران گرامی. درباره جمع‌بندی سیاق سوم سوره مدثر یه مطلب تکمیلی رو یعنی یک مرور تکمیلی داشته باشیم و مرحله چها…

============================================================
TRANSCRIPTION (preview)
============================================================
بسم الله الرحمن الرحیم. [سرفه] سلام عرض می‌کنم مجدداً خدمت خواهران و برادران گرامی. درباره جمع‌بندی سیاق سوم سوره مدثر یه مطلب تکمیلی رو یعنی یک مرور تکمیلی داشته باشیم و مرحله چهارم تدبر در این سوره رو اجرا کنیم. قبلاً هم اشاره کردم که وقتی می‌خوایم یک سیاقی رو جمع‌بندی بکنیم، جمع‌بندی نوعی تجزیه تحلیله. واسه اینکه این سیاق را می‌خوایم تجزیه تحلیل کنیم. اسمش روشه، تجزیه تحلیل. تجزیه کنیم یعنی عناصر اصلی مفهوم را بشناسیم. ببینید الان من در این سیاق چهار تا سر فصل نوشتم، این تجزیه است. یعنی آمدیم گفتیم که، گفتیم که حرف اول این سیاق اینه که هر کسی در گرو اعمال و اخلاق و افکارشه مگر اصحاب یمین که نمی‌شه گفت در گرو‌اند. اونا بالاخره بار منفی برای اونا نداره، اونا بهره‌مندند نه اینکه در گرو باشند. این سر فصل اول، حرف اول این سیاق. از اینجا منتقل شد به یک سؤال و جوابی بین اصحاب الیمین بهشتی با مجرمان جهنمی. در این سؤال و جواب موضوع چی بود؟ موضوع علت جهنمی شدن مجرمان بود. چرا جهنمی شدی؟ جوابشون هم چهار تا مطلب بود. بی‌نماز بودیم، اطعام مسکین نمی‌کردیم، با اراجیف و اباطیل گویان هم‌نشین بودیم، روز جزا را تکذیب می‌کردیم. پس سؤال و جوابی شد بین اصحاب الیمین و مجرمین درباره علت جهنمی شدن مجرمان. حرف سوم. بعد از این سؤال و جواب، خدا اعراض از تذکره را برد زیر سؤال. وقتی معلوم شد که چرا انسان جهنمی می‌شه، خب تذکره آمده که آدم را از جهنمی شدن نجات بده. چرا از تذکره پس اعراض می‌کنند؟ خدا این اعراض را ریشه‌یابی کرد. در حقیقت حرف سوم بررسی ریشه‌های اعراضه. چرا اعراض کردند؟ به خاطر کبر. چرا اعراض کردند؟ به خاطر عدم ترس از آخرت، آخرت سنج نبودنشون. اگر کسی تا اینجای سیاق همراهی کرده باشه، دل داده باشه، علیالقاعده اینجا میگه پس من از تذکره اعراض نکنم. من از تذکره ذرت بهره ببرم. خدا اینجا می‌خواد بگه اگر می‌خوای از تذکره استفاده کنی خدا باید بخواد. کسی از تذکره بهره نمی‌بره مگر اینکه کی بخواد؟ خدا. خدا بخواد. خدا هم نمی‌خواد مگر برای کسانی که از در تقوا و مغفرت وارد بشوند. چرا؟ چون خدا اهل تقوا و مغفرته. این تجزیه. حالا آقا تحلیل کنید. در مقام تحلیل این یه مطلب کلی‌ست که مقدمه واقع شده برای این سؤال و جواب. یعنی مطلب اول یا اون فراز اول نسبت به فراز دوم مقدمه است، فرعیه. سؤال و جواب این اس
… (truncated; see saved file for full transcript)

============================================================
SUMMARY
============================================================
Input file      : 010_آموزش تدبر در سوره مدّثّر- بخش پنجم فایل۱۰ از سطح۲ سال۱۳۹۸ - علی.mp3
Provider        : ElevenLabs Scribe (scribe_v2)
Audio duration  : 1:07:38 (4057.67 s)
Requests        : 1
Billed duration : 4058 s (rounded up to nearest second)
Rate            : $0.22 / audio hour
Estimated cost  : $0.247969 USD
Transcript saved: Audios/Tadabor_Sobohi/Manaee/Term2/010/010_آموزش تدبر در سوره مدّثّر- بخش پنجم فایل۱۰ از سطح۲ سال۱۳۹۸ - علی.txt
============================================================
[010] OK → 010_آموزش تدبر در سوره مدّثّر- بخش پنجم فایل۱۰ از سطح۲ سال۱۳۹۸ - علی.txt (322679 bytes)

=== [011] Tue Sep  8 14:03:08 PDT 2026 ===
  input: Audios/Tadabor_Sobohi/Manaee/Term2/011/011_آموزش تدبر در سوره قیامت - بخش اول فایل۱۱ از سطح۲ سال۱۳۹۸ - علی.mp3
Provider: ElevenLabs Scribe (scribe_v2)
Progress file (updated after each chunk): Audios/Tadabor_Sobohi/Manaee/Term2/011/011_آموزش تدبر در سوره قیامت - بخش اول فایل۱۱ از سطح۲ سال۱۳۹۸ - علی.partial.txt
  preparing audio (011_آموزش تدبر در سوره قیامت - بخش اول فایل۱۱ از سطح۲ سال۱۳۹۸ - علی.mp3)...
  1:08:13 → 1 request(s)
  progress file: Audios/Tadabor_Sobohi/Manaee/Term2/011/011_آموزش تدبر در سوره قیامت - بخش اول فایل۱۱ از سطح۲ سال۱۳۹۸ - علی.partial.txt
  [1/1] 0:00–1:08:13 (23984 KB)...
      → 37169 chars: اعوذ بالله من الشيطان الرجيم. بسم الله الرحمن الرحيم. عرض سلام و ادب و احترام محضر خواهران و برادران گرامی. خدا رو شکر می‌کنیم که توفیق داریم در پیشگاه مقدس قرآن کریم حاضریم. آرزو …

============================================================
TRANSCRIPTION (preview)
============================================================
اعوذ بالله من الشيطان الرجيم. بسم الله الرحمن الرحيم. عرض سلام و ادب و احترام محضر خواهران و برادران گرامی. خدا رو شکر می‌کنیم که توفیق داریم در پیشگاه مقدس قرآن کریم حاضریم. آرزو می‌کنیم خدای بزرگ این توفیق رو تا آخرین لحظه زندگی از ما سلب نکنه. ما رو با قرآن زنده بداره، با قرآن کریم بمیرانه و با قرآن محشور کنه، به برکت صلوات بر محمد و آل محمد. اللهم صل على محمد و آل محمد. ان شاء الله اگر خدا بخواد امروز در محضر نورانی و ملکوتی سوره مبارکه قیامت خواهیم بود. سوره مبارکه مدثر سؤالاتش ان شاء الله تو اولین فرصت جواباش گذاشته میشه روی این کانال. کسایی که سؤالاتی داده بودند کتبی و هنوز جواب به اون‌ها داده نشده، ان شاء الله تو اولین فرصت جواب‌هاش روی کانال قرار می‌گیره. اما سوره قیامت هم بنا بود که شما عزیزان وقت بگذارید و تمام مراحل تدبر رو روی این سوره مبارک پیاده کنید. اولین مرحله در تدبر فهم آیات یک سوره است که خب به طور طبیعی این کار رو انجام دادید. قهراً کسی که می‌خواهد در یک سوره ای تدبر بکنه باید آیات اون سوره رو بفهمه. این روشنه. بعد از اینکه آیات فهمیده شد نوبت می‌رسه به تشخیص سیاق‌های سوره. اصطلاحاً ساختار سوره رو بتونه تشخیص بده، ورود و خروج پاراگراف‌ها رو بتونه تشخیص بده که این کار هم قواعدی داره؛ باید مفهوم آیات رو با هم مقایسه کنه و با توجه به مقایسه‌ای که بین مفهوم آیات انجام میده بگه که مثلاً این آیه ادامه مفاهیمی که آیات قبلی راجع بهش صحبت می‌کرد نیست یا هست. تو اصطلاح ما بگه این آیه متصل به قبل هست یا نیست. اگه متصل بود که متصله اگر جدا بود، منفصل بود، سرآغاز یک بحث بود، این یعنی شروع سیاق جدید. گفتیم توی این بررسی علاوه بر اینکه مفاهیم رو داره بررسی می‌کنه متدبر لازم است که به بعضی از مسائل ادبی و لفظی هم توجه کنه. ما بهش می‌گیم قرائن. قرائن جمع قرینه است. قرینه یعنی یه نشانه. یه نشانه‌هایی تو لفظ وجود داره گاهی که تکلیف متدبر رو معلوم می‌کنه، مشخص می‌کنه برای او که بله مثلاً این مطلب اینجا تمام میشه، اینجا شروع میشه. در مرحله سوم این است که هر سیاق رو باید جمع‌بندی کنه. جمع‌بندی کردن هر سیاق رو هم داریم تمرین می‌کنیم با هم. عناصر اصلی این سیاق رو بررسی کنه، نسبت اون‌ها رو با همدیگه بسنجه. اصطلاحاً یک تجزیه تحلیل باید ارائه بده از محتوای سیاق. به گونه‌
… (truncated; see saved file for full transcript)

============================================================
SUMMARY
============================================================
Input file      : 011_آموزش تدبر در سوره قیامت - بخش اول فایل۱۱ از سطح۲ سال۱۳۹۸ - علی.mp3
Provider        : ElevenLabs Scribe (scribe_v2)
Audio duration  : 1:08:13 (4093.13 s)
Requests        : 1
Billed duration : 4094 s (rounded up to nearest second)
Rate            : $0.22 / audio hour
Estimated cost  : $0.250136 USD
Transcript saved: Audios/Tadabor_Sobohi/Manaee/Term2/011/011_آموزش تدبر در سوره قیامت - بخش اول فایل۱۱ از سطح۲ سال۱۳۹۸ - علی.txt
============================================================
[011] OK → 011_آموزش تدبر در سوره قیامت - بخش اول فایل۱۱ از سطح۲ سال۱۳۹۸ - علی.txt (310591 bytes)

=== [012] Tue Sep  8 14:05:23 PDT 2026 ===
  input: Audios/Tadabor_Sobohi/Manaee/Term2/012/012_آموزش تدبر در سوره قیامت - بخش دوم فایل۱۲ از سطح۲ سال۱۳۹۸ - علی.mp3
Provider: ElevenLabs Scribe (scribe_v2)
Progress file (updated after each chunk): Audios/Tadabor_Sobohi/Manaee/Term2/012/012_آموزش تدبر در سوره قیامت - بخش دوم فایل۱۲ از سطح۲ سال۱۳۹۸ - علی.partial.txt
  preparing audio (012_آموزش تدبر در سوره قیامت - بخش دوم فایل۱۲ از سطح۲ سال۱۳۹۸ - علی.mp3)...
  1:04:05 → 1 request(s)
  progress file: Audios/Tadabor_Sobohi/Manaee/Term2/012/012_آموزش تدبر در سوره قیامت - بخش دوم فایل۱۲ از سطح۲ سال۱۳۹۸ - علی.partial.txt
  [1/1] 0:00–1:04:05 (22529 KB)...
      → 39459 chars: السلام علیک یا محمد اللهم صل علی محمد و آل محمد و عجل فرجهم. اما سیاق اول رو میخوایم جمع‌بندی بکنیم در سوره مبارکه قیامت. سیاق اول دو تا آیه است بدون جواب سوگند. این علامت سؤال یعن…

============================================================
TRANSCRIPTION (preview)
============================================================
السلام علیک یا محمد اللهم صل علی محمد و آل محمد و عجل فرجهم. اما سیاق اول رو میخوایم جمع‌بندی بکنیم در سوره مبارکه قیامت. سیاق اول دو تا آیه است بدون جواب سوگند. این علامت سؤال یعنی جواب سوگند نداریم. لا اقسم بيوم القيامة ولا اقسم بالنفس اللوامة. نگاه کنید یه بيوم القيامة داریم، یه بنفس-- بالنفس اللوامة. نفس لوامه چیه؟ [پچ،پچ] nefsi که انسان را چه می‌کند؟ لوم. لوم یعنی ملامت. سرزنش می‌کند انسان را. نفس سرزنش‌گر. این نفس چرا انسان را سرزنش میکنه؟ کجاها انسان را سرزنش میکنه؟ [پچ،پچ] جایی که انسان خلاف فطرش، خلاف وجدانش، خلاف باورهایش حرکتی انجام میده، خود این نفس انسان شروع میکنه به ملامت کردن او. یعنی شروع میکنه به محاکمه کردن او. این برای همه ما شاید پیش آمده باشه. عذاب وجدان، وجدان درد. یه حرفی زدم، یه کاری کردم که الان خودم از دست خودم ناراحتم. خودم، خودمو ملامت می‌کنم. دقت کنید نفس لوامه یه نفس نیست بگیم یه نفس داریم لوامه است. یه نفس داریم اماره است. یه نفس داریم مطمئنه است. یه نفس داریم ملهمه است. انسان یه نفس بیشتر ندارد. یک نفس، یک حقیقت داره. اما این نفس انسان صفاتی دارد. یک صفتش لوامه است، یک صفتش اماره است، یک صفتش مطمئنه است، یک صفتش ملهمه است و صفات دیگر. این‌ها صفات نفسه، شئونات نفسه. نفس انسان گاهی در جایگاه اماره بالسوء ظهور می‌کند. یعنی گویا انسان خودش می‌خواد خودشو به بدی چه کند؟ فرمان بدهد. خود انسان گویا می‌خواد خودش را به بدی دعوت کند. این میشه اماره بالسوء. همین نفس انسان گاهی اوقات وقتی انسان بدی را مرتکب میشه همین نفس می‌خواد خود انسان رو چه کند؟ سرزنش کند، محاکمه کند. بگه چه کاری بود کردی؟ کسی نیست بهش بگه آخه نامرد خودت گفتی. این انسان انقدر پیچیده‌ست. خودش، خودش را به بدی دعوت میکنه. بدی که مرتکب شد خودش، خودشو ملامت میکنه. چرا این کارو کردی؟ این به خاطر طبقات مختلفی است. به خاطر اون رتبه‌های متعدد است که در نفس ما هست. نفس ما رتبه فطری دارد، رتبه الهی دارد. یه دونه هم رتبه چی داره؟ مادی و غریزی داره. این رتبه فطری و الهی گاهی کارو دست میگیره. او بر بدی‌ها ملامت میکنه. این رتبه‌ی غریزی و مادی گاهی کار رو دست میگیره. او به بدی‌ها امر میکنه. یک نفس است با رتبه‌های مختلف. فقط حواسمون جمع باشه. شیطان خیلی زرنگه. شیطان همونقدر که میتونه از نفس ا
… (truncated; see saved file for full transcript)

============================================================
SUMMARY
============================================================
Input file      : 012_آموزش تدبر در سوره قیامت - بخش دوم فایل۱۲ از سطح۲ سال۱۳۹۸ - علی.mp3
Provider        : ElevenLabs Scribe (scribe_v2)
Audio duration  : 1:04:05 (3844.91 s)
Requests        : 1
Billed duration : 3845 s (rounded up to nearest second)
Rate            : $0.22 / audio hour
Estimated cost  : $0.234967 USD
Transcript saved: Audios/Tadabor_Sobohi/Manaee/Term2/012/012_آموزش تدبر در سوره قیامت - بخش دوم فایل۱۲ از سطح۲ سال۱۳۹۸ - علی.txt
============================================================
[012] OK → 012_آموزش تدبر در سوره قیامت - بخش دوم فایل۱۲ از سطح۲ سال۱۳۹۸ - علی.txt (326935 bytes)

=== [013] Tue Sep  8 14:07:48 PDT 2026 ===
  input: Audios/Tadabor_Sobohi/Manaee/Term2/013/013_آموزش تدبر در سوره قیامت - بخش سوم فایل۱۳ از سطح۲ سال۱۳۹۸ - علی.mp3
Provider: ElevenLabs Scribe (scribe_v2)
Progress file (updated after each chunk): Audios/Tadabor_Sobohi/Manaee/Term2/013/013_آموزش تدبر در سوره قیامت - بخش سوم فایل۱۳ از سطح۲ سال۱۳۹۸ - علی.partial.txt
  preparing audio (013_آموزش تدبر در سوره قیامت - بخش سوم فایل۱۳ از سطح۲ سال۱۳۹۸ - علی.mp3)...
  1:12:39 → 1 request(s)
  progress file: Audios/Tadabor_Sobohi/Manaee/Term2/013/013_آموزش تدبر در سوره قیامت - بخش سوم فایل۱۳ از سطح۲ سال۱۳۹۸ - علی.partial.txt
  [1/1] 0:00–1:12:39 (25541 KB)...
      → 40570 chars: بسم الله الرحمن الرحیم و به نستعین. الحمد لله رب العالمین و صلی الله على سيدنا و نبينا حبيب اله العالمین ابی القاسم المصطفی محمد. اللهم صل على محمد و آل محمد و عجل فرجهم. عرض سلام …

============================================================
TRANSCRIPTION (preview)
============================================================
بسم الله الرحمن الرحیم و به نستعین. الحمد لله رب العالمین و صلی الله على سيدنا و نبينا حبيب اله العالمین ابی القاسم المصطفی محمد. اللهم صل على محمد و آل محمد و عجل فرجهم. عرض سلام و ادب و احترام محضر خواهران و برادران گرامی. سوره قیامت رو هفته گذشته آغاز کردیم تا یک جایی بحثش رو پیش بردیم. مرحله اول تدبر که فهم آیات سوره بود. گفتیم اینو در لابلای بحثامون ما پیاده میکنیم. طبیعتا شما در تکلیفتون این رو به عنوان یک مرحله مستقل وارد میشید. آیاتو دونه دونه میخونید، می فهمید. مرحله دوم که تشخیص سیاق‌های سوره بود. ما در جلسه قبلی به این نتیجه رسیدیم که این سوره مبارکه دارای چند سیاقه؟ آیه یک و دو به عنوان طلیعه سیاق اول و آیه سه تا سی و پنج به عنوان سیاق دوم و آیه سی و شش تا آخر سوره هم سیاق سوم. فقط این توضیح لازم بود. ما در لابلای بحثامون بهش رسیدیم که به آیات معترضه رسیده بودیم از آیه شونزده تا نوزده میخواستیم ببینیم که این آیات معترضه آیا خودش یه سیاق مجزا محسوب میشه قبل و بعدش هم هر کدوم یه سیاق یا نه با هم یه سیاق بگیریم و این آیات رو معترضه داخل همین سیاق در نظر بگیریم. با توجه به توضیحاتی که در جلسه قبلی دادم به تفصیل گفتیم که در اینجا اولویت با اینه که کلشو یه سیاق بگیریم و این آیات رو معترضه داخل همین سیاق در نظر بگیریم. اونم به طور خلاصه این بود که در این موارد نگاه می‌کنیم به بعد معترضه ببینیم اون آیاتی که بعد معترضه آمده آیا با ادبیات شروع بحث رو در واقع پی گرفته و یا نه ادبیاتش اتصال داره به قبل که در اینجا دیدیم بلافاصله بعد از معترضه داریم کلا بل تحبون العاجلة. این کلا بل هم کلا هم بل جفتشون ادات اتصالی هستند. یعنی ما بعد خود را به ما قبل خود چه می‌کنند؟ متصل می‌کنند. و آیا این ما بعد رو داشتن به اون جمله‌های معترضه قبلش متصل می‌کردن؟ نه. به جمله‌های قبل از اون داشتن متصل می‌کردن. خب اینم در واقع خواستم یه تکراری کنم که اگر کسی احیاناً مطلب رو احتیاج به در واقع تأکید و تکرار داشته حل بشه. سیاق اولو که جمع‌بندی کردیم جمع بندیش هم ساده بود. کلاً دو تا آیه بیشتر نبود که گفتیم در حقیقت خدا می‌خواد با اشاره به نفس لوامه فضایی را برای باور هرچه بیشتر روز قیامت ایجاد بکنه و البته با تأکید. سیاق دوم سوره رو یک مروری بکنیم ببینیم به کجا رسیدیم. هنوز جمع بندیش تمام ن
… (truncated; see saved file for full transcript)

============================================================
SUMMARY
============================================================
Input file      : 013_آموزش تدبر در سوره قیامت - بخش سوم فایل۱۳ از سطح۲ سال۱۳۹۸ - علی.mp3
Provider        : ElevenLabs Scribe (scribe_v2)
Audio duration  : 1:12:39 (4358.88 s)
Requests        : 1
Billed duration : 4359 s (rounded up to nearest second)
Rate            : $0.22 / audio hour
Estimated cost  : $0.266376 USD
Transcript saved: Audios/Tadabor_Sobohi/Manaee/Term2/013/013_آموزش تدبر در سوره قیامت - بخش سوم فایل۱۳ از سطح۲ سال۱۳۹۸ - علی.txt
============================================================
[013] OK → 013_آموزش تدبر در سوره قیامت - بخش سوم فایل۱۳ از سطح۲ سال۱۳۹۸ - علی.txt (340311 bytes)

=== [014] Tue Sep  8 14:10:12 PDT 2026 ===
  input: Audios/Tadabor_Sobohi/Manaee/Term2/014/014_آموزش تدبر در سوره قیامت - بخش چهارم فایل۱۴ از سطح۲ سال۱۳۹۸ - علی.mp3
Provider: ElevenLabs Scribe (scribe_v2)
Progress file (updated after each chunk): Audios/Tadabor_Sobohi/Manaee/Term2/014/014_آموزش تدبر در سوره قیامت - بخش چهارم فایل۱۴ از سطح۲ سال۱۳۹۸ - علی.partial.txt
  preparing audio (014_آموزش تدبر در سوره قیامت - بخش چهارم فایل۱۴ از سطح۲ سال۱۳۹۸ - علی.mp3)...
  21:15 → 1 request(s)
  progress file: Audios/Tadabor_Sobohi/Manaee/Term2/014/014_آموزش تدبر در سوره قیامت - بخش چهارم فایل۱۴ از سطح۲ سال۱۳۹۸ - علی.partial.txt
  [1/1] 0:00–21:15 (7470 KB)...
      → 11662 chars: اعوذ بالله من الشيطان الرجيم. بسم الله الرحمن الرحيم. سیاق سوم سوره مبارکه قیامت رو هم جمع‌بندی کردیم. یه بار دیگه برای کسانی که احیاناً متوجه مطلب بنده نشده باشن در سیاق سوم، یه ب…

============================================================
TRANSCRIPTION (preview)
============================================================
اعوذ بالله من الشيطان الرجيم. بسم الله الرحمن الرحيم. سیاق سوم سوره مبارکه قیامت رو هم جمع‌بندی کردیم. یه بار دیگه برای کسانی که احیاناً متوجه مطلب بنده نشده باشن در سیاق سوم، یه بار دیگه می‌خوام مطلب رو تکرار بکنم. دقت بکنید که ان‌شاءالله تو این سری جا بیفته. سوالی که در ابتدای سیاق سوم مطرحه: "أيَحْسَبُ الإِنسَانُ أَن يُتْرَكَ سُدًى" آیا انسان همین‌گونه بیهوده رها می‌شود؟ آیا انسان گمان می‌کند که بیهوده رها خواهد شد؟ این سؤال ناظر به حکمت خداست. یعنی اگر خدا علی‌القاعده حکیمه دیگه. اگر خدا حکیم است، انسان را بیهوده نباید رها کند. اگر انسان گمان میکنه که خدا ان-انسان را بیهوده رها خواهد کرد، پس از مرگ او را دوباره زنده نخواهد کرد و به حساب او رسیدگی نخواهد کرد، در حقیقت حکمت خدا را گویا باور ندارد. گویا حکمت او را برده زیر سؤال. به همین خاطر قیامت هم میره زیر سؤال. ضرورت قیامت میره زیر سؤال. انگار خدا میتونه اما برای چی میخواد این کارو بکنه؟ اصلاً نمیکنه. خدا برای اثبات حکمت خودش نیامده حکمتش را ثابت کنه. آمده قدرتش را ثابت کرده. گویا بیان مطلب اینه: میخواد بگه که حکمت که مسلمه، مگر قدرت عمل طبق حکمت را بگید نداشته باشن. و الا اگر خدا اگر قدرت دارد که انسان را رها نکند بیهوده، اگر قدرت دارد که انسان را پس از مرگ زنده کند، پس چه مانعی وجود داره که از حکمتش استفاده نکنه؟ این شبیه این مطلبه که شما وقتی که میتونی یه کار حکیمانه انجام بدی حتماً انجامش میدی، مگر توان انجام اون کار حکیمانه را نداشته باشی. مثل همون مگه دست-دستم بهت نرسه است. یعنی من اگر تو را بگیرم باید تنبیه‌ت کنم. مگه نتونم بگیرمت؟ من انسان را به خودی خود رها نمیکنم. مگه نتونم زنده‌اش کنم؟ خب پس سؤال از حکمت خودبه‌خود منتقل میشه به چی؟ به قدرت. پس اگر قدرت هست حکمت هم حتما هست. اینطوریه مطلب. برای اثبات قدرتش خدا اشاره کرده به خلقت، مسیر خلقت انسان. البته تو این اشاره هم آمده از اون اولین ماده خلقت انسان که نطفه‌ایست که در جایگاهی قرار میگیره اشاره کرده، بعد گفته این نطف-نطفه تبدیل به علقه میشه "ثم كان علقة فخلق". بعد خدا این علقه را خلق کرده و به انسان بدل کرده. چجور انسانی؟ "فصغ". به اون اعتدال بخشیده. یک سلول ناچیز را، یک سلول از نظر ظاهر پست را خدا تبدیل کرده به یک انسان خلق شده‌ی سميع بصير مستو القا
… (truncated; see saved file for full transcript)

============================================================
SUMMARY
============================================================
Input file      : 014_آموزش تدبر در سوره قیامت - بخش چهارم فایل۱۴ از سطح۲ سال۱۳۹۸ - علی.mp3
Provider        : ElevenLabs Scribe (scribe_v2)
Audio duration  : 21:15 (1274.83 s)
Requests        : 1
Billed duration : 1275 s (rounded up to nearest second)
Rate            : $0.22 / audio hour
Estimated cost  : $0.077906 USD
Transcript saved: Audios/Tadabor_Sobohi/Manaee/Term2/014/014_آموزش تدبر در سوره قیامت - بخش چهارم فایل۱۴ از سطح۲ سال۱۳۹۸ - علی.txt
============================================================
[014] OK → 014_آموزش تدبر در سوره قیامت - بخش چهارم فایل۱۴ از سطح۲ سال۱۳۹۸ - علی.txt (97761 bytes)

=== [015] Tue Sep  8 14:10:57 PDT 2026 ===
  input: Audios/Tadabor_Sobohi/Manaee/Term2/015/015_آموزش تدبر در سوره انسان - بخش اول فایل۱۵ از سطح۲ سال۱۳۹۸ - علی.mp3
Provider: ElevenLabs Scribe (scribe_v2)
Progress file (updated after each chunk): Audios/Tadabor_Sobohi/Manaee/Term2/015/015_آموزش تدبر در سوره انسان - بخش اول فایل۱۵ از سطح۲ سال۱۳۹۸ - علی.partial.txt
  preparing audio (015_آموزش تدبر در سوره انسان - بخش اول فایل۱۵ از سطح۲ سال۱۳۹۸ - علی.mp3)...
  48:27 → 1 request(s)
  progress file: Audios/Tadabor_Sobohi/Manaee/Term2/015/015_آموزش تدبر در سوره انسان - بخش اول فایل۱۵ از سطح۲ سال۱۳۹۸ - علی.partial.txt
  [1/1] 0:00–48:27 (17031 KB)...
      → 28373 chars: حالا سوره مبارکه انسان رو می‌خوایم با هم شروع کنیم. رب ادخلنی مدخل صدق وأخرجنی مخرج صدق واجعل لي من لدنك سلطانا نصيرا. طبق روال تدبر چهار مرحله در سوره انسان باید طی کنیم. مرحله او…

============================================================
TRANSCRIPTION (preview)
============================================================
حالا سوره مبارکه انسان رو می‌خوایم با هم شروع کنیم. رب ادخلنی مدخل صدق وأخرجنی مخرج صدق واجعل لي من لدنك سلطانا نصيرا. طبق روال تدبر چهار مرحله در سوره انسان باید طی کنیم. مرحله اول فهم آیات. مرحله دوم ساختارشناسی سوره، دسته‌بندی سوره، سیاق‌های سوره را تشخیص بدیم. مرحله سوم جمع‌بندی سیاق‌ها. مرحله چهارم ارتباط سیاق‌ها. این چهار تا گام دیگه باید برای شماها ملکه شده باشه انشاالله. حالا مرحله اول رو در ضمن مباحثمون ورود می‌کنیم. نکاتی داشته باشه خواهیم گفت. به سؤالات جواب خواهیم داد. ولی مرحله دوم که تشخیص سیاق‌های سوره است. خب بفرمایید ببینیم به چی رسیدید. آیه اول تا چند باید بریم؟ یک تا چهار. چی؟ تا بیست و دو. یعنی انصافاً کسی خودش به یک تا چهار رسیده باشه آفرین داره. این همه آدم ماشاءالله همه یک تا چهار. اصلاً دست منو خالی می‌کنید. من دیگه به چی می‌خوام چی یاد شما بدم؟ الحمد لله همتون بلدید دیگه. یک تا چهار. همین الان بگم راست میگید. بیاید جدایی پنجو از چهار توضیح بدید اینجا ببینم. خیلی هنر میخواد اثبات جدایی پنج از چهار. یک تا بیست و دو. آفرین. غلط بگید بذارید من خوشحال بشم. یک تا چند؟ بیست و دو. یک تا چهار. یک تا بیست و دو. یک تا؟ تا سه. دست شما درد نکنه. بعد دیگه یک تا ده. یک تا ده. دیگه؟ یک تا شش. دیگه؟ [خنده] آره. برای خوشحالی من میگن حالا هرچی دلتون خواست بگید. خب حالا این سوره این پاورپوینتش یه مقدار پاورپوینتش فرهنگیه. یعنی اون پاورپوینت‌هایی که داشتم نمی‌دونم چرا پیدا نکردم. احتمالاً حذف شده. حالا از پاورپوینت فرهنگیش هم انشاالله لذت ببرید اشکال نداره. بسم الله الرحمن الرحیم. هل أتى على الإنسان حين من الدهر لم يكن شيئا مذكورا. إنا خلقنا الإنسان من نطفة أمشاج نبتليه فجعلناه سميعا بصيرا. إنا هديناه السبيل إما شاكرا وإما كفورا. تا اینجا که کاملاً ارتباطات روشنه دیگه درسته؟ یعنی تا اینجا همه در واقع هل أتى على الإنسان إنا، إنا، إنا خلقنا، إنا هدیناه. ما خلقش کردیم. ما هدایتش کردیم. اینا روشنه. آیه چهار چی می‌فرماید؟ إنا أعتدنا للكافرين سلاسل وأغلالا وسعيرا. خب چرا اینو چهار رو از سه جدا کردیم؟ کی جدا کرده بود؟ ببینید الان من این سیری که میگم ببینید مفهومش متفاوت میشه یا درسته. می‌فرماید بر انسان گذشت روزگاری که چیز مذکوری نبود. ما انسان را از نطفه امشاجی خلقش ک
… (truncated; see saved file for full transcript)

============================================================
SUMMARY
============================================================
Input file      : 015_آموزش تدبر در سوره انسان - بخش اول فایل۱۵ از سطح۲ سال۱۳۹۸ - علی.mp3
Provider        : ElevenLabs Scribe (scribe_v2)
Audio duration  : 48:27 (2906.60 s)
Requests        : 1
Billed duration : 2907 s (rounded up to nearest second)
Rate            : $0.22 / audio hour
Estimated cost  : $0.177626 USD
Transcript saved: Audios/Tadabor_Sobohi/Manaee/Term2/015/015_آموزش تدبر در سوره انسان - بخش اول فایل۱۵ از سطح۲ سال۱۳۹۸ - علی.txt
============================================================
[015] OK → 015_آموزش تدبر در سوره انسان - بخش اول فایل۱۵ از سطح۲ سال۱۳۹۸ - علی.txt (232783 bytes)

=== [016] Tue Sep  8 14:13:03 PDT 2026 ===
  input: Audios/Tadabor_Sobohi/Manaee/Term2/016/016_آموزش تدبر در سوره انسان - بخش دوم فایل۱۶ از سطح۲ سال۱۳۹۸ - علی.mp3
Provider: ElevenLabs Scribe (scribe_v2)
Progress file (updated after each chunk): Audios/Tadabor_Sobohi/Manaee/Term2/016/016_آموزش تدبر در سوره انسان - بخش دوم فایل۱۶ از سطح۲ سال۱۳۹۸ - علی.partial.txt
  preparing audio (016_آموزش تدبر در سوره انسان - بخش دوم فایل۱۶ از سطح۲ سال۱۳۹۸ - علی.mp3)...
  1:05:29 → 1 request(s)
  progress file: Audios/Tadabor_Sobohi/Manaee/Term2/016/016_آموزش تدبر در سوره انسان - بخش دوم فایل۱۶ از سطح۲ سال۱۳۹۸ - علی.partial.txt
  [1/1] 0:00–1:05:29 (23022 KB)...
      → 36248 chars: اعوذ بالله من الشيطان الرجيم. بسم الله الرحمن الرحيم. الحمد لله رب العالمين وصلى الله على سيدنا ونبينا حبيب اله العالمين ابى القاسم المصطفى محمد اللهم صل على محمد وآل محمد وعلى آله…

============================================================
TRANSCRIPTION (preview)
============================================================
اعوذ بالله من الشيطان الرجيم. بسم الله الرحمن الرحيم. الحمد لله رب العالمين وصلى الله على سيدنا ونبينا حبيب اله العالمين ابى القاسم المصطفى محمد اللهم صل على محمد وآل محمد وعلى آله الطيبين الطاهرين ولعنة الله على أعدائهم أجمعين من الآن إلى قيام يوم الدين. عرض سلام و ادب و احترام محضر برادران و خواهران گرامی. خدا را شکر می‌کنیم که توفیق عطا فرموده در پیشگاه مقدس و نورانی قرآن کریم حاضریم و آرزو می‌کنیم خدای بزرگ تا آخرین لحظه زندگی این توفیق را از ما سلب نکنه. ما رو در محضر قرآن کریم نگه بداره و همه ما را از تعالیم نورانی و ارزشمند قرآن کریم بهره‌مند کنه به برکت صلوات بر محمد و آل محمد. اللهم صل على محمد وآل محمد وعجل فرجه. تدبر در سوره مبارکه انسان داریم انجام میدیم. مرحله اول رو و مرحله دوم رو تقریباً همزمان داریم انجام میدیم که ببینیم سیاق بندی سوره به چه وضعیتیه. اونی که تا اینجا بهش رسیدیم این است که از آیه اول تا آیه چهارم در این سوره یک سیاقه و اول آیه پنج شروع سیاق دومه. چرا سیاق دو در آیه پنج میگیم شروع میشه؟ راجع بهش توضیح دادیم. گفتیم که آیه پنج سرآغاز ذکر عاقبت ابراره و اینکه ابرار چی شده که به مقام ابرار رسیدن. میخواد اشاره بکنه که اینا از مقربان پیروی کردن و مقربان کی بودن و چه صفاتی داشتن. صفات اونها رو ذکر میکنه و با یک تفصیل نسبتاً زیادی اون بهشت مقربان رو به تصویر میکشه. همه اینا میتونست در ادامه سیاق به حساب بیاد. یعنی بگیم که سیاق تموم نشده و ادامه بحثه. چرا؟ چون آیه سوم به دو گروه شاکر و کفور اشاره کرد که "انا هدیناهم السبیل اما شاكرا واما كفورا". آیه چهارم عاقبت انسان‌های کفور رو ذکر کرد با عبارت "انا اعتدنا للكافرين سلاسل واغلالا وسعيرا" ما می‌تونستیم بگیم از آیه پنج به بعد هم داره عاقبت انسان‌های شاکر رو بیان می‌کنه. ولی بنا به دلایلی گفتیم بهتره ما از اول آیه پنج رو شروع سیاق در نظر بگیریم. یکی از اون دلایل این بود که گفتیم وزن آیات یعنی از آیه پنج به بعد یه تعداد زیادی از آیات رو داریم که با یک طول و تفصیل خاصی داره راجع به ابرار و مقربان صحبت می‌کنه. در حالی که آیه چهار که می‌خواسته توی این سیاق قبلی به عاقبت کفار اشاره بکنه فقط در یک آیه این مسئله انجام شده. این وزن سنگین‌تر آیات پنج به بعد خودش یکی از نشانه‌هاست که گویا یه تمایزی وجود دار
… (truncated; see saved file for full transcript)

============================================================
SUMMARY
============================================================
Input file      : 016_آموزش تدبر در سوره انسان - بخش دوم فایل۱۶ از سطح۲ سال۱۳۹۸ - علی.mp3
Provider        : ElevenLabs Scribe (scribe_v2)
Audio duration  : 1:05:29 (3929.04 s)
Requests        : 1
Billed duration : 3930 s (rounded up to nearest second)
Rate            : $0.22 / audio hour
Estimated cost  : $0.240108 USD
Transcript saved: Audios/Tadabor_Sobohi/Manaee/Term2/016/016_آموزش تدبر در سوره انسان - بخش دوم فایل۱۶ از سطح۲ سال۱۳۹۸ - علی.txt
============================================================
[016] OK → 016_آموزش تدبر در سوره انسان - بخش دوم فایل۱۶ از سطح۲ سال۱۳۹۸ - علی.txt (304412 bytes)

=== [017] Tue Sep  8 14:15:23 PDT 2026 ===
  input: Audios/Tadabor_Sobohi/Manaee/Term2/017/017_آموزش تدبر در سوره انسان - بخش سوم فایل۱۷ از سطح۲ سال۱۳۹۸ - علی.mp3
Provider: ElevenLabs Scribe (scribe_v2)
Progress file (updated after each chunk): Audios/Tadabor_Sobohi/Manaee/Term2/017/017_آموزش تدبر در سوره انسان - بخش سوم فایل۱۷ از سطح۲ سال۱۳۹۸ - علی.partial.txt
  preparing audio (017_آموزش تدبر در سوره انسان - بخش سوم فایل۱۷ از سطح۲ سال۱۳۹۸ - علی.mp3)...
  1:13:49 → 1 request(s)
  progress file: Audios/Tadabor_Sobohi/Manaee/Term2/017/017_آموزش تدبر در سوره انسان - بخش سوم فایل۱۷ از سطح۲ سال۱۳۹۸ - علی.partial.txt
  [1/1] 0:00–1:13:49 (25951 KB)...
      → 42033 chars: راجع به مطلبی که در پایان جلسه قبل عرض شد، راجع به مسئله مشیت خدا و نسبت مشیت خدا با مشیت ما انسان‌ها مثالی که زدم و توضیحی که دادم طبیعتاً سؤالاتی رو در ذهن شما ایجاد کرده. حالا ی…

============================================================
TRANSCRIPTION (preview)
============================================================
راجع به مطلبی که در پایان جلسه قبل عرض شد، راجع به مسئله مشیت خدا و نسبت مشیت خدا با مشیت ما انسان‌ها مثالی که زدم و توضیحی که دادم طبیعتاً سؤالاتی رو در ذهن شما ایجاد کرده. حالا یکی دو تا سؤال تو همین فاصله به من منتقل شد که من از شما اجازه می‌خوام وقتی د-- در مقام جمع‌بندی رسیدیم به سیاق چهارم اینا رو اونجا یک بار توضیح بدم. یعنی الان اجازه می‌خوام که بحثم رو از اول سوره داشته باشم تا برسیم به سیاق چهارم. تو جمع‌بندی سیاق چهارم یک بار دیگه به این مسئله اشاره کنیم جواب سؤالاتی رو که به اندازه‌ای که فرصت داریم بدیم. هدفم هم اینه. این بحث مفصلیه. یعنی رابطه‌ی مشیت خدا، علم الهی، اختیار انسان. اینا یه بحث مفصلیه با کلی سؤال راجع بهش میشه پرسید. ممکنه اصلاً به طلب یه جلسه مستقل براش بذاریم. حالا ما به اندازه‌ای که تو این جلسه وقت ایجاب می‌کنه جواب میدیم. اگر باز هم دیدیم سؤالات زیادتری باقی مونده، یه جلسه‌ای رو براش اختصاص میدیم انشاالله و امیدواریم اونجا بتونیم به سؤالات شما جواب بدیم. اما آیه یک تا چهار. جمع‌بندی آیه یک تا چهار به عنوان سیاق اول. همونطور که ملاحظه می‌فرمایید تو پرده، این آیه با یک سؤال آغاز شده. این سؤال، سؤال حقیقی که نیست. بهش می‌گیم تقریری. استفهام تقریری. یعنی خدا می‌خواد اقرار بگیره، اقرار بگیره. "هل أتى على الإنسان حين من الدهر لم يكن شيئا مذكورا". آیا آمد بر انسان برهه‌ای از روزگار که انسان چیز مذکوری نبود، شیء مذکوری نبود. شیء مذکور یعنی شیء قابل ذکر. یعنی انسان چیز قابل ذکری نبود. نمیشد انسان رو مورد اشاره قرار بدی به عنوان انسان. این آیه داره اشاره می‌کنه، اقرار می‌گیره از آدم‌ها. ببینید آدم‌ها قبل از اینکه شما حتی نطفه اولیه وجودتون منعقد بشه، قبل از منعقد شدن نطفه اول، سلول اول وجود شما، قبل از اون یک برهه‌ای از روزگار آمده که شما در اون برهه چیز قابل ذکری نبودید. ولی بودیم. ولی بودید، چیز قابل ذکری نبودید. حالا اون مثلاً ذراتی که بنا بود وجود شما بشه در عالم پراکنده بود. هویتی هنوز پیدا نکرده بود. هنوز نطفه وجود شما منعقد نشده بود. نمیشد گفت آیه مثلاً آقا محمد شایان یه چهل و سه سال پیش، چهل و چهار سال پیش، شیء مذکوری نبود. من نبودم قبل از یه سنم. شماها همینطور. این می‌خواد بگه بدونید همتون در یه برهه‌ای از زمان چیز قابل ذکری نبودید. ذرات
… (truncated; see saved file for full transcript)

============================================================
SUMMARY
============================================================
Input file      : 017_آموزش تدبر در سوره انسان - بخش سوم فایل۱۷ از سطح۲ سال۱۳۹۸ - علی.mp3
Provider        : ElevenLabs Scribe (scribe_v2)
Audio duration  : 1:13:49 (4428.90 s)
Requests        : 1
Billed duration : 4429 s (rounded up to nearest second)
Rate            : $0.22 / audio hour
Estimated cost  : $0.270655 USD
Transcript saved: Audios/Tadabor_Sobohi/Manaee/Term2/017/017_آموزش تدبر در سوره انسان - بخش سوم فایل۱۷ از سطح۲ سال۱۳۹۸ - علی.txt
============================================================
[017] OK → 017_آموزش تدبر در سوره انسان - بخش سوم فایل۱۷ از سطح۲ سال۱۳۹۸ - علی.txt (348265 bytes)

=== [018] Tue Sep  8 14:18:08 PDT 2026 ===
  input: Audios/Tadabor_Sobohi/Manaee/Term2/018/018_آموزش تدبر در سوره انسان - بخش چهارم فایل۱۸ از سطح۲ سال۱۳۹۸ - علی.mp3
Provider: ElevenLabs Scribe (scribe_v2)
Progress file (updated after each chunk): Audios/Tadabor_Sobohi/Manaee/Term2/018/018_آموزش تدبر در سوره انسان - بخش چهارم فایل۱۸ از سطح۲ سال۱۳۹۸ - علی.partial.txt
  preparing audio (018_آموزش تدبر در سوره انسان - بخش چهارم فایل۱۸ از سطح۲ سال۱۳۹۸ - علی.mp3)...
  1:20:26 → 1 request(s)
  progress file: Audios/Tadabor_Sobohi/Manaee/Term2/018/018_آموزش تدبر در سوره انسان - بخش چهارم فایل۱۸ از سطح۲ سال۱۳۹۸ - علی.partial.txt
  [1/1] 0:00–1:20:26 (28276 KB)...
      → 44344 chars: اعوذ بالله من الشيطان الرجيم. بسم الله الرحمن الرحيم. الحمد لله رب العالمين وصلى الله على سيدنا ونبينا حبيب اله العالمين. ابى القاسم المصطفى محمد. اللهم صل على محمد وآل محمد وعلى آ…

============================================================
TRANSCRIPTION (preview)
============================================================
اعوذ بالله من الشيطان الرجيم. بسم الله الرحمن الرحيم. الحمد لله رب العالمين وصلى الله على سيدنا ونبينا حبيب اله العالمين. ابى القاسم المصطفى محمد. اللهم صل على محمد وآل محمد وعلى آله الطيبين الطاهرين ولعنة الله على أعدائهم أجمعين من الآن إلى قيام يوم الدين. عرض سلام و ادب و احترام محضر برادران و خواهران گرامی. امیدوارم خدای بزرگ توفیق عطا کند که در محضر نورانی قرآن باشیم و از محضر نورانی قرآن استفاده کنیم. در دنیا و آخرت با قرآن کریم محشور باشیم و در پرتو شفاعت قرآن کریم ان شاء الله به مراتب عالی بندگی برسیم. به برکت صلوات بر محمد و آل محمد. اللهم صل على محمد و آل محمد و عجل فرجهم. خب در سوره مبارکه انسان داریم تدبر می‌کنیم. مرحله سوم تدبر که جمع‌بندی سیاق‌های سوره هست و یادتون هست که این سوره چند سیاق داشت؟ چهار تا. سیاق یک و دو رو جمع‌بندی کردیم. سیاق اول جمع بندیش این بود که خداوند با یه مقدمه‌ای خبر از این داد که انسان رو بعد از اینکه نبود من خودم خلقش کردم. خودم او رو به در واقع توان فهم و درک مجهزش کردم، سمع و بصر و راه هم بهش نشون دادم و بهش اختیار دادم این راهو بره یا نه. اصل مطلب این بود که من در ت-- پیمودن یا نپیمودن راه به انسان اختیار دادم. اما اختیار داشتن معنیش این نیستش که اگر این راه رو برود یا نرود فرقی به حال او نکنه، اینطوری نیست. اگر راه هدایت را، راه سعادت را که من به اون نشون دادم طی نکنه، خب این آزادی رو یک روز از او خواهم گرفت، این اختیار رو از او خواهم گرفت و او رو گرفتار عذاب شدید خواهم کرد. گفتیم طبیعتاً با مطالب سیاق اول انسان به این فکر میفته که از اختیارم چطور حسن استفاده رو بکنم. خداوند در سیاق دوم به این مسئله پرداخت که بعضیا در مسیر ابرار حرکت می‌کنند. ابرار علیالقاعده اونایین که دارن در خط شاکرین. شکر نعمت هدایت رو به جا میارن. اینا نیکانن. بعد برای اینکه در خط شاکرین برای ما الگو هم ترسیم کرده باشه، مشخص کرد که ابرار کسانی هستند که از عبادالله خط می‌گیرن. بندگی کردن را از عبادالله یاد می‌گیرند. عبادالله را به ما معرفی کرد. با معرفی عبادالله خودبه‌خود ابرارم برای ما چی میشن؟ شناخته میشن. چرا؟ چون از نظر سیاق سوم، سیاق دوم ابرار پیروان کیا هستن؟ عبادالله. عبادالله دو تا شاخصه اصلی براشون خدا بیان کرد. یک شاخصه وفای به نظره که تجلی ای
… (truncated; see saved file for full transcript)

============================================================
SUMMARY
============================================================
Input file      : 018_آموزش تدبر در سوره انسان - بخش چهارم فایل۱۸ از سطح۲ سال۱۳۹۸ - علی.mp3
Provider        : ElevenLabs Scribe (scribe_v2)
Audio duration  : 1:20:26 (4825.69 s)
Requests        : 1
Billed duration : 4826 s (rounded up to nearest second)
Rate            : $0.22 / audio hour
Estimated cost  : $0.294903 USD
Transcript saved: Audios/Tadabor_Sobohi/Manaee/Term2/018/018_آموزش تدبر در سوره انسان - بخش چهارم فایل۱۸ از سطح۲ سال۱۳۹۸ - علی.txt
============================================================
[018] OK → 018_آموزش تدبر در سوره انسان - بخش چهارم فایل۱۸ از سطح۲ سال۱۳۹۸ - علی.txt (370136 bytes)

=== [019] Tue Sep  8 14:20:47 PDT 2026 ===
  input: Audios/Tadabor_Sobohi/Manaee/Term2/019/019_آموزش تدبر در سوره انسان - بخش پنجم فایل۱۹ از سطح۲ سال۱۳۹۸ - علی.mp3
Provider: ElevenLabs Scribe (scribe_v2)
Progress file (updated after each chunk): Audios/Tadabor_Sobohi/Manaee/Term2/019/019_آموزش تدبر در سوره انسان - بخش پنجم فایل۱۹ از سطح۲ سال۱۳۹۸ - علی.partial.txt
  preparing audio (019_آموزش تدبر در سوره انسان - بخش پنجم فایل۱۹ از سطح۲ سال۱۳۹۸ - علی.mp3)...
  59:33 → 1 request(s)
  progress file: Audios/Tadabor_Sobohi/Manaee/Term2/019/019_آموزش تدبر در سوره انسان - بخش پنجم فایل۱۹ از سطح۲ سال۱۳۹۸ - علی.partial.txt
  [1/1] 0:00–59:33 (20937 KB)...
      → 33806 chars: اعوذ بالله من الشيطان الرجيم. بسم الله الرحمن الرحيم. یک تذکر کوتاه بدم نسبت به آخرین مطلبی که در جلسه قبل خدمت شما عرض شد و انشاالله بحثمون رو ادامه بدیم. ببینید اکثر افراد نسبت ب…

============================================================
TRANSCRIPTION (preview)
============================================================
اعوذ بالله من الشيطان الرجيم. بسم الله الرحمن الرحيم. یک تذکر کوتاه بدم نسبت به آخرین مطلبی که در جلسه قبل خدمت شما عرض شد و انشاالله بحثمون رو ادامه بدیم. ببینید اکثر افراد نسبت به این گذار نگران میشن. بعد از کلاس یه نفر مراجعه کرد میگفت یعنی خدا نمیدونه که من بهشت میرم یا جهنم؟ این نمیدونه که میگه خب نمیدونه اصلا به خدا نمیچسبه که مگه میشه خدا ندونه، خدا یه چیزی را ندونه، اصلا این فرض داره؟ خدا محیطه، خدا مطلقه، خدا احد، خدا بی‌نهایته. پس همه چیز را [مکث]، چی گفتم چی را می‌داند؟ همه چیز را می‌داند. همه چیز را می‌داند. [خنده] یه چیزی باید باشه که بداند آخه. وقتی یه چیزی نباشد، یه شیئی نباشد، اصلا این کلمه که می‌داند یا نمی‌داند به کار نمی‌رود. این که بگی نمی‌داند این سزاوار نیست [مکث]. تمام گزینه‌ها وجود دارد پس همه را می‌داند. همه نتیجه‌ها وجود دارد پس همه را می‌داند. چرا؟ چون خودش طراحی کرده، وجود داره و می‌دانه. اتفاقی در عالم نخواهد افتاد که او پیش از اون اتفاق اون رو طراحی نکرده باشه و نسبت به اون علم نداشته باشه. اتفاقی در عالم برگی الی الابد تا قیام قیامت تا ابد قطره آبی از آسمان نازل نمی‌شود، قطره آبی به آسمان صعود نمی‌کند، برگی از درختی نمی‌افتد، دستی بلند نمی‌شود و فرود نمی‌آید الا اینکه خدا نسبت به اون علم کامل دارد چون همه را خودش طراحی کرده [مکث]. همه در دامنه طراحی خدا داره اتفاق میفته. اما طراحی خدا نسبت به آینده، طراحی ممکن الوجودهاست [مکث]. کدوماش به وجود میاد؟ انسان را مختار قرار داده که از بین ممکن الوجودهایی که خدا طراحی کرده یکیو چکار کنه؟ انتخاب بکنه. این انتخابه رو تا وقتی نکردیم نیست. وقتی انتخاب کردیم هست و وقتی هست معلومه خدا هم هست. خدا قبل از خودت می‌داند که تو چی انتخاب می‌کنی. چرا؟ چون ان الله یعول بین المرء وقلبه. خدا قبل از خودت به تو علم دارد. قبل اینکه تو بدانی می‌خوای چکار کنی، او دانسته که تو می‌خوای چکار کنی. اما این غیر از اینه که شما اون روزی که می‌خواستی به دنیا بیای، همون روز عندالله تو به دنیا آمدی، زندگیتم کردی، جهنمی یا بهشتی هم شدی، همین الان هم تو بهشت یا تو جهنم در حال عذاب شدن یا پاداش دیدنی. همه هست و همه شده و همه ازلی ابدی... بابا اونی که ازلی ابدیه خداست، نه من و شما. بعد اونوقت حالا همه اینا چی میشه؟ یه نمایشیه، 
… (truncated; see saved file for full transcript)

============================================================
SUMMARY
============================================================
Input file      : 019_آموزش تدبر در سوره انسان - بخش پنجم فایل۱۹ از سطح۲ سال۱۳۹۸ - علی.mp3
Provider        : ElevenLabs Scribe (scribe_v2)
Audio duration  : 59:33 (3573.22 s)
Requests        : 1
Billed duration : 3574 s (rounded up to nearest second)
Rate            : $0.22 / audio hour
Estimated cost  : $0.218363 USD
Transcript saved: Audios/Tadabor_Sobohi/Manaee/Term2/019/019_آموزش تدبر در سوره انسان - بخش پنجم فایل۱۹ از سطح۲ سال۱۳۹۸ - علی.txt
============================================================
[019] OK → 019_آموزش تدبر در سوره انسان - بخش پنجم فایل۱۹ از سطح۲ سال۱۳۹۸ - علی.txt (281268 bytes)

=== [020] Tue Sep  8 14:22:57 PDT 2026 ===
  input: Audios/Tadabor_Sobohi/Manaee/Term2/020/020_آموزش تدبر در سوره مرسلات - بخش اول فایل۲۰ از سطح۲ سال۱۳۹۸ - علی.mp3
Provider: ElevenLabs Scribe (scribe_v2)
Progress file (updated after each chunk): Audios/Tadabor_Sobohi/Manaee/Term2/020/020_آموزش تدبر در سوره مرسلات - بخش اول فایل۲۰ از سطح۲ سال۱۳۹۸ - علی.partial.txt
  preparing audio (020_آموزش تدبر در سوره مرسلات - بخش اول فایل۲۰ از سطح۲ سال۱۳۹۸ - علی.mp3)...
  34:24 → 1 request(s)
  progress file: Audios/Tadabor_Sobohi/Manaee/Term2/020/020_آموزش تدبر در سوره مرسلات - بخش اول فایل۲۰ از سطح۲ سال۱۳۹۸ - علی.partial.txt
  [1/1] 0:00–34:24 (12093 KB)...
      → 18234 chars: روال ما این است که هر سوره ای رو اول از شما می‌پرسیم که شما در دسته بندی به چه نتیجه ای رسیدید؟ و ما دنبال این نیستیم که الان شما بیایید مثلاً همون دسته بندی کتاب و نمی‌دونم اینا، …

============================================================
TRANSCRIPTION (preview)
============================================================
روال ما این است که هر سوره ای رو اول از شما می‌پرسیم که شما در دسته بندی به چه نتیجه ای رسیدید؟ و ما دنبال این نیستیم که الان شما بیایید مثلاً همون دسته بندی کتاب و نمی‌دونم اینا، اینا خب هست. اگر واقعاً شما هم به همون رسیدید که فبهای. اگر شما به دسته بندی دیگری رسیدید بعد با مطالعه براتون حل شده قانع شدید باز هم مسئله ای نیست. من نمیگم بیایید اون دسته بندی خودتون رو الان ذکر کنید. اما اگر کسی بالاخره یک چیزی به نظرش می‌رسه با اونی که در کتابه هم خیلی هماهنگ نیست، هنوزم قانع نیست، احتیاج به توضیح داره. خب من باید توضیح بدم تا مسئله حل بشه. در جلسه قبلی بزرگواری برای من پیام گذاشت بعد از جلسه که. ممنونم. که الان حدود نیمی از سطح دوم گذشته، من هنوز تو دسته بندی اشکال دارم. خیلی وقت‌ها یه سوره ای رو دسته بندی می‌کنم، تشخیص سیاق میدم هماهنگ با اونی که شما بعداً میگید نیست. حالا من نمی‌دونم ایشون اشکالش از چه جنسیه. سؤال می‌کنم. ببینید دیدید من اینجا وقتی دارم دسته بندی‌ها را می‌نویسم خیلی وقت‌ها میگم این هم درسته ولی این درست‌تره. یه وقتایی هم میگم این غلطه. اصلاً اینجا نباید جدا می‌کردید. آخه چرا جدا کردید؟ حالا ایشونی که این اشکال رو برای من نوشته به من مراجعه کنه یا پیام بگذاره تا ببینم از چه جنس اشکالی داره. یعنی آیا جایی رو که غلطه جدا می‌کنه یا مثلاً فرازها را سیاق می‌بینه یا سیاق‌ها را فراز می‌بینه. مثلاً یه مقداری توی کلی دیدن و جزئی دیدن متفاوته با کتاب. دومی‌ش باشه نگرانی نداره. حل می‌شه. درسته. اولی هم باشه باز اصولی داره. من توضیح میدم شاید قاعده ادبیات قواعد ادبیات رو باید کار کنه. یه مقدار آشنایی با ادبیات می‌خواد تا آدم تو اونجاهایی که غلطه دسته را جدا بگی-- نکنه. به هر حال سوره مبارکه مرسلات از آیه یک تا، یک تا؟ یه غلطشو بگید اقلاً بنویسیم. یک تا هفت. دست شما درد نکنه. و بعد یک تا؟ پونزده. خب. یک تا؟ چهل و چهار. یا علی. کار سودا رو ساخت. [خنده] خب یک تا چهل و چهار. از آیه یک تا هفت خب همه رفتید و درستم رفتید. چرا؟ به خاطر اینکه خیلی واضحه که تو این فاصله چیزی جدا نشده. همه سوگنده. "والمرسلات عرفا فالعاصفات عصفا والناشرات نشرا فالفارقات فرقا فالملقيات ذکرا عذرا أو نذرا" جوابش چیه؟ جواب قسم "إنما توعدون لواقع". تا آیه هفت که خب همه رفتید درست هم هست. بعضیا
… (truncated; see saved file for full transcript)

============================================================
SUMMARY
============================================================
Input file      : 020_آموزش تدبر در سوره مرسلات - بخش اول فایل۲۰ از سطح۲ سال۱۳۹۸ - علی.mp3
Provider        : ElevenLabs Scribe (scribe_v2)
Audio duration  : 34:24 (2063.74 s)
Requests        : 1
Billed duration : 2064 s (rounded up to nearest second)
Rate            : $0.22 / audio hour
Estimated cost  : $0.126117 USD
Transcript saved: Audios/Tadabor_Sobohi/Manaee/Term2/020/020_آموزش تدبر در سوره مرسلات - بخش اول فایل۲۰ از سطح۲ سال۱۳۹۸ - علی.txt
============================================================
[020] OK → 020_آموزش تدبر در سوره مرسلات - بخش اول فایل۲۰ از سطح۲ سال۱۳۹۸ - علی.txt (150193 bytes)

=== [021] Tue Sep  8 14:24:21 PDT 2026 ===
  input: Audios/Tadabor_Sobohi/Manaee/Term2/021/021_آموزش تدبر در سوره مرسلات - بخش دوم فایل۲۱ از سطح۲ سال۱۳۹۸ - علی.mp3
Provider: ElevenLabs Scribe (scribe_v2)
Progress file (updated after each chunk): Audios/Tadabor_Sobohi/Manaee/Term2/021/021_آموزش تدبر در سوره مرسلات - بخش دوم فایل۲۱ از سطح۲ سال۱۳۹۸ - علی.partial.txt
  preparing audio (021_آموزش تدبر در سوره مرسلات - بخش دوم فایل۲۱ از سطح۲ سال۱۳۹۸ - علی.mp3)...
  59:22 → 1 request(s)
  progress file: Audios/Tadabor_Sobohi/Manaee/Term2/021/021_آموزش تدبر در سوره مرسلات - بخش دوم فایل۲۱ از سطح۲ سال۱۳۹۸ - علی.partial.txt
  [1/1] 0:00–59:22 (20873 KB)...
      → 33314 chars: اعوذ بالله من الشيطان الرجيم. بسم الله الرحمن الرحيم. مجدداً سلام عرض می‌کنم خدمت خواهران و برادران. سوره مرسلات راجع به سیاق بندیش همونطور که توضیح دادم چهار تا سیاق داره. باز یه …

============================================================
TRANSCRIPTION (preview)
============================================================
اعوذ بالله من الشيطان الرجيم. بسم الله الرحمن الرحيم. مجدداً سلام عرض می‌کنم خدمت خواهران و برادران. سوره مرسلات راجع به سیاق بندیش همونطور که توضیح دادم چهار تا سیاق داره. باز یه سوالی داشتیم همین چند لحظه قبل اینکه خب ما یک تا هفت رو با هم دیدیم بعد از هشت تا آخر سوره رو هم با هم دیدیم و یه استدلالی هم براش مطرح کردن. ببینید در تشخیص سیاق مسئله خیلی اعتباری نیست. تا یه حدیش اعتباریه که مثلاً وسیع دیدم، کمتر دیدم، بزرگتر دیدم تا یه حدیه. اگر کسی آیه ی هشت را از هفت جدا میکنه چرا آیه ی شونزده را از پونزده جدا نمیکنه؟ چرا آیه بیست و نه رو از بیست و هشت جدا نمیکنه؟ یعنی بالاخره انطلقوا وقتی میگه این انطلقوا که دیگه ادامه احتجاج نیست. فقط یک عامل از نظر من توجیه این دسته بندی میشه که بگیم یک تا هفت، هشت تا آخر تا پنجاه. اون عامل هم فقط "وَيْلًا يَوْمَئِذٍ لِلْمُكَذِّبِينَ" که بگیم چون ما دیدیم این تکرار شده خواستیم بگیم در تمام این آیات خدا میخواد مکذبان اون هفت آیه اول را، هفت آیه اول چیه؟ هفت آیه اول تأکید بر این است که "إِنَّمَا تُوعَدُونَ لَوَاقِعٌ". اینا یه مکذبانی دارد. خدا میخواد از آیه هشت تا آخر این مکذبان را تهدید کنه. به خاطر چی به این نتیجه برسیم؟ به خاطر "فَوَيْلًا يَوْمَئِذٍ لِلْمُكَذِّبِينَ" که توضیح دادم این آیه چون تکرار شده در سوره، دیگه اونو نباید تو سیاق بندی چکار کنیم؟ دخالت بدیم لحاظ بکنیم. منهای اون سیاق بندی کنیم. بله منم با شما موافقم که کل سوره داره ناظر به مکذبین صحبت میکنه اما یک جا با بیان استدلال. یک جا با تهدید و توصیف عاقبتشون در يوم الفصل. یک جا با اشاره به عاقبت متقین در يوم الفصل. یک جا با هشدار به اونها نسبت به اینکه چرا از قرآن کریم به اندازه کافی تأثیر نمی‌پذیرید. پس صرف اینکه دارد مکذبین را تهدید میکنه باعث نشه که دیگه از سیاق بندیش غافل بشیم. حالا سیاق اول. بسم الله الرحمن الرحیم. آیه یک تا پونزده. گفتیم آیه یک تا پونزده خودش از دو قسمت تشکیل شده. یک تا هفت، هشت تا پونزده. یک تا هفت چند تا قسمه با یه جواب قسم. "وَالْمُرْسَلَاتِ عُرْفًا". "فَالْعَاصِفَاتِ عَصْفًا". "وَالنَّاشِرَاتِ نَشْرًا". "فَالْفَارِقَاتِ فَرْقًا". "فَالْمُلْقِيَاتِ ذِكْرًا". "عُذْرًا عُذْرًا أَوْ نُذْرًا". "إِنَّمَا تُوعَدُونَ لَوَاقِعٌ". ببینید این قسم‌ها دو 
… (truncated; see saved file for full transcript)

============================================================
SUMMARY
============================================================
Input file      : 021_آموزش تدبر در سوره مرسلات - بخش دوم فایل۲۱ از سطح۲ سال۱۳۹۸ - علی.mp3
Provider        : ElevenLabs Scribe (scribe_v2)
Audio duration  : 59:22 (3562.27 s)
Requests        : 1
Billed duration : 3563 s (rounded up to nearest second)
Rate            : $0.22 / audio hour
Estimated cost  : $0.217694 USD
Transcript saved: Audios/Tadabor_Sobohi/Manaee/Term2/021/021_آموزش تدبر در سوره مرسلات - بخش دوم فایل۲۱ از سطح۲ سال۱۳۹۸ - علی.txt
============================================================
[021] OK → 021_آموزش تدبر در سوره مرسلات - بخش دوم فایل۲۱ از سطح۲ سال۱۳۹۸ - علی.txt (273439 bytes)

=== [022] Tue Sep  8 14:26:23 PDT 2026 ===
  input: Audios/Tadabor_Sobohi/Manaee/Term2/022/022_آموزش تدبر در سوره مرسلات - بخش سوم فایل۲۲ از سطح۲ سال۱۳۹۸ - علی.mp3
Provider: ElevenLabs Scribe (scribe_v2)
Progress file (updated after each chunk): Audios/Tadabor_Sobohi/Manaee/Term2/022/022_آموزش تدبر در سوره مرسلات - بخش سوم فایل۲۲ از سطح۲ سال۱۳۹۸ - علی.partial.txt
  preparing audio (022_آموزش تدبر در سوره مرسلات - بخش سوم فایل۲۲ از سطح۲ سال۱۳۹۸ - علی.mp3)...
  1:01:42 → 1 request(s)
  progress file: Audios/Tadabor_Sobohi/Manaee/Term2/022/022_آموزش تدبر در سوره مرسلات - بخش سوم فایل۲۲ از سطح۲ سال۱۳۹۸ - علی.partial.txt
  [1/1] 0:00–1:01:42 (21691 KB)...
      → 34981 chars: سوره مبارکه مرسلات مرحله اول تدبرش اجرا شده، فهم آیات انجام شده. مرحله دوم تدبر که تشخیص سیاق‌ها بوده اون هم انجام شده. مرحله سوم که جمع‌بندی سیاق‌ها بوده، سیاق اول جمع‌بندی شد، سی…

============================================================
TRANSCRIPTION (preview)
============================================================
سوره مبارکه مرسلات مرحله اول تدبرش اجرا شده، فهم آیات انجام شده. مرحله دوم تدبر که تشخیص سیاق‌ها بوده اون هم انجام شده. مرحله سوم که جمع‌بندی سیاق‌ها بوده، سیاق اول جمع‌بندی شد، سیاق دوم هم جمع‌بندی شد. رسیدیم به سیاق سه و سیاق چهار که اینا رو باید جمع‌بندی کنیم و در نهایت ارتباط سیاق‌ها رو هم بررسی کنیم. سیاق اول همونطور که یادتونه چند تا سوگند ابتدا داشت ولی جواب سوگند چه بود در آیه هفتم؟ "إن ما توعدون لواقع". قطع-- در واقع تأکید بر اینکه آنچه به شما وعده داده می‌شود قطعاً واقع است، قطعاً محقق می‌شود، قطعاً به وقوع می‌پیوندد. وعده‌های الهی رد خور نداره. این فراز اولش بود. در فراز دومش اومد گفت که این وعده‌ها در کدامین ظرف زمانی اتفاق میفته؟ يوم الفصل. فإذا النجوم بمسد وإذا السماء فرج وإذا الجبال نسفت وإذا الرسل أقت لأي يوم أجلت برای کدوم روز؟ ليوم الفصل. وما أدراك ما يوم الفصل ويل يومئذ للمكذبين. اولین سیاق بحثو کشوند به اینجا که اگر کسی مکذب باشد، شما بگید مکذب چی؟ مکذب إن ما توعدون لواقع. در چه زمانی؟ يوم الفصل. اگر کزی، کسی مکذب وقوع وعده‌های خدا در يوم الفصل باشد، وای بر او در همان يوم الفصل. وای بر او در همان يوم الفصل. ويل يومئذ يومئذ یعنی يوم الفصل. ويل يومئذ للمكذبين. وای در روز فصل، در روز جدایی، روز جدایی هم یعنی روز جدایی کی از کی؟ بگید. کسانی که- کسانی که مصدق وعده هستند، کسانی که مکذب وعده هستند. اما خدا بعداً این دو گروه رو با چه عنوان‌هایی یاد میکنه ازشون؟ متقین. یکی متقین، مصدقین وعده را میگه متقین، مکذبین وعده را میگه مکذبین یا مجرمین. حالا باید ما بعداً برسیم به اینکه چرا این عنوان‌ها تغییر می‌کنند. [سرفه] خب بعد در سیاق دوم، پس سیاق اول روشن. سیاق دوم آمد برای اثبات صحبت کرد. ببینید سیاق اول هشدار بود. هشدار، گفتیم هشدار برای اینه که شما گوش به زنگ بشی، گوش بدی. تازه زانوها برسه به زمین آدم گوش بده. ما از قرآن هم می‌تونیم معرفت یاد بگیریم هم می‌تونیم روش یاد بگیریم. ببینید قرآن هر surه از surه‌های قرآن یه روشم هست علاوه بر معارفش. یعنی مثلاً آمده به ما یاد داده میگه ببین مرحله اول برای کسی که مکذب وعده‌های خداست، مرحله اول چیه؟ هشداره. بعد از اون چیه؟ استدلاله. بعدش چیه؟ توصیفه. توصیفی که انذاری باشد، تبشیرم داشته باشد. بعدش چیه؟ دو مرتبه هشدار 
… (truncated; see saved file for full transcript)

============================================================
SUMMARY
============================================================
Input file      : 022_آموزش تدبر در سوره مرسلات - بخش سوم فایل۲۲ از سطح۲ سال۱۳۹۸ - علی.mp3
Provider        : ElevenLabs Scribe (scribe_v2)
Audio duration  : 1:01:42 (3701.81 s)
Requests        : 1
Billed duration : 3702 s (rounded up to nearest second)
Rate            : $0.22 / audio hour
Estimated cost  : $0.226222 USD
Transcript saved: Audios/Tadabor_Sobohi/Manaee/Term2/022/022_آموزش تدبر در سوره مرسلات - بخش سوم فایل۲۲ از سطح۲ سال۱۳۹۸ - علی.txt
============================================================
[022] OK → 022_آموزش تدبر در سوره مرسلات - بخش سوم فایل۲۲ از سطح۲ سال۱۳۹۸ - علی.txt (291237 bytes)

=== [023] Tue Sep  8 14:28:52 PDT 2026 ===
  input: Audios/Tadabor_Sobohi/Manaee/Term2/023/023_آموزش تدبر در سوره مرسلات - بخش چهارم فایل۲۳ از سطح۲ سال۱۳۹۸ - علی.mp3
Provider: ElevenLabs Scribe (scribe_v2)
Progress file (updated after each chunk): Audios/Tadabor_Sobohi/Manaee/Term2/023/023_آموزش تدبر در سوره مرسلات - بخش چهارم فایل۲۳ از سطح۲ سال۱۳۹۸ - علی.partial.txt
  preparing audio (023_آموزش تدبر در سوره مرسلات - بخش چهارم فایل۲۳ از سطح۲ سال۱۳۹۸ - علی.mp3)...
  36:30 → 1 request(s)
  progress file: Audios/Tadabor_Sobohi/Manaee/Term2/023/023_آموزش تدبر در سوره مرسلات - بخش چهارم فایل۲۳ از سطح۲ سال۱۳۹۸ - علی.partial.txt
  [1/1] 0:00–36:30 (12833 KB)...
      → 19508 chars: اعوذ بالله من الشيطان الرجيم. بسم الله الرحمن الرحيم. اگر سیاق چهارم سوره مرسلات را مورد دقت قرار بدید خواهید دید که هر سه فراز این سیاق، سیاق چهارم سه تا فراز داره. فراز اولش "کُل…

============================================================
TRANSCRIPTION (preview)
============================================================
اعوذ بالله من الشيطان الرجيم. بسم الله الرحمن الرحيم. اگر سیاق چهارم سوره مرسلات را مورد دقت قرار بدید خواهید دید که هر سه فراز این سیاق، سیاق چهارم سه تا فراز داره. فراز اولش "کُلُوا وَتَمَتَّعُوا قَلِيلًا إِنَّكُم مُّجْرِمُونَ. وَيْلٌ يَوْمَئِذٍ لِّلْمُكَذِّبِينَ". فراز دومش "وَإِذَا قِيلَ لَهُمُ ارْكَعُوا لَا يَرْكَعُونَ. وَيْلٌ يَوْمَئِذٍ لِّلْمُكَذِّبِينَ" و فراز سومش "فَبِأَيِّ حَدِيثٍ بَعْدَهُ يُؤْمِنُونَ". اگر این سه تا فراز رو مورد دقت قرار بدید میبینید در هر سه تا لحن، لحن اتمام حجته و نوعی اظهار ناامیدی از اینکه اینها نظرشون رو درباره وعده‌های خدا در يوم الفصل بگید عوض کنن. اولی میگه خب بخورید و بهره‌مند بشید شما که مجرمید. ببینید توش فه-- بوی ناامیدی از ایمان آوردن اینها توش هست. دومی میگه "وَإِذَا قِيلَ لَهُمُ ارْكَعُوا لَا يَرْكَعُونَ" بهشون گفته میشه رکوع کنید، رکوع نمی‌کنن. تصریح می‌کنه اینا حاضر به قبول و خضوع و تواضع در مقابل حق نیستند. سومی میگه "فَبِأَيِّ حَدِيثٍ بَعْدَهُ يُؤْمِنُونَ" پس دیگه به چی میخوان ایمان بیارن بعد از این سخن؟ یعنی جمع‌بندی این سه تا فراز اظهار ناامیدی از ایمان آوردن مکذبان به وعده‌های خداست که این اظهار ناامیدی در مقام اتمام حجته. یعنی دیگه ما هرچه که لازم بوده بگیم، گفتیم. اگر شما با وجود این حرف‌ها ترتیب اثری ندید و نظرتون درباره وعده‌های خدا عوض نشه، دیگه امیدی به شما گویا نیست. دیگه حرف همینه. اینو میگن اتمام حجت. حجت تمام شد. استدلال تمام شد. حجت تمام شد. خب حالا با توجه به این جمع‌بندی‌هایی که از چهار تا سیاق سوره به دست اومد، ما می‌تونیم به مقوله اتصال و ارتباط سیاق‌ها بپردازیم؛ یعنی مرحله چهارم تدبر. خیلی سرانگشتی سریع بخوام حرف بزنم، سیاق اول هشدار نسبت به وقوع وعده‌های الهی در يوم الفصل. سیاق دوم استدلال برای وقوع وعده‌های خدا در يوم الفصل. سیاق سوم توصیف وعده‌های واقع شده در يوم الفصل. سیاق چهارم اتمام حجت درباره ایمان نسبت ایمان به وعده‌های خدا در يوم الفصل. یعنی اون در واقع شاه بیت، اون حرف اصلی، اون جوهر، جان کلام در هر چهار تا سیاق یه حرفه. وعده‌های خدا در يوم الفصل. می‌خواد اینو اثبات کنه. یکی با هشدار، یکی با استدلال، یکی با توصیف، یکی با اتمام حجت. بیانی حاکی از اتمام حجت. همه مضاف الیه اش یه چیزه. هشدار 
… (truncated; see saved file for full transcript)

============================================================
SUMMARY
============================================================
Input file      : 023_آموزش تدبر در سوره مرسلات - بخش چهارم فایل۲۳ از سطح۲ سال۱۳۹۸ - علی.mp3
Provider        : ElevenLabs Scribe (scribe_v2)
Audio duration  : 36:30 (2190.02 s)
Requests        : 1
Billed duration : 2191 s (rounded up to nearest second)
Rate            : $0.22 / audio hour
Estimated cost  : $0.133835 USD
Transcript saved: Audios/Tadabor_Sobohi/Manaee/Term2/023/023_آموزش تدبر در سوره مرسلات - بخش چهارم فایل۲۳ از سطح۲ سال۱۳۹۸ - علی.txt
============================================================
[023] OK → 023_آموزش تدبر در سوره مرسلات - بخش چهارم فایل۲۳ از سطح۲ سال۱۳۹۸ - علی.txt (155211 bytes)

=== [024] Tue Sep  8 14:30:18 PDT 2026 ===
  input: Audios/Tadabor_Sobohi/Manaee/Term2/024/024_آموزش تدبر در سوره نبأ - بخش اول فایل۲۴ از سطح۲ سال۱۳۹۸ - علی.mp3
Provider: ElevenLabs Scribe (scribe_v2)
Progress file (updated after each chunk): Audios/Tadabor_Sobohi/Manaee/Term2/024/024_آموزش تدبر در سوره نبأ - بخش اول فایل۲۴ از سطح۲ سال۱۳۹۸ - علی.partial.txt
  preparing audio (024_آموزش تدبر در سوره نبأ - بخش اول فایل۲۴ از سطح۲ سال۱۳۹۸ - علی.mp3)...
  16:07 → 1 request(s)
  progress file: Audios/Tadabor_Sobohi/Manaee/Term2/024/024_آموزش تدبر در سوره نبأ - بخش اول فایل۲۴ از سطح۲ سال۱۳۹۸ - علی.partial.txt
  [1/1] 0:00–16:07 (5665 KB)...
      → 9194 chars: خب سوره نبا از اون surah‌هاییه که از بچگی هممون باهاش [مکث]، معنوسیم. من یادمه همون بچگی‌ها تو خونه‌های ما زیاد عمه جزء پیدا میشد. عمه جزء. عمه جزء یعنی جزئی که با عمه آغاز می‌شود.…

============================================================
TRANSCRIPTION (preview)
============================================================
خب سوره نبا از اون surah‌هاییه که از بچگی هممون باهاش [مکث]، معنوسیم. من یادمه همون بچگی‌ها تو خونه‌های ما زیاد عمه جزء پیدا میشد. عمه جزء. عمه جزء یعنی جزئی که با عمه آغاز می‌شود. "أَمْ يَتَسَاءَلُونَ عَنِ النَّبَإِ الْعَظِيمِ" بهش می‌گفتن عمه جزء. نه اینکه جزء عمت بود مثلا. [خنده حضار] عمه جزء بهش می‌گفتن. و خب همه بچه‌ها تقریبا اینو بلد بودن، می‌خوندن، حفظ می‌کردن و اینا. لذا سوره معنوسیه. فکر می‌کنم همه‌تون به راحتی این سوره رو دسته‌بندی کردید. مفاهیم آیات رو که بلدید انشاالله. اگرم یه وقت اشکالی چیزی باشه حین بحث انشاالله اشکال برطرف میشه. اما دسته‌بندی سوره فکر می‌کنم براتون به راحتی انجام شده. درسته؟ درسته. خب اگه راست می‌گید آیه یک تا چند؟ پنج. دیدی؟ یک تا پنج. هیچکس هم دیگه الان نمیگه مثلا تا سی و فلان. [خنده] همه بلدن. شونزده. یک تا شونزده رفتی؟ نه. این معجزه‌ست. بعد می‌گید معجزه نیست. [خنده] یک تا شونزده. باز هم لااقل یه نفر یه چیزی گفت که ما یه دو تا حرف اینجا بزنیم و الا چی بگیم؟ بله، یک تا شونزده هم میشه گفت، صحیحه. چون چرا؟ چون در یه نگاه می‌تونیم بگیم یک تا پنج یه فرازه، یه مقدمه‌ای اینو مطرح کرده که وارد بحث بعدیش بشه. اما اگر این نگاهو بخواید بهش میدون بدید، من باید بگم برو تا آخر سوره. تا چهل. تا چهل. چرا؟ چون آقا به همون دلیلی که آیه شش تا شونزده را میشه به یک تا پنج متصل کرد، به همون دلیل هفده به بعدم میشه به شش تا شونزده چه کرد؟ متصل کرد. اون دلیل چیه؟ اون دلیل اینه که کسی میگه آقا این اول سوره که خدا گفته "أَمْ يَتَسَاءَلُونَ عَنِ النَّبَإِ الْعَظِيمِ، الَّذِي هُمْ فِيهِ مُخْتَلِفُونَ، كَلَّا سَيَعْلَمُونَ، ثُمَّ كَلَّا سَيَعْلَمُونَ" اینا همه یه مقدمه مربوط به چی؟ قیامت. بعد "أَلَمْ نَجْعَلِ الْأَرْضَ مِهَادًا، وَالْجِبَالَ أَوْتَادًا" و برو تا آخر آیه شونزده. اینا همه میخواد استدلال بکند بر حقانیت قیامت. خب اگر اینطوره بعدش که آیه هفده به بعده "إِنَّ يَوْمَ الْفَصْلِ كَانَ مِيقَاتًا، يَوْمَ يُنْفَخُ فِي الصُّورِ فَتَأْتُونَ أَفْوَاجًا، وَفُتِحَتِ السَّمَاءُ فَكَانَتْ أَبْوَابًا، وَسُيِّرَتِ الْجِبَالُ فَكَانَتْ سَرَابًا" و به بعدش جهنم چنین است، بهشت چنان است تا اونجایی که بگه "ذَٰلِكَ الْيَوْمُ الْحَقُّ" تا اونجا همش، همشون بازم قیامته. باز
… (truncated; see saved file for full transcript)

============================================================
SUMMARY
============================================================
Input file      : 024_آموزش تدبر در سوره نبأ - بخش اول فایل۲۴ از سطح۲ سال۱۳۹۸ - علی.mp3
Provider        : ElevenLabs Scribe (scribe_v2)
Audio duration  : 16:07 (966.74 s)
Requests        : 1
Billed duration : 967 s (rounded up to nearest second)
Rate            : $0.22 / audio hour
Estimated cost  : $0.059079 USD
Transcript saved: Audios/Tadabor_Sobohi/Manaee/Term2/024/024_آموزش تدبر در سوره نبأ - بخش اول فایل۲۴ از سطح۲ سال۱۳۹۸ - علی.txt
============================================================
[024] OK → 024_آموزش تدبر در سوره نبأ - بخش اول فایل۲۴ از سطح۲ سال۱۳۹۸ - علی.txt (74726 bytes)

=== [025] Tue Sep  8 14:31:20 PDT 2026 ===
  input: Audios/Tadabor_Sobohi/Manaee/Term2/025/025_آموزش تدبر در سوره نبأ - بخش دوم فایل۲۵ از سطح۲ سال۱۳۹۸ - علی.mp3
Provider: ElevenLabs Scribe (scribe_v2)
Progress file (updated after each chunk): Audios/Tadabor_Sobohi/Manaee/Term2/025/025_آموزش تدبر در سوره نبأ - بخش دوم فایل۲۵ از سطح۲ سال۱۳۹۸ - علی.partial.txt
  preparing audio (025_آموزش تدبر در سوره نبأ - بخش دوم فایل۲۵ از سطح۲ سال۱۳۹۸ - علی.mp3)...
  1:14:33 → 1 request(s)
  progress file: Audios/Tadabor_Sobohi/Manaee/Term2/025/025_آموزش تدبر در سوره نبأ - بخش دوم فایل۲۵ از سطح۲ سال۱۳۹۸ - علی.partial.txt
  [1/1] 0:00–1:14:33 (26212 KB)...
      → 42800 chars: سلام و ادب و احترام محضر خواهران و برادران گرامی. خدا را شکر می‌کنیم که توفیق داریم در پیشگاه مقدس قرآن کریم حاضریم و آرزو می‌کنیم خدای بزرگ ما را از سفره پربرکت قرآن کریم متنعم بف…

============================================================
TRANSCRIPTION (preview)
============================================================
سلام و ادب و احترام محضر خواهران و برادران گرامی. خدا را شکر می‌کنیم که توفیق داریم در پیشگاه مقدس قرآن کریم حاضریم و آرزو می‌کنیم خدای بزرگ ما را از سفره پربرکت قرآن کریم متنعم بفرماید. باز هم به برکت صلوات بر محمد و آل محمد. اللهم صل علی محمد و آل محمد و عجل فرجهم. ما بحثمون در سوره مبارکه نبع دو مرحله‌ش رو رفتیم؛ یعنی اون فهم اولیه آیات که خودتون کار کرده بودید و مرحله تشخیص سیاق‌هام کار شده. و در این جلسه انشاالله می‌خوایم جمع‌بندی کنیم سیاق‌ها رو و اگر فرصت شد به کشف ارتباط سیاق‌هام بپردازیم. همونطور که عرض کردم در سوره‌های مکی تشخیص ارتباط سیاق‌ها کار سختی نیست. جمع‌بندی سیاق‌هام چندان کار سختی نیست بخاطر اینکه معمولاً موضوع سوره دستخوش تغییر قرار نمی‌گیره. الان شما اگر نگاه بکنید به سوره نبع از شروع تا پایان تقریباً محور متصل مباحث رو به راحتی می‌تونید تشخیص بدید. اما به هر حال ما این جمع‌بندی‌مون رو کامل می‌کنیم که فیضمون و استفاده‌مون از سوره انشاالله بیشتر باشه. سیاق اول آیه یک تا پنج بود. "اما يتساءلون عن النبأ العظيم". خب اما مخفف عن ما. از چه چیز؟ يتساءلون مصدرش تساؤله یعنی پرسش از یکدیگر. یه مردمی رو فرض کنید که یه موضوعی با اون‌ها در میان گذاشته شده. این موضوع براشون سؤال برانگیز بوده یا این موضوع بین اون‌ها محل اختلاف بوده. این مردم شروع می‌کنند درباره اون موضوع با همدیگه صحبت کردن و از همدیگه پرسیدن. تو چی میگی؟ تو چی میگی؟ نظر تو چیه؟ نظر تو چیه؟ من اینجوری میگم، من اینجوری میگم. يتساءلون یعنی اینکه از یکدیگر سؤال کردن. اما یعنی درباره چی؟ درباره چه چیز از یکدیگر سؤال می‌کنند؟ قشنگ ذهن شما رو در همین ابتدای سوره می‌بره تو صحنه‌ای که یک عده‌ای دارن از یکدیگر سؤال می‌پرسن درباره یه چیزی. خودش در آیه بعدی جواب میده که درباره چیه. "اما يتساءلون عن النبأ العظيم" درباره خبر با عظمت. الف و لام "النبأ" الف و لام تعریفه. یعنی یه خبر معلومی که این خبر خیلی عظمت داره. این خبر معلوم با عظمت باعث شده که این‌ها دارن از همدیگه سؤال می‌پرسن درباره‌ش. خب چرا سؤال می‌پرسن؟ خب خبر اگر معلومه دیگه سؤال کردنش چیه؟ می‌فرماید "الذي هم فيه مختلفون" این خبر، این خبر با عظمت خبری‌ست که ایشان "فيه" درباره اون خبر "مختلفون" مختلف‌اند. که البته از ادامه متوجه می‌شیم این مختلفو
… (truncated; see saved file for full transcript)

============================================================
SUMMARY
============================================================
Input file      : 025_آموزش تدبر در سوره نبأ - بخش دوم فایل۲۵ از سطح۲ سال۱۳۹۸ - علی.mp3
Provider        : ElevenLabs Scribe (scribe_v2)
Audio duration  : 1:14:33 (4473.47 s)
Requests        : 1
Billed duration : 4474 s (rounded up to nearest second)
Rate            : $0.22 / audio hour
Estimated cost  : $0.273379 USD
Transcript saved: Audios/Tadabor_Sobohi/Manaee/Term2/025/025_آموزش تدبر در سوره نبأ - بخش دوم فایل۲۵ از سطح۲ سال۱۳۹۸ - علی.txt
============================================================
[025] OK → 025_آموزش تدبر در سوره نبأ - بخش دوم فایل۲۵ از سطح۲ سال۱۳۹۸ - علی.txt (356756 bytes)

=== [026] Tue Sep  8 14:34:11 PDT 2026 ===
  input: Audios/Tadabor_Sobohi/Manaee/Term2/026/026_آموزش تدبر در سوره نبأ - بخش سوم فایل۲۶ از سطح۲ سال۱۳۹۸ - علی.mp3
Provider: ElevenLabs Scribe (scribe_v2)
Progress file (updated after each chunk): Audios/Tadabor_Sobohi/Manaee/Term2/026/026_آموزش تدبر در سوره نبأ - بخش سوم فایل۲۶ از سطح۲ سال۱۳۹۸ - علی.partial.txt
  preparing audio (026_آموزش تدبر در سوره نبأ - بخش سوم فایل۲۶ از سطح۲ سال۱۳۹۸ - علی.mp3)...
  1:06:05 → 1 request(s)
  progress file: Audios/Tadabor_Sobohi/Manaee/Term2/026/026_آموزش تدبر در سوره نبأ - بخش سوم فایل۲۶ از سطح۲ سال۱۳۹۸ - علی.partial.txt
  [1/1] 0:00–1:06:05 (23230 KB)...
      → 36993 chars: اعوذ بالله من الشيطان الرجيم. بسم الله الرحمن الرحيم. [صدای محیط] توی فاصله‌ای که بین دو کلاس چند تا سؤال از من پرسیده شد که گفتم اینا رو انشاالله اول جلسه آینده جواب میدم. فعلاً ب…

============================================================
TRANSCRIPTION (preview)
============================================================
اعوذ بالله من الشيطان الرجيم. بسم الله الرحمن الرحيم. [صدای محیط] توی فاصله‌ای که بین دو کلاس چند تا سؤال از من پرسیده شد که گفتم اینا رو انشاالله اول جلسه آینده جواب میدم. فعلاً به یکیش اشاره کنم حالا تا انشاالله بقیه سوالات. سؤال می‌کنند که چرا ما در تدبر این آیات از روایات خیلی استفاده نمی‌کنیم پس. یعنی ما الان داریم آیات رو می‌خونیم، معنی می‌کنیم و اون مباحث روایی را ذیل آیات مورد اشاره قرار نمی‌دیم. خب این سؤال جوابش در قسمت مبانی تدبر تو سطح یک، سطح یک تقریباً دو سه ساعت اول جلسه مبانی تدبر توضیح داده شده و در توضیح مبانی نسبت تدبر رو با روایات باز کردیم، توضیح دادیم. لذا تفصیل این سؤال جواب کامل این سؤال رو خواهش می‌کنم از کسانی که براشون دغدغه است مراجعه کنند اون دو سه ساعت اول سطح یک رو که مبانی گفته شده یک بار دیگه با دقت بیشتر گوش بدن. این کلیتش. اما جواب کوتاهی که در این فاصله می‌خوام عرض کنم خدمتتون اینه. ببینید کارکرد روایات تفهیم قرآن نیست . در روایات ما، قرآن به عنوان کتابی که خودش قابل فهم است معرفی شده و بر همین اساس پیامبر خدا و ائمه علیهم السلام به ذکر معنی نپرداختن. بگن مثلاً يتساءلون از تساؤل است، تساؤل یعنی پرسیدن از یکدیگر. بگن مثلاً نبأ یعنی خبر، عظیم یعنی بزرگ، مختلفون یعنی با هم اختلاف دارند، مهاد یعنی این. نه لغت معنی کردن، روایات ما معنی لغت نیست، نه ترکیب کردن، این فعله، این فاعله، این مفعوله، این حاله، این تمیزه، این مبتداست، این خبره، اینم نکردن. اصلاً روایات اقدام به معنی کردن کلمات و ترکیب جملات و ترجمه آیات نکردند. چرا؟ چون بر این باورند ائمه علیهم السلام که قرآن یه متن عربی سلیس روان قابل فهمه. عربی هم زبان شناخته شده‌ایه، لغات را مردم می‌تونند بفهمند یعنی چی؟ ترکیب رو می‌تونند بفهمند یعنی چی؟ و درباره معنی آیه یا معنی یه پاراگراف یا یک سوره می‌تونند مردم خودشون به نتیجه برسند . نمیگم اصلاً روایتی نداریم که معنی گفته باشه ولی خیییلی ناچیز داریم، خیلی کم . چرا؟ مگر همون قدری که کسی سؤال مثلاً دیگه یه کسی رفته از حضرت سؤال کرده این یعنی چه؟ خب حضرت گفته یعنی این. و الا همینجوری خودشون مثلاً شروع کرده باشن قرآنو معنی کنن، نه. پس ما تو روایات چی داریم؟ روایاتی که ذیل آیات هست. عمدتاً تطبیق داریم. تطبیق یعنی چی؟ یعنی اومدن معنی آیه را 
… (truncated; see saved file for full transcript)

============================================================
SUMMARY
============================================================
Input file      : 026_آموزش تدبر در سوره نبأ - بخش سوم فایل۲۶ از سطح۲ سال۱۳۹۸ - علی.mp3
Provider        : ElevenLabs Scribe (scribe_v2)
Audio duration  : 1:06:05 (3964.54 s)
Requests        : 1
Billed duration : 3965 s (rounded up to nearest second)
Rate            : $0.22 / audio hour
Estimated cost  : $0.242277 USD
Transcript saved: Audios/Tadabor_Sobohi/Manaee/Term2/026/026_آموزش تدبر در سوره نبأ - بخش سوم فایل۲۶ از سطح۲ سال۱۳۹۸ - علی.txt
============================================================
[026] OK → 026_آموزش تدبر در سوره نبأ - بخش سوم فایل۲۶ از سطح۲ سال۱۳۹۸ - علی.txt (303436 bytes)

=== [027] Tue Sep  8 14:36:41 PDT 2026 ===
  input: Audios/Tadabor_Sobohi/Manaee/Term2/027/027_آموزش تدبر در سوره نازعات - بخش اول فایل۲۷ از سطح۲ سال۱۳۹۸ - علی.mp3
Provider: ElevenLabs Scribe (scribe_v2)
Progress file (updated after each chunk): Audios/Tadabor_Sobohi/Manaee/Term2/027/027_آموزش تدبر در سوره نازعات - بخش اول فایل۲۷ از سطح۲ سال۱۳۹۸ - علی.partial.txt
  preparing audio (027_آموزش تدبر در سوره نازعات - بخش اول فایل۲۷ از سطح۲ سال۱۳۹۸ - علی.mp3)...
  1:33:58 → 1 request(s)
  progress file: Audios/Tadabor_Sobohi/Manaee/Term2/027/027_آموزش تدبر در سوره نازعات - بخش اول فایل۲۷ از سطح۲ سال۱۳۹۸ - علی.partial.txt
  [1/1] 0:00–1:33:58 (33034 KB)...
      → 51602 chars: اعوذ بالله من الشيطان الرجيم. بسم الله الرحمن الرحيم. الحمد لله رب العالمين وصلى الله على سيدنا ونبينا حبيب اله العالمين ابى القاسم المصطفى محمد اللهم صل على محمد وآل محمد. وعلى آل…

============================================================
TRANSCRIPTION (preview)
============================================================
اعوذ بالله من الشيطان الرجيم. بسم الله الرحمن الرحيم. الحمد لله رب العالمين وصلى الله على سيدنا ونبينا حبيب اله العالمين ابى القاسم المصطفى محمد اللهم صل على محمد وآل محمد. وعلى آله الطيبين الطاهرين ولعنة الله على أعدائهم أجمعين من الآن إلى قيام يوم الدين. خدا رو شکر می‌کنیم که توفیق داریم در پیشگاه مقدس و نورانی قرآن کریم حاضریم و آرزو می‌کنیم که خدای بزرگ این توفیق رو تا آخرین لحظه زندگی از ما سلب نکنه. ما رو با قرآن زنده بدارد، با قرآن بمیراند و با قرآن کریم محشور بفرماید به برکت صلوات بر محمد و آل محمد. اللهم صل على محمد وآل محمد وعجل فرجهم. ایام الله دهه فجر انقلاب اسلامی رو تبریک عرض می‌کنم خدمت خواهران و برادران. خدا رو به خاطر نعمت انقلاب پرشکوه اسلامی شکر می‌کنیم و از خدا می‌خواهیم که این توفیق رو عطا کنه به معنای حقیقی کلمه پاسدار ارزش‌های برآمده از انقلاب اسلامی باشیم و از خدا می‌خواهیم که این انقلاب رو به کمال خودش برسونه. آفات و بلیا و غفلت‌ها و وسوسه‌ها و دسیسه‌ها رو و همچنین خیانت‌ها رو از این انقلاب دور کنه. باز هم به برکت صلوات بر محمد و آل محمد. اللهم صل على محمد وآل محمد وعجل فرجهم. خب ما با اینکه حقش این هست راجع به ایامی که درش هستیم مقداری صحبت بشه ولی چون هم یه مقدار از محتوای درسی عقب موندیم هم ان‌شاءالله پیش رو بعد از بیست و دو بهمن یه ویژه برنامه داریم برای چهلם سردار رشید اسلام حاج قاسم سلیمانی. ان‌شاءالله اگر صحبتی باشه توی اون فرصت در خدمت شما خواهیم بود و امروز ان‌شاءالله از محضر سوره مبارکه نازعات بیشتر استفاده کنیم. دیگه الحمد لله ما خیالمون راحته که در این جلسه همه بزرگواران مراحل تدبر رو کاملاً مسلط‌اند. می‌دونن چیه. تو اجرای این مراحل کم‌کم داره قلق کار دستشون میاد. الحمد لله دیگه در بررسی مفهوم آیات امیدواریم مشکل خاصی باقی نمونده باشه. حالا کسانی که احیاناً تا به حال در حوزه تشخیص مفهوم آیات تمرین نکرده‌اند، توصیه می‌کنم دیر نکنند. ما دیگه الان نباید تقریباً مشکلی برای تشخیص مفهوم آیات داشته باشیم. البته معناش این نیست که افراد به ترجمه نیاز نداشته باشن. چرا قرآن رو بخونن یه فهم شصت هفتاد درصدی به دست بیارن به ترجمه هم مراجعه کنن مشکلی نیست اما بتونن بین ترجمه و متن قرآن ارتباط برقرار کنن اصطلاحا تطبیق بدن. این توقع رو ما داریم ک
… (truncated; see saved file for full transcript)

============================================================
SUMMARY
============================================================
Input file      : 027_آموزش تدبر در سوره نازعات - بخش اول فایل۲۷ از سطح۲ سال۱۳۹۸ - علی.mp3
Provider        : ElevenLabs Scribe (scribe_v2)
Audio duration  : 1:33:58 (5637.82 s)
Requests        : 1
Billed duration : 5638 s (rounded up to nearest second)
Rate            : $0.22 / audio hour
Estimated cost  : $0.344533 USD
Transcript saved: Audios/Tadabor_Sobohi/Manaee/Term2/027/027_آموزش تدبر در سوره نازعات - بخش اول فایل۲۷ از سطح۲ سال۱۳۹۸ - علی.txt
============================================================
[027] OK → 027_آموزش تدبر در سوره نازعات - بخش اول فایل۲۷ از سطح۲ سال۱۳۹۸ - علی.txt (428653 bytes)

=== [028] Tue Sep  8 14:39:36 PDT 2026 ===
  input: Audios/Tadabor_Sobohi/Manaee/Term2/028/028_آموزش تدبر در سوره نازعات - بخش دوم فایل۲۸ از سطح۲ سال۱۳۹۸ - علی.mp3
Provider: ElevenLabs Scribe (scribe_v2)
Progress file (updated after each chunk): Audios/Tadabor_Sobohi/Manaee/Term2/028/028_آموزش تدبر در سوره نازعات - بخش دوم فایل۲۸ از سطح۲ سال۱۳۹۸ - علی.partial.txt
  preparing audio (028_آموزش تدبر در سوره نازعات - بخش دوم فایل۲۸ از سطح۲ سال۱۳۹۸ - علی.mp3)...
  52:41 → 1 request(s)
  progress file: Audios/Tadabor_Sobohi/Manaee/Term2/028/028_آموزش تدبر در سوره نازعات - بخش دوم فایل۲۸ از سطح۲ سال۱۳۹۸ - علی.partial.txt
  [1/1] 0:00–52:41 (18521 KB)...
      → 28689 chars: اعوذ بالله من الشيطان الرجيم. بسم الله الرحمن الرحيم. سیاق چهارم سوره نازعات هم جمع‌بندی شد. گفتیم توصیف غلبه در واقع پدیده غالب و برتر قیامت و بیان عاقبت طغیان‌گران دنیاگرا و خشیت…

============================================================
TRANSCRIPTION (preview)
============================================================
اعوذ بالله من الشيطان الرجيم. بسم الله الرحمن الرحيم. سیاق چهارم سوره نازعات هم جمع‌بندی شد. گفتیم توصیف غلبه در واقع پدیده غالب و برتر قیامت و بیان عاقبت طغیان‌گران دنیاگرا و خشیت پیشگانی که نفس رو از هوی، هوی یعنی سقوط به سمت دنیا. خشیت پیشگانی که مانع دنیاگرایی خودشون شدن. [سرفه] اما سیاق پنجم و پایانی سوره مبارکه نازعات. [سرفه] يسألونك عن الساعة أيان مرساها سؤال می‌کنند از تو درباره ساعت. ساعت یعنی زمان برپایی قیامت. درباره زمان برپایی قیامت از تو سؤال می‌کنند. أيان مرساها چه زمانیست تحقق اون، برپا شدن اون، والجبال ارساها مرساها همونه. جبال را، کوه‌ها را چه کرد؟ پابرجا کرد. یعنی کیه زمان محقق شدن و پابرجا شدن قیامت؟ أيان مرساها. دقت کنید این سؤال، سؤال استفهام حقیقی نیست. یعنی اونا واقعاً مسئله‌شون و دغدغه‌شون تاریخ وقوع قیامت نیست. این سؤال به منظور انکار پرسیده میشه. بازم اینو از جواب می‌فهمیم. یعنی اگر آیاتو در ادامه ببینیم، آیات مشخص میکنه که این استفهامی که اونا دارن استفهام انکاریه. میخوان بگن یا بگو کیه یا اگر نمیگی پس وجود نداره. آقا اگر چیزی هست بگو دیگه. بگو آقا صد سال دیگه است، دویست سال دیگه است، هزار سال دیگه است، دو هزار سال دیگه است. یه زمان بده. مسئله اینکه قیامت کی برپا می‌شود، کی محقق می‌شود، یه فرار به حاشیه است. خدا با ذکر مسئله قیامت به دنبال تربیت انسان‌هاست. می‌خواد انسان‌ها از دنیاگرایی دست بکشند و به خشیت رو بیارن، از طغیان برگردند، به خدا توجه کنند. خدا در صدد این هدفه. اما کسانی که میخوان تاریخ قیامت رو سؤال کنند، اونا میخوان همین هدف رو به چالش بکشند. خب حالا پس هنوز سه هزار سال دیگه است، خب باشه. اِه الان یه میلیون سال دیگه قراره اتفاق بیفته، خب حالا باشه دستت درد نکنه. یعنی جواب این سؤال چیو عوض می‌کنه؟ بین شما و بین قیامت مرگ فاصله است. جواب این سؤال چه چیزی رو، چه رویگردی می‌خواد به شما بده؟ می‌خواید با توجه به اینکه قیامت چند صد سال یا چند هزار سال یا چند میلیون سال بعد می‌خواد محقق بشه، چه اتفاقی بیفته؟ خب شما که هر آن ممکنه بمیری. حالا فرض کن قیامت یه میلیون سال دیگه است. اما اگر تو الآن مردی، قیامت شد دیگه. برای تو شد. تو دیگه دستت از دنیا چه شد؟ کوتاه شد دیگه. قیامتت برپا شد. حالا یا در برزخ بهشت و جهنم را تجربه می‌کنی تا روز
… (truncated; see saved file for full transcript)

============================================================
SUMMARY
============================================================
Input file      : 028_آموزش تدبر در سوره نازعات - بخش دوم فایل۲۸ از سطح۲ سال۱۳۹۸ - علی.mp3
Provider        : ElevenLabs Scribe (scribe_v2)
Audio duration  : 52:41 (3160.91 s)
Requests        : 1
Billed duration : 3161 s (rounded up to nearest second)
Rate            : $0.22 / audio hour
Estimated cost  : $0.193167 USD
Transcript saved: Audios/Tadabor_Sobohi/Manaee/Term2/028/028_آموزش تدبر در سوره نازعات - بخش دوم فایل۲۸ از سطح۲ سال۱۳۹۸ - علی.txt
============================================================
[028] OK → 028_آموزش تدبر در سوره نازعات - بخش دوم فایل۲۸ از سطح۲ سال۱۳۹۸ - علی.txt (239183 bytes)

=== [029] Tue Sep  8 14:41:12 PDT 2026 ===
  input: Audios/Tadabor_Sobohi/Manaee/Term2/029/029_آموزش تدبر در سوره عبس - بخش اول فایل۲۹ از سطح۲ سال۱۳۹۸ - علی.mp3
Provider: ElevenLabs Scribe (scribe_v2)
Progress file (updated after each chunk): Audios/Tadabor_Sobohi/Manaee/Term2/029/029_آموزش تدبر در سوره عبس - بخش اول فایل۲۹ از سطح۲ سال۱۳۹۸ - علی.partial.txt
  preparing audio (029_آموزش تدبر در سوره عبس - بخش اول فایل۲۹ از سطح۲ سال۱۳۹۸ - علی.mp3)...
  1:06:46 → 1 request(s)
  progress file: Audios/Tadabor_Sobohi/Manaee/Term2/029/029_آموزش تدبر در سوره عبس - بخش اول فایل۲۹ از سطح۲ سال۱۳۹۸ - علی.partial.txt
  [1/1] 0:00–1:06:46 (23474 KB)...
      → 37923 chars: اعوذ بالله من الشيطان الرجيم. بسم الله الرحمن الرحيم. الحمد لله رب العالمين وصلى الله على سيدنا ونبينا حبيب اله العالمين ابا القاسم المصطفى محمد. اللهم صل على محمد وآل محمد وعجل فر…

============================================================
TRANSCRIPTION (preview)
============================================================
اعوذ بالله من الشيطان الرجيم. بسم الله الرحمن الرحيم. الحمد لله رب العالمين وصلى الله على سيدنا ونبينا حبيب اله العالمين ابا القاسم المصطفى محمد. اللهم صل على محمد وآل محمد وعجل فرجه. عرض سلام و ادب و احترام محضر خواهران و برادران گرامی. خدا رو شکر می‌کنیم که توفیق داریم در پیشگاه مقدس و نورانی قرآن کریم حاضریم و آرزو می‌کنیم خدای بزرگ توفیق فهم قرآن، عمل به قرآن و حشر با قرآن رو به ما عطا کنه. به برکت صلوات بر محمد و آل محمد. اللهم صل على محمد وآل محمد وعجل فرجه. دیروز سالروز پیروزی انقلاب شکوهمند اسلامی ایران بود. تبریک عرض می‌کنم خدمت برادران و خواهران و آرزو می‌کنیم خدای بزرگ بر درجات امام عزیرمون و شهدای بزرگوار انقلاب و دفاع مقدس و شهدای مقاومت لحظه به لحظه بیفزاید. اون‌ها رو با سید و سالار شهیدان حضرت ابا عبدالله الحسین علیه السلام محشور بفرماید. امیدواریم خدای بزرگ سلامتی و طول عمر با عزت به رهبر عظیم الشأن مون عطا کنه و پرچم شکوهمند انقلاب رو از دست رهبر عزیرمون به دستان مبارک امام زمان علیه السلام برسانه. آرزو می‌کنیم که شر دشمنان انقلاب اسلامی به خودشون برگرده. به ویژه آمریکا، اسرائیل و آل سعود و دشمنان داخلی منافقین به سزای اعمال خودشون برسند و امیدواریم دست نامحرمان و بیگانگان و خائنان از انقلاب عزیرمون کوتاه بشه و مراتب آگاهی و هوشیاری ملت مسلمان ایران هر روز بیش از روزهای قبل، هر سال بیش از سال‌های قبل باشه و بتونیم این راه خطیر رو با سلامتی و با عافیت دین و دنیا ان شاءالله در پرتو رهبری حکیمانه رهبر عزیرمون تا ظهور امام زمان علیه السلام طی کنیم. به امید اجابت این دعاها صلواتی ختم بفرمایید. اللهم صل على محمد وآل محمد وعجل فرجه. ان شاءالله امروز ما بناست در سوره مبارکه عبس تدبر بکنیم و [مکث] حالا سوره عبس و سوره‌های بعدش ما کلاً تو این محدوده‌ای که باید یعنی باقی مونده از سوره‌های سطح دو، عبس هست و تکویر و انفطار و متففین مجموعاً چهار سوره است. ما فکر می‌کنیم در هر جلسه یک سوره تمام میشه و حالا بعضی از این سوره‌ها وقت اضافی هم میاریم شاید برای پرسش و پاسخ وقت بگذاریم و جلسه آخر ان شاءالله یعنی آخرین جلسه دوره طبق تقویمی که به شما داده شده جلسه برگزاری آزمون خواهد بود ان شاءالله. پس حالا کسانی که میخوان آماده باشند و مطالعه بکنند و اینا دیگه از الان به 
… (truncated; see saved file for full transcript)

============================================================
SUMMARY
============================================================
Input file      : 029_آموزش تدبر در سوره عبس - بخش اول فایل۲۹ از سطح۲ سال۱۳۹۸ - علی.mp3
Provider        : ElevenLabs Scribe (scribe_v2)
Audio duration  : 1:06:46 (4006.22 s)
Requests        : 1
Billed duration : 4007 s (rounded up to nearest second)
Rate            : $0.22 / audio hour
Estimated cost  : $0.244825 USD
Transcript saved: Audios/Tadabor_Sobohi/Manaee/Term2/029/029_آموزش تدبر در سوره عبس - بخش اول فایل۲۹ از سطح۲ سال۱۳۹۸ - علی.txt
============================================================
[029] OK → 029_آموزش تدبر در سوره عبس - بخش اول فایل۲۹ از سطح۲ سال۱۳۹۸ - علی.txt (315723 bytes)

=== [030] Tue Sep  8 14:43:18 PDT 2026 ===
  input: Audios/Tadabor_Sobohi/Manaee/Term2/030/030_آموزش تدبر در سوره عبس - بخش دوم فایل۳۰ از سطح۲ سال۱۳۹۸ - علی.mp3
Provider: ElevenLabs Scribe (scribe_v2)
Progress file (updated after each chunk): Audios/Tadabor_Sobohi/Manaee/Term2/030/030_آموزش تدبر در سوره عبس - بخش دوم فایل۳۰ از سطح۲ سال۱۳۹۸ - علی.partial.txt
  preparing audio (030_آموزش تدبر در سوره عبس - بخش دوم فایل۳۰ از سطح۲ سال۱۳۹۸ - علی.mp3)...
  1:02:42 → 1 request(s)
  progress file: Audios/Tadabor_Sobohi/Manaee/Term2/030/030_آموزش تدبر در سوره عبس - بخش دوم فایل۳۰ از سطح۲ سال۱۳۹۸ - علی.partial.txt
  [1/1] 0:00–1:02:42 (22044 KB)...
      → 34269 chars: اعوذ بالله من الشيطان الرجيم. بسم الله الرحمن الرحيم. اما سیاق اول تمام شد. سیاق اول تو چه فضایی تمام شد؟ تو این فضا که بابا اینی که رو ترش کرد و گذاشت رفت ولش کن بذار بره به خاطر …

============================================================
TRANSCRIPTION (preview)
============================================================
اعوذ بالله من الشيطان الرجيم. بسم الله الرحمن الرحيم. اما سیاق اول تمام شد. سیاق اول تو چه فضایی تمام شد؟ تو این فضا که بابا اینی که رو ترش کرد و گذاشت رفت ولش کن بذار بره به خاطر اون از اینی که مشتاق هدایته غافل نشو. قرآن یه کتاب عالی شان نیست که هر کس که بخواهد از اون میتونه تذکر بپذیره. قرآن التماس کسی نمیکنه تو رو خدا بیا، بیا بشین ببین یه کلمه بهت حرف بزنم. خودش میدونه. حالا توی سیاق بعدی خدا میاد سر وقت انسان. قتل الانسان ما اکبره. کشته باد انسان. چقدر ناسپاس است. حالا دیگه شماها متدبرید دیگه الان من لازم نیست شما رو معطل نگه دارم برای مرحله بعد. الان میدونید این الانسان به چه مناسبت اینجا مطرح شد؟ [پچ،پچ] به مناسبت همون استغناء. به مناسبت همون که یه انسانی تو سیاق قبل پاش در میون بود که میگفت من هدایت نمیخوام. یعنی این الانسانی که اینجا مطرح شده به مناسبت پیغمبر مطرح نشده. این الانسانی که اینجا مطرح شده به مناسبت الاعمایی که جاake يسأوه ويخشى مطرح نشده. این به مناسبت همون فردی مطرح شده که از قرآن بی‌نیازی ورزید، چهره در هم کشید، رو ترش کرد گذاشت رفت که چی؟ که پیغمبری که این آدم‌های ضعیف دور و برشند قرآنش هم نخواستیم. قرآنش هم نخواستیم. حالا خدا به این مناسبت میاد سر وقت این انسان ناسپاس. قتل الانسان ما اکبره . مرگ بر انسان. چقدر ناسپاس است. بذارید یه مثالی براتون بزنم تا این آیات قشنگ بهتون بچسبه. یه وقت میبینید [سرفه] چون یه حالتی میگن با دست پس میزنه با پا پیش میکشه. این مثلو شنیدید؟ توی این سیاق قبلی خدا به پیغمبر گفت ولش کن. ولش کن. اما من استغنی فأنت له تسدی و ما عليك الا يذکره. این یعنی چی؟ یعنی ولش کن. اما تو این سیاق خدا داره چیکار میکنه اونو؟ چیکارش میکنه؟ داره جذبش میکنه. پس چی شد؟ خودت گفتی ولش کن حالا داری میکشیش. این حرفا درسته علیه او این حرفا رو میزنه ولی میخواد او چه شود؟ هدایت بشه، متذکر بشه. این چیه؟ این چه سیاستی هستش. از یه طرف خدا میگه ولش کن [خنده]. از یه طرف خودش یه حرفایی میزنه بلکه روی او اثر بگذاره. اینو من همیشه مثالش اینجوری تو ذهنم میاد. میگم مثلا تو خونه شما تصور بکنید یه بچه ای رو که غذا به غذاها بهانه میگیره. دیدید دیگه بعضی بچه ها هستن این پیاز داره، این سیر داره، این بادمجان داره، این گوجه داره. از این جور بهانه ها میگیرن غذا
… (truncated; see saved file for full transcript)

============================================================
SUMMARY
============================================================
Input file      : 030_آموزش تدبر در سوره عبس - بخش دوم فایل۳۰ از سطح۲ سال۱۳۹۸ - علی.mp3
Provider        : ElevenLabs Scribe (scribe_v2)
Audio duration  : 1:02:42 (3762.04 s)
Requests        : 1
Billed duration : 3763 s (rounded up to nearest second)
Rate            : $0.22 / audio hour
Estimated cost  : $0.229902 USD
Transcript saved: Audios/Tadabor_Sobohi/Manaee/Term2/030/030_آموزش تدبر در سوره عبس - بخش دوم فایل۳۰ از سطح۲ سال۱۳۹۸ - علی.txt
============================================================
[030] OK → 030_آموزش تدبر در سوره عبس - بخش دوم فایل۳۰ از سطح۲ سال۱۳۹۸ - علی.txt (282411 bytes)

=== [031] Tue Sep  8 14:45:07 PDT 2026 ===
  input: Audios/Tadabor_Sobohi/Manaee/Term2/031/031_آموزش تدبر در سوره تکویر - بخش اول فایل۳۱ از سطح۲ سال۱۳۹۸ - علی.mp3
Provider: ElevenLabs Scribe (scribe_v2)
Progress file (updated after each chunk): Audios/Tadabor_Sobohi/Manaee/Term2/031/031_آموزش تدبر در سوره تکویر - بخش اول فایل۳۱ از سطح۲ سال۱۳۹۸ - علی.partial.txt
  preparing audio (031_آموزش تدبر در سوره تکویر - بخش اول فایل۳۱ از سطح۲ سال۱۳۹۸ - علی.mp3)...
  1:14:27 → 1 request(s)
  progress file: Audios/Tadabor_Sobohi/Manaee/Term2/031/031_آموزش تدبر در سوره تکویر - بخش اول فایل۳۱ از سطح۲ سال۱۳۹۸ - علی.partial.txt
  [1/1] 0:00–1:14:27 (26173 KB)...
      → 40539 chars: اما سوره مبارکه تکویر. سوره تکویر سیاق بندیش خیلی کار سختی نیست. یه سیاقش که خیلی واضحه همه آیات شرطه. همینجوری می‌خونیم. اذا، اذا، اذا، اذا، اذا، اذا، اذا تا تو آیه چهاردهم میگیم …

============================================================
TRANSCRIPTION (preview)
============================================================
اما سوره مبارکه تکویر. سوره تکویر سیاق بندیش خیلی کار سختی نیست. یه سیاقش که خیلی واضحه همه آیات شرطه. همینجوری می‌خونیم. اذا، اذا، اذا، اذا، اذا، اذا، اذا تا تو آیه چهاردهم میگیم علمت نفس ما احضرت. جواب اون همه شرط تو آیه چندم داده میشه؟ چهاردهم یعنی تا آیه چهارده معلوم راحته یه سیاق دیگه همه شرط است و یه جواب، یه جزا. این سیاق اول. [سرفه] از آیه پونزدهم به بعد هم دیگه توی فضای چی هستیم؟ اثبات حقانیت قرآن و پیامبر هستیم. تا آیه چهاردهم یه شرط و جزا است یعنی چند تا شرط با یه جزا است درباره معاد. از آیه پونزدهم تا بیست و نهم یعنی آخر سوره هم تو فضای اثبات حقانیت قرآن و پیامبر هستیم. دو تا سیاق. آقای دکتر بیست و شش به بعد تو برمی‌گردونن به سوره سیاق جدید. لمن شاء منکم ان يستقيم. فَاَيْنَ تَذْهَبُونَ. خب، فَاَيْنَ تَذْهَبُونَ ما باید به این نگاه بکنیم. اَيْنَ تَذْهَبُونَ نسبت به چه چیز؟ وگرنه اینجوری می‌فهمم. اَيْنَ تَذْهَبُونَ نسبت به حقانیت قرآنه. یعنی وقتی دفاع کرد از حقانیت قرآن که بابا قرآن یه کتابی‌ست که پیغمبر اکرم اون رو از فرشته وحی دریافت کرده و، و، و، و. خب حالا میگه پس شما کجا دارید می‌رید؟ پس چرا به این قرآن رو نمی‌کنید؟ چرا پشت می‌کنید؟ فَاَيْنَ تَذْهَبُونَ. این قرآن کتاب هدایته برای هرکس که بخواد راه هدایت رو باز می‌کنه. از قبل قرآن به معاد وصل میشه یعنی مستقیم به معاد متصل نمیشه بخاطر لمن شاء منکم ان يستقيم وما تشاؤون الا ان يشاء الله رب العالمين. این اون هدایت بودن قرآن رو داره میگه. لذا اون آیات بیست و شش به بعد هم جزء همین سیاق دومه. ولی سیاق دوم کلیتش در خدمت سیاق اوله که انشاالله بهش اشاره خواهم کرد. خب. بسم الله الرحمن الرحیم. اذا الشمس كورت. واذا النجوم انكدرت. واذا الجبال سيرت. واذا العشار عطلت. واذا الوحوش حشرت. واذا البحار سجرت. واذا النفوس زوجت. واذا الموؤدة سئلت. باي ذنب قتلت. واذا الصحف نشرت. واذا السماء كشطت. واذا الجحيم سعرت. واذا الجنة узلفَت. علمت نفس ما احضرت. ورود خیلی ورود سهمگی نیست . ورود به بحث ورود بسیار سهمگی نیست . ما هم اگر یه مقدار از صرف شنیدن الفاظ فاصله بگیریم، یه مقدار خودمون رو به معانی نزدیک بکنیم، ما هم شاید درکی از سهمگینی این ورود داشته باشیم. هر روز صبح از خواب بیدار میشیم، میبینیم زمین همون زمینه، آسمون همون آسمونه
… (truncated; see saved file for full transcript)

============================================================
SUMMARY
============================================================
Input file      : 031_آموزش تدبر در سوره تکویر - بخش اول فایل۳۱ از سطح۲ سال۱۳۹۸ - علی.mp3
Provider        : ElevenLabs Scribe (scribe_v2)
Audio duration  : 1:14:27 (4466.74 s)
Requests        : 1
Billed duration : 4467 s (rounded up to nearest second)
Rate            : $0.22 / audio hour
Estimated cost  : $0.272967 USD
Transcript saved: Audios/Tadabor_Sobohi/Manaee/Term2/031/031_آموزش تدبر در سوره تکویر - بخش اول فایل۳۱ از سطح۲ سال۱۳۹۸ - علی.txt
============================================================
[031] OK → 031_آموزش تدبر در سوره تکویر - بخش اول فایل۳۱ از سطح۲ سال۱۳۹۸ - علی.txt (335554 bytes)

=== [032] Tue Sep  8 14:47:11 PDT 2026 ===
  input: Audios/Tadabor_Sobohi/Manaee/Term2/032/032_آموزش تدبر در سوره تکویر - بخش دوم فایل۳۲ از سطح۲ سال۱۳۹۸ - علی.mp3
Provider: ElevenLabs Scribe (scribe_v2)
Progress file (updated after each chunk): Audios/Tadabor_Sobohi/Manaee/Term2/032/032_آموزش تدبر در سوره تکویر - بخش دوم فایل۳۲ از سطح۲ سال۱۳۹۸ - علی.partial.txt
  preparing audio (032_آموزش تدبر در سوره تکویر - بخش دوم فایل۳۲ از سطح۲ سال۱۳۹۸ - علی.mp3)...
  17:08 → 1 request(s)
  progress file: Audios/Tadabor_Sobohi/Manaee/Term2/032/032_آموزش تدبر در سوره تکویر - بخش دوم فایل۳۲ از سطح۲ سال۱۳۹۸ - علی.partial.txt
  [1/1] 0:00–17:08 (6023 KB)...
      → 9208 chars: اعوذ بالله من الشيطان الرجيم. بسم الله الرحمن الرحيم. خب ببینید یک بحثی که میخواستم مطرح کنم مسئله ارتباط قسم و جوابه. همونطور که میبینید بعد از قسم های آیه پونزده تا هجده "فلا اقس…

============================================================
TRANSCRIPTION (preview)
============================================================
اعوذ بالله من الشيطان الرجيم. بسم الله الرحمن الرحيم. خب ببینید یک بحثی که میخواستم مطرح کنم مسئله ارتباط قسم و جوابه. همونطور که میبینید بعد از قسم های آیه پونزده تا هجده "فلا اقسم بالخنّس الجوار الكنّس والليل إذا عسعس والصبح إذا تنفس" دو تا جواب قسم اصلی شما دارید یکی "إنه لقول رسول كريم" یکی "وما هو بقول شيطان رجيم". بعضی تناسب قسم و جواب رو به این بیان مطرح کردن. فرمودن که در حقیقت این رسول کریم که در این آیات آمده یعنی حضرت جبرائیل علیه السلام، این حضرت برای دقایقی یا ساعاتی یا لحظاتی هرچه در افق مبین توسط پیامبر چه شد؟ مشاهده شد. خواستن بگن که اون بحث اول که می فرماید "فلا اقسم بالخنّس الجوار الكنّس" اون یادآور، میخواد با تشبیه با یادآوری ستارگان که اول مخفی‌اند بعد یه جلوه گری می‌کنند، یه حرکتی دارند بعد دو مرتبه در گویا لانه خود مستقر میشن، در جایگاه خود مستقر میشن؛ میخواد زمینه ساز باشه یادآور این ظهور و این جلوه گری حضرت جبرائیل علیه السلام باشه که ایشون اولاً مخفیست سپس یه جلوه‌ای کرده رؤیت شده دو مرتبه چه شده؟ دو مرتبه پنهان شده. دو مرتبه از رؤیت حضرت مخفی شده. این جور تعبیری مطرحه. بعد "والليل إذا عسعس والصبح إذا تنفس" رو هم یک عبارت بشارت آمیزی میدونن دیگه. عبارت بشارت آمیزی که از پشت کردن شب و روی کردن صبح خبر میده و در حقیقت میخواد بگه با سخن جبرائیل علیه السلام صبح هدایت دمید و امید است که شب ظلمانی جهالت پشت کند. خب. این مطلب درسته به نظرم تناسب موجهیه. ولی یه تناسب دیگر رو هم میخوام عرض کنم که شاید شاهد قرآنی‌ش قوی‌تر باشه. اونم این است که خب اگر ما بپذیریم که "الخنّس الجوار الكنّس" شهاب سنگ‌ها باشند، که این‌ها وقتی مشتعل میشن رؤیت میشن، قبلش مخفی‌اند بعد رؤیت میشن، بعد دو مرتبه چه میشن؟ در جایگاهی مستقر می‌شن و خاموش می‌شن. در قرآن کریم شهاب سنگ‌ها کارکردشون چیه؟ دفع شیاطینه. دفع شیاطین، رجم شیاطین. شیاطین برای چی باید رجم بشن؟ برای چی باید دفع بشن؟ برای حراست از مسیر تنزل وحیه. اگر به سوره جن مراجعه بکنید، در سوره جن می بینید که جنیانی که رسیدن به قرآن کریم و قرآن کریم رو شنیدن، اونا دارن یه نقل قولی می‌کنند. میگن ما رفتیم به آسمان "أنا لمسنا السماء" آسمان را رفتیم مثل همیشه مورد جستجو قرار بدیم. "فوجدناها ملأت حرسا شديدا وشهبا" دیدیم آسمان پر ا
… (truncated; see saved file for full transcript)

============================================================
SUMMARY
============================================================
Input file      : 032_آموزش تدبر در سوره تکویر - بخش دوم فایل۳۲ از سطح۲ سال۱۳۹۸ - علی.mp3
Provider        : ElevenLabs Scribe (scribe_v2)
Audio duration  : 17:08 (1027.84 s)
Requests        : 1
Billed duration : 1028 s (rounded up to nearest second)
Rate            : $0.22 / audio hour
Estimated cost  : $0.062812 USD
Transcript saved: Audios/Tadabor_Sobohi/Manaee/Term2/032/032_آموزش تدبر در سوره تکویر - بخش دوم فایل۳۲ از سطح۲ سال۱۳۹۸ - علی.txt
============================================================
[032] OK → 032_آموزش تدبر در سوره تکویر - بخش دوم فایل۳۲ از سطح۲ سال۱۳۹۸ - علی.txt (76810 bytes)

=== [033] Tue Sep  8 14:47:46 PDT 2026 ===
  input: Audios/Tadabor_Sobohi/Manaee/Term2/033/033_آموزش تدبر در سوره انفطار - بخش اول فایل۳۳ از سطح۲ سال۱۳۹۸ - علی.mp3
Provider: ElevenLabs Scribe (scribe_v2)
Progress file (updated after each chunk): Audios/Tadabor_Sobohi/Manaee/Term2/033/033_آموزش تدبر در سوره انفطار - بخش اول فایل۳۳ از سطح۲ سال۱۳۹۸ - علی.partial.txt
  preparing audio (033_آموزش تدبر در سوره انفطار - بخش اول فایل۳۳ از سطح۲ سال۱۳۹۸ - علی.mp3)...
  55:54 → 1 request(s)
  progress file: Audios/Tadabor_Sobohi/Manaee/Term2/033/033_آموزش تدبر در سوره انفطار - بخش اول فایل۳۳ از سطح۲ سال۱۳۹۸ - علی.partial.txt
  [1/1] 0:00–55:54 (19652 KB)...
      → 29749 chars: اعوذ بالله من الشيطان الرجيم. بسم الله الرحمن الرحيم. الحمد لله رب العالمين وصلى الله على سيدنا ونبينا حبيب اله العالمين. أبي القاسم المصطفى محمد. اللهم صل على محمد وآل محمد. وعلى …

============================================================
TRANSCRIPTION (preview)
============================================================
اعوذ بالله من الشيطان الرجيم. بسم الله الرحمن الرحيم. الحمد لله رب العالمين وصلى الله على سيدنا ونبينا حبيب اله العالمين. أبي القاسم المصطفى محمد. اللهم صل على محمد وآل محمد. وعلى آله الطيبين الطاهرين ولعنة الله على أعدائهم أجمعين. من الآن إلى قيام يوم الدين. عرض سلام و ادب و احترام محضر خواهران و برادران گرامی. سلام علیکم. سلام علیکم. عادتمند چون رسمی که سلام میدیم یادتون میره مثل همون قبل‌ها. خدا رو شکر میکنیم که به شما عزیزان عافیت و سلامتی عطا فرموده و توفیق عطا کرده در محضر نورانی و با سعادت قرآن باشید و باشیم. الحمد لله. از خدا می‌خواهیم که هم به ما هم به مردم عزیزمون عافیت کامل عنایت کنه و شر بیماری‌ها و آفات رو از جامعه مؤمنین و از جامعه انسانی ان شاء الله دور کنه. به برکت صلوات بر محمد و آل محمد. اللهم صل على محمد وآل محمد. خب یک وقفه‌ای افتاد. امیدوارم این وقفه‌ای در فعالیت‌ها و مطالعات قرآنی عزیزان نبوده باشه و به طور کلی چون زندگی خبر نمیکنه انسان یه روز شرایطش عادیه، روز دیگری نیازمند مدیریت بحرانه. به هر حال وضعیت زندگی از فراز و نشیب‌ها خالی نیست. بعد از این وقفه‌ای که افتاد حالا با یک ریزش حسابی ولی ان شاء الله همه از پشت دوربین‌ها دارن مطلب رو دنبال می‌کنند. اگر زنده شد که ان شاء الله به شکل زنده دنبال می‌کنند. اگرم نه فایل‌ها در اختیارشون قرار می‌گیره. چون در این شرایط نمی‌شد توقع داشت که همه بتونن در کلاس حاضر بشن. لذا حضور در جلسه رو اختیاری کردیم و گفتیم که کسانی که نمی‌تونن حاضر باشند غیبتشون موجه محسوب میشه و ان شاء الله فایل‌ها در اختیارشون قرار می‌گیره که بتونن همراهی داشته باشن. ولی خب اون فایده‌ای که در حضور هست طبیعتا توی ارت-ارتباط مجازی یا استفاده از کلاس‌ها به شکل فایل صوتی و تصویری نیست. ولی به هر حال از قدیم یه مثلی ما طلبه‌ها داریم. میگیم ما لا یدرک كله لا یترك كله. فارسیش این میشه. آب دریا را اگر نتوان کشید هم به قدر تشنگی باید چشید. حالا به هر حال اگر دست نمی‌رسد به اینکه بیان در جلسات قرآن حاضر باشن بنا به مصلحت سلامتیشون یا بنا به شرایط خاص خانوادگیشون، ان شاء الله خدا این توفیق رو بهشون عطا بکنه که بتونن فایل‌ها رو دنبال کنن. از کلاس عقب نمونن تا ان شاء الله مراحل بعدی رو هم بتونیم در عافیت و سلامتی در کنار هم ان شاء الله طی کن
… (truncated; see saved file for full transcript)

============================================================
SUMMARY
============================================================
Input file      : 033_آموزش تدبر در سوره انفطار - بخش اول فایل۳۳ از سطح۲ سال۱۳۹۸ - علی.mp3
Provider        : ElevenLabs Scribe (scribe_v2)
Audio duration  : 55:54 (3353.83 s)
Requests        : 1
Billed duration : 3354 s (rounded up to nearest second)
Rate            : $0.22 / audio hour
Estimated cost  : $0.204956 USD
Transcript saved: Audios/Tadabor_Sobohi/Manaee/Term2/033/033_آموزش تدبر در سوره انفطار - بخش اول فایل۳۳ از سطح۲ سال۱۳۹۸ - علی.txt
============================================================
[033] OK → 033_آموزش تدبر در سوره انفطار - بخش اول فایل۳۳ از سطح۲ سال۱۳۹۸ - علی.txt (249334 bytes)

=== [034] Tue Sep  8 14:49:31 PDT 2026 ===
  input: Audios/Tadabor_Sobohi/Manaee/Term2/034/034_آموزش تدبر در سوره انفطار - بخش دوم فایل۳۴ از سطح۲ سال۱۳۹۸ - علی.mp3
Provider: ElevenLabs Scribe (scribe_v2)
Progress file (updated after each chunk): Audios/Tadabor_Sobohi/Manaee/Term2/034/034_آموزش تدبر در سوره انفطار - بخش دوم فایل۳۴ از سطح۲ سال۱۳۹۸ - علی.partial.txt
  preparing audio (034_آموزش تدبر در سوره انفطار - بخش دوم فایل۳۴ از سطح۲ سال۱۳۹۸ - علی.mp3)...
  51:10 → 1 request(s)
  progress file: Audios/Tadabor_Sobohi/Manaee/Term2/034/034_آموزش تدبر در سوره انفطار - بخش دوم فایل۳۴ از سطح۲ سال۱۳۹۸ - علی.partial.txt
  [1/1] 0:00–51:10 (17987 KB)...
      → 29179 chars: خب سوره انفطار گام دومه. همونطور که داشتیم میخوندیم متوجه شدید سه تا سیاق داره. آیه یکم تا پنجم که اتصالش کاملاً روشنه. چهار تا آیه اول همه اذا، اذا، اذا، اذا همه شرطه جزاش چیه؟ آی…

============================================================
TRANSCRIPTION (preview)
============================================================
خب سوره انفطار گام دومه. همونطور که داشتیم میخوندیم متوجه شدید سه تا سیاق داره. آیه یکم تا پنجم که اتصالش کاملاً روشنه. چهار تا آیه اول همه اذا، اذا، اذا، اذا همه شرطه جزاش چیه؟ آیه پنجه که علمت نفس مقدمة وتأخرت. یک تا پنج، یک جمله مرکب شرط و جزاست. آیه شش: يا ايها الانسان ما غرّك بربك الكريم. ببینید این آیه شش خودش یه جمله مستقله. اما با آیه یک تا پنج اتصال ادبی بگید، دارد یا نه؟ ندارد. اتصال لفظی دارد یا نه؟ ندارد. اتصال و اشتراک واژگانی دارد؟ ندارد. يا ايها الانسان ما غرّك بربك الكريم. یک جمله مستقل شروع سیاق جدید. منتها آیه بعدو ببینید. الذي خلقک توصیف ربه. آیه بعدو ببینید. في اي صورة ما شاء ركّبك. این ادامه سواك فعدلك. خلقک، سواك، عدلک، ركّبك. في اي صورة ما شاء ركّبك. بعدو ببینید. كلا جواب ماغرّک است. ماغرّك بربك الكريم. كلا هیچی. پس چرا فریبته شدی؟ به خاطر بل تكذبون بالدين. به خاطر تکذیب جزا. [سرفه] خب این تکذیب جزا آیا باعث میشه جزایی در کار نباشد؟ جواب. نه. جواب تکذیب را خدا میده. اگر تو جزا را تکذیب می‌کنی بدان که حافظانی بر شماها گماشته شده‌اند. این حافظان چه صفتی دارند؟ كراماً كاتبين. حالا که کاتباً چی میشه؟ يعلمون ما. پس ببین از آیه شش تا دوازدهم یه سیاقه. حالا سیزده رو ببینید. إن الأبرار لفي نعيم. این بازم شروع جدیده. اتصال ادبی لفظی به قبل ندارد. شروع بیان عاقبت ابرار و بعدم فجاره. ابرار لفي نعيم، فجار لفي جهيم. کی میرن دوزخ فجار؟ يوم الدين. روز جزا. آیا ممکنه نرن جهنم؟ نه ممکن نیست. ماهم عنها بغائبين. همه حتماً میرن جهنم فجار. این يوم الدينی که فجار میرن تو جهنم چه جور روزیه؟ وما أدراك ما يوم الدين. ثم ما أدراك ما يوم الدين. تاکید دوباره میکنه. بعد جواب این سؤالو میده. ما أدراك ما يوم الدين. ثم ما أدراك ما يوم الدين. يوم لا تملك نفس. يوم الدين. يوم، يوم، يوم، يوم. يومی است که لا تملك نفس لنفس شيئا والامر يومئذ. بازهم بگید. پس اینم با هم شد یه دسته. یعنی سه تا سیاق ما تو سوره داریم. آیه یک تا پنج، شش تا دوازده و سیزده تا نوزده. این عملاً سیاق بندی سوره مبارکه انفطار. [سرفه] گام بعدی چیست؟ گام بعدی جمع بندیه. جمع بندی یادتون اگر باشه در جمع بندی هر سیاق یکی از این دو تا عملیات انجام میشود. اولاً فروع را به اصول چکار میکنیم؟ ارجاع میدیم، برمیگردانیم. فرو
… (truncated; see saved file for full transcript)

============================================================
SUMMARY
============================================================
Input file      : 034_آموزش تدبر در سوره انفطار - بخش دوم فایل۳۴ از سطح۲ سال۱۳۹۸ - علی.mp3
Provider        : ElevenLabs Scribe (scribe_v2)
Audio duration  : 51:10 (3069.76 s)
Requests        : 1
Billed duration : 3070 s (rounded up to nearest second)
Rate            : $0.22 / audio hour
Estimated cost  : $0.187596 USD
Transcript saved: Audios/Tadabor_Sobohi/Manaee/Term2/034/034_آموزش تدبر در سوره انفطار - بخش دوم فایل۳۴ از سطح۲ سال۱۳۹۸ - علی.txt
============================================================
[034] OK → 034_آموزش تدبر در سوره انفطار - بخش دوم فایل۳۴ از سطح۲ سال۱۳۹۸ - علی.txt (243653 bytes)

=== [035] Tue Sep  8 14:50:58 PDT 2026 ===
  input: Audios/Tadabor_Sobohi/Manaee/Term2/035/035_آموزش تدبر در سوره مطفّفین - بخش اول فایل۳۵ از سطح۲ سال۱۳۹۸ - علی.mp3
Provider: ElevenLabs Scribe (scribe_v2)
Progress file (updated after each chunk): Audios/Tadabor_Sobohi/Manaee/Term2/035/035_آموزش تدبر در سوره مطفّفین - بخش اول فایل۳۵ از سطح۲ سال۱۳۹۸ - علی.partial.txt
  preparing audio (035_آموزش تدبر در سوره مطفّفین - بخش اول فایل۳۵ از سطح۲ سال۱۳۹۸ - علی.mp3)...
  1:18:35 → 1 request(s)
  progress file: Audios/Tadabor_Sobohi/Manaee/Term2/035/035_آموزش تدبر در سوره مطفّفین - بخش اول فایل۳۵ از سطح۲ سال۱۳۹۸ - علی.partial.txt
  [1/1] 0:00–1:18:35 (27626 KB)...
Transcription failed: ElevenLabs Scribe: HTTP 400: {"detail":{"type":"invalid_request","code":"bad_request","message":"The uploaded file is empty or corrupted.","status":"empty_file","request_id":"e7f752bbeff6decaf81110e89d64fd54","param":"file"}}
[035] FAIL: exit 1

=== [036] Tue Sep  8 14:53:10 PDT 2026 ===
  input: Audios/Tadabor_Sobohi/Manaee/Term2/036/036_آموزش تدبر در سوره مطفّفین - بخش دوم فایل۳۶ از سطح۲ سال۱۳۹۸ - علی.mp3
Provider: ElevenLabs Scribe (scribe_v2)
Progress file (updated after each chunk): Audios/Tadabor_Sobohi/Manaee/Term2/036/036_آموزش تدبر در سوره مطفّفین - بخش دوم فایل۳۶ از سطح۲ سال۱۳۹۸ - علی.partial.txt
  preparing audio (036_آموزش تدبر در سوره مطفّفین - بخش دوم فایل۳۶ از سطح۲ سال۱۳۹۸ - علی.mp3)...
  1:20:17 → 1 request(s)
  progress file: Audios/Tadabor_Sobohi/Manaee/Term2/036/036_آموزش تدبر در سوره مطفّفین - بخش دوم فایل۳۶ از سطح۲ سال۱۳۹۸ - علی.partial.txt
  [1/1] 0:00–1:20:17 (28224 KB)...
      → 42127 chars: اعوذ بالله من الشيطان الرجيم. بسم الله الرحمن الرحيم. از آیه هفت تا هفده رو خوندیم. آیات هشت تا هجده رم بخونیم تا به جمع‌بندی سیاق دوم برسیم. کَلَّا إِنَّ کِتَابَ الْأَبْرَارِ لَفِ…

============================================================
TRANSCRIPTION (preview)
============================================================
اعوذ بالله من الشيطان الرجيم. بسم الله الرحمن الرحيم. از آیه هفت تا هفده رو خوندیم. آیات هشت تا هجده رم بخونیم تا به جمع‌بندی سیاق دوم برسیم. کَلَّا إِنَّ کِتَابَ الْأَبْرَارِ لَفِي عِلِّيِّينَ. همانا کتاب ابرار. فعلاً من کلا رو گذاشتم برای مرحله بعد. همانا کتاب ابرار یعنی سرنوشت ابرار لَفِي عِلِّيِّينَ. اگر فجار لَفِي سِجِّين اینا لَفِي عِلِّيِّينَ قطعاً در عِلِّيِّينَ است. عِلِّيِّينَ از نظر لغت یعنی اون بالا بالاها. از نظر لغت یعنی اون جایگاه‌های مرتفع و رفیع و با منزلت. سرنوشت ابرار در اون جایگاه‌های بلندمرتبه و رفیع است. وَمَا أَدْرَاكَ مَا عِلِّيُّونُ. مثل همونجا که گفت مَا أَدْرَاكَ مَا سِجِّينُ اینجا سؤال می‌کنه چه چیز آگاه کرد تو را که عِلِّيُّونُ چیه؟ جایگاه‌های بلند چیه؟ این سؤال، سؤال حقیقی نیست. برای بیان عظمت عِلِّيُّونُ هست. یعنی عِلِّيُّونُ بسیار بسیار جایگاه با عظمتی است. كِتَابٌ مَّرْقُومٌ. همون جوابی که اونجا داد اینجا هم میده. چطور سِجِّينُ سرنوشتی است رقم زده شده برای فاجران، عِلِّيِّينَ هم سرنوشتی است رقم زده شده برای ابرار. كِتَابٌ مَّرْقُومٌ. يَشْهَدُهُ الْمُقَرَّبُونَ. عِلِّيِّينَ جایگاهش طوری است که مقربان شاهد آن هستند. يَشْهَدُهُ یعنی شاهد هستند آن را. منظور از "هُ" اینجا چیه؟ عِلِّيِّينَ. شاهد عِلِّيِّينَ یا شاهد این کتاب. شاهد این سرنوشت هستند. کیا؟ مقرب‌ها. پس عِلِّيِّينَ جایگاه کیاست؟ ابرار. این جایگاه در مشهد کیاست؟ مقرب‌ها. دو گروه اینجا به وجود اومد. یک گروه ابرار که در عِلِّيِّينَ‌اند. یک گروه مقربان که خوش به حال ابرار که جایگاه اون‌ها محل شهادت و شهود کیاست؟ مقربان است. پس اینجا بحث از مقربان نکرد. بحث از ابرار کرد. گفت ابرار در عِلِّيِّينَ هستند. اون وقت به عنوان یک مقام و منزلت برای عِلِّيِّينَ گفت جایگاه شما مورد شهادت و در مشهد و منظر و مرآی مقربان است. این یه امتیازه برای ابرار که مقربون دارن می‌بینن سرزمین اون‌ها را. سرزمین‌شون زیر نظر مقربان است اصطلاحاً. بله دیگه مقرب-- از همین عبارت معلوم میشه که مقربون از ابرار بالاترند. ما شبیه اینو در کدوم سوره داشتیم؟ انسان. اونجا عنوان‌ها چی بود؟ عبادالله و ابرار. اونجا عبادالله مقربون همین جا هستند. در سوره انسان چطور یه عبادالله بود، یه ابرار اینجا هم یک مقربین، یک ابرار. مقربین 
… (truncated; see saved file for full transcript)

============================================================
SUMMARY
============================================================
Input file      : 036_آموزش تدبر در سوره مطفّفین - بخش دوم فایل۳۶ از سطح۲ سال۱۳۹۸ - علی.mp3
Provider        : ElevenLabs Scribe (scribe_v2)
Audio duration  : 1:20:17 (4816.80 s)
Requests        : 1
Billed duration : 4817 s (rounded up to nearest second)
Rate            : $0.22 / audio hour
Estimated cost  : $0.294360 USD
Transcript saved: Audios/Tadabor_Sobohi/Manaee/Term2/036/036_آموزش تدبر در سوره مطفّفین - بخش دوم فایل۳۶ از سطح۲ سال۱۳۹۸ - علی.txt
============================================================
[036] OK → 036_آموزش تدبر در سوره مطفّفین - بخش دوم فایل۳۶ از سطح۲ سال۱۳۹۸ - علی.txt (346657 bytes)

=== Done Tue Sep  8 14:55:30 PDT 2026 ok=35 skip=0 fail=1 ===
Transcripts:
  001  001_توصیه های آموزشی دوره سطح دو تدبر فایل۱ از سطح۲ سال۱۳۹۸ - علی.txt  (71677 bytes)
  002  002_آموزش تدبر در سوره مزّمّل - بخش اول فایل۲ از سطح۲ سال۱۳۹۸ - علی.txt  (236639 bytes)
  003  003_آموزش تدبر در سوره مزّمّل - بخش دوم فایل۳ از سطح۲ سال۱۳۹۸ - علی.txt  (301667 bytes)
  004  004_آموزش تدبر در سوره مزّمّل - بخش سوم فایل۴ از سطح۲ سال۱۳۹۸ - علی.txt  (281175 bytes)
  005  005_آموزش تدبر در سوره مزّمّل - بخش چهارم فایل۵ از سطح۲ سال۱۳۹۸ - علی.txt  (93287 bytes)
  006  006_آموزش تدبر در سوره مدّثّر - بخش اول فایل۶ از سطح۲ سال۱۳۹۸ - علی.txt  (218010 bytes)
  007  007_آموزش تدبر در سوره مدّثّر - بخش دوم فایل۷ از سطح۲ سال۱۳۹۸ - علی.txt  (268154 bytes)
  008  008_آموزش تدبر در سوره مدّثّر - بخش سوم فایل۸ از سطح۲ سال۱۳۹۸ - علی.txt  (336682 bytes)
  009  009_آموزش تدبر در سوره مدّثّر - بخش چهارم فایل۹ از سطح۲ سال۱۳۹۸ - علی.txt  (298018 bytes)
  010  010_آموزش تدبر در سوره مدّثّر- بخش پنجم فایل۱۰ از سطح۲ سال۱۳۹۸ - علی.txt  (322679 bytes)
  011  011_آموزش تدبر در سوره قیامت - بخش اول فایل۱۱ از سطح۲ سال۱۳۹۸ - علی.txt  (310591 bytes)
  012  012_آموزش تدبر در سوره قیامت - بخش دوم فایل۱۲ از سطح۲ سال۱۳۹۸ - علی.txt  (326935 bytes)
  013  013_آموزش تدبر در سوره قیامت - بخش سوم فایل۱۳ از سطح۲ سال۱۳۹۸ - علی.txt  (340311 bytes)
  014  014_آموزش تدبر در سوره قیامت - بخش چهارم فایل۱۴ از سطح۲ سال۱۳۹۸ - علی.txt  (97761 bytes)
  015  015_آموزش تدبر در سوره انسان - بخش اول فایل۱۵ از سطح۲ سال۱۳۹۸ - علی.txt  (232783 bytes)
  016  016_آموزش تدبر در سوره انسان - بخش دوم فایل۱۶ از سطح۲ سال۱۳۹۸ - علی.txt  (304412 bytes)
  017  017_آموزش تدبر در سوره انسان - بخش سوم فایل۱۷ از سطح۲ سال۱۳۹۸ - علی.txt  (348265 bytes)
  018  018_آموزش تدبر در سوره انسان - بخش چهارم فایل۱۸ از سطح۲ سال۱۳۹۸ - علی.txt  (370136 bytes)
  019  019_آموزش تدبر در سوره انسان - بخش پنجم فایل۱۹ از سطح۲ سال۱۳۹۸ - علی.txt  (281268 bytes)
  020  020_آموزش تدبر در سوره مرسلات - بخش اول فایل۲۰ از سطح۲ سال۱۳۹۸ - علی.txt  (150193 bytes)
  021  021_آموزش تدبر در سوره مرسلات - بخش دوم فایل۲۱ از سطح۲ سال۱۳۹۸ - علی.txt  (273439 bytes)
  022  022_آموزش تدبر در سوره مرسلات - بخش سوم فایل۲۲ از سطح۲ سال۱۳۹۸ - علی.txt  (291237 bytes)
  023  023_آموزش تدبر در سوره مرسلات - بخش چهارم فایل۲۳ از سطح۲ سال۱۳۹۸ - علی.txt  (155211 bytes)
  024  024_آموزش تدبر در سوره نبأ - بخش اول فایل۲۴ از سطح۲ سال۱۳۹۸ - علی.txt  (74726 bytes)
  025  025_آموزش تدبر در سوره نبأ - بخش دوم فایل۲۵ از سطح۲ سال۱۳۹۸ - علی.txt  (356756 bytes)
  026  026_آموزش تدبر در سوره نبأ - بخش سوم فایل۲۶ از سطح۲ سال۱۳۹۸ - علی.txt  (303436 bytes)
  027  027_آموزش تدبر در سوره نازعات - بخش اول فایل۲۷ از سطح۲ سال۱۳۹۸ - علی.txt  (428653 bytes)
  028  028_آموزش تدبر در سوره نازعات - بخش دوم فایل۲۸ از سطح۲ سال۱۳۹۸ - علی.txt  (239183 bytes)
  029  029_آموزش تدبر در سوره عبس - بخش اول فایل۲۹ از سطح۲ سال۱۳۹۸ - علی.txt  (315723 bytes)
  030  030_آموزش تدبر در سوره عبس - بخش دوم فایل۳۰ از سطح۲ سال۱۳۹۸ - علی.txt  (282411 bytes)
  031  031_آموزش تدبر در سوره تکویر - بخش اول فایل۳۱ از سطح۲ سال۱۳۹۸ - علی.txt  (335554 bytes)
  032  032_آموزش تدبر در سوره تکویر - بخش دوم فایل۳۲ از سطح۲ سال۱۳۹۸ - علی.txt  (76810 bytes)
  033  033_آموزش تدبر در سوره انفطار - بخش اول فایل۳۳ از سطح۲ سال۱۳۹۸ - علی.txt  (249334 bytes)
  034  034_آموزش تدبر در سوره انفطار - بخش دوم فایل۳۴ از سطح۲ سال۱۳۹۸ - علی.txt  (243653 bytes)
(eval):51: no matches found: Audios/Tadabor_Sobohi/Manaee/Term2/035/*.txt
  035  MISSING
  036  036_آموزش تدبر در سوره مطفّفین - بخش دوم فایل۳۶ از سطح۲ سال۱۳۹۸ - علی.txt  (346657 bytes)
Provider: ElevenLabs Scribe (scribe_v2)
Progress file (updated after each chunk): Audios/Tadabor_Sobohi/Manaee/Term2/035/035_آموزش تدبر در سوره مطفّفین - بخش اول فایل۳۵ از سطح۲ سال۱۳۹۸ - علی.partial.txt
  preparing audio (035_آموزش تدبر در سوره مطفّفین - بخش اول فایل۳۵ از سطح۲ سال۱۳۹۸ - علی.mp3)...
  1:18:35 → 1 request(s)
  progress file: Audios/Tadabor_Sobohi/Manaee/Term2/035/035_آموزش تدبر در سوره مطفّفین - بخش اول فایل۳۵ از سطح۲ سال۱۳۹۸ - علی.partial.txt
  [1/1] 0:00–1:18:35 (27626 KB)...
      → 41262 chars: اعوذ بالله من الشيطان الرجيم. بسم الله الرحمن الرحيم. الحمد لله رب العالمين وصلى الله على سيدنا ونبينا حبيب الله العالمين أبي القاسم المصطفى محمد. اللهم صل على محمد. وعلى آله الطيب…

============================================================
TRANSCRIPTION (preview)
============================================================
اعوذ بالله من الشيطان الرجيم. بسم الله الرحمن الرحيم. الحمد لله رب العالمين وصلى الله على سيدنا ونبينا حبيب الله العالمين أبي القاسم المصطفى محمد. اللهم صل على محمد. وعلى آله الطيبين الطاهرين ولعنة الله على أعدائهم أجمعين من الآن إلى قيام يوم الدين. عرض سلام و ادب و احترام محضر خواهران و برادران گرامی. تسلیت عرض می‌کنم سالروز شهادت امام جعفر صادق علیه السلام، امام ششم شیعیان و پرچمدار مکتب تشیع، رئیس فقه جعفری و بزرگ مرد توسعه فرهنگ و دانش قرآن و اهل بیت علیهم السلام را به محضر همه شما عزیزان و از طرف خودم و جمع حاضر تسلیت عرض می‌کنم سالروز این مصیبت رو به امام زمان علیه السلام باشد که انشاالله همه ما در روز شهادت اون بزرگوار مشمول شفاعت اون بزرگوار باشیم و از دعای خیر او بهره‌مند باشیم ان شاء الله. یکی از وصایای امام صادق علیه السلام رو با هم مرور کنیم. مطلع کلاس امروزمون باشه ان شاء الله. حضرت خطاب به زید شهام از شحم شحم به معنی دمبس شهام دم فروش. این آدم مثلا فامیلیش همچین چیزی بوده. خطاب به ایشان می‌فرماید که به همه کسانی که به نظر تو مطیع ما هستند و از ما حرف می‌شنوند سلام برسان. من همه شما را به تقوای الهی و ورع دینی فرا می‌خوانم و اینکه برای خدا کوشش کنید. راستگو باشید. ادای امانت کنید و سجده‌های طولانی داشته باشید و برای یکدیگر همسایگان خوبی باشید که محمد صلی الله علیه و آله و سلم با این تعالیم و آموزش‌ها آمده است. امانت و وديعه اشخاصی را که شما را امین شناخته‌اند و چیزی را به شما سپرده‌اند چه میخوکار باشند یا بدکار به ایشان سالم پس دهید. در امانت‌داری فرقی نمی‌کند اینی که بهت امانت داده آدم خوبیه یا آدم خوبی نیست. شما باید متعهد باشید و امانت او را سالم به او برگردانید. زیرا رسول الله صلی الله علیه و آله و سلم دستور داده‌اند که حتی نخ و سوزن امانتی هم تحویل شود. به خویشاوندان و اقوام خود صله و احسان کنید و بر جنازه آنان و در تشییع‌شان حضور یابید و بیماران‌شان را عیادت کنید و حقوق ایشان را ادا نمایید. چون اگر یکی از شما چنین رفتار کند و در دین خود ورع داشته باشد، راست بگوید، ادای امانت کند و با مردم خوش اخلاق و خوش رفتار باشد، گفته می‌شود این جعفری است و من خوشحال می‌شوم و از این وضع دلشاد می‌گردم و گفته می‌شود این گونه است ادب و تربیت جعفر. اما اگر جز این ب
… (truncated; see saved file for full transcript)

============================================================
SUMMARY
============================================================
Input file      : 035_آموزش تدبر در سوره مطفّفین - بخش اول فایل۳۵ از سطح۲ سال۱۳۹۸ - علی.mp3
Provider        : ElevenLabs Scribe (scribe_v2)
Audio duration  : 1:18:35 (4714.74 s)
Requests        : 1
Billed duration : 4715 s (rounded up to nearest second)
Rate            : $0.22 / audio hour
Estimated cost  : $0.288123 USD
Transcript saved: Audios/Tadabor_Sobohi/Manaee/Term2/035/035_آموزش تدبر در سوره مطفّفین - بخش اول فایل۳۵ از سطح۲ سال۱۳۹۸ - علی.txt
============================================================
