=== book pass 11-75 Fri Aug 28 00:12:24 PDT 2026 ===
[00:12:24] Opening 1 tab(s) for 65 item(s).
[00:12:25] [tab1] 011: 27,642 chars in 6 chunk(s); 0 cached, sending 6.
[00:12:29] [tab1] Rate limited; waiting 20s (used 0s of 1800s).
[00:12:51] [tab1] Rate limit cleared after 22s.
[00:12:51] [tab1] Could not read the model label; check the window if the mode matters.
[00:12:51] [tab1]   chunk 1/6 → sending 5,184 chars
[00:14:36] [tab1]   chunk 1/6 ← got 7,708 chars
[00:14:45] [tab1]   chunk 2/6 → sending 5,258 chars
[00:16:48] [tab1]   chunk 2/6 ← got 6,772 chars
[00:16:56] [tab1]   chunk 3/6 → sending 4,490 chars
[00:18:45] [tab1]   chunk 3/6 ← got 5,923 chars
[00:18:53] [tab1]   chunk 4/6 → sending 4,994 chars
[00:20:02] [tab1]   chunk 4/6 ← got 6,183 chars
[00:20:10] [tab1]   chunk 5/6 → sending 5,375 chars
[00:21:46] [tab1]   chunk 5/6 ← got 7,536 chars
[00:21:54] [tab1]   chunk 6/6 → sending 2,347 chars
[00:23:11] [tab1]   chunk 6/6 ← got 3,264 chars
[00:23:12] [tab1]   wrote 011_حجت_الاسلام_بیات_معرفت_نفس_1اسفند1403_1.book.md (37,396 chars)
[00:23:12] [tab1] 012: 14,279 chars in 3 chunk(s); 0 cached, sending 3.
[00:23:13] [tab1] Could not read the model label; check the window if the mode matters.
[00:23:13] [tab1]   chunk 1/3 → sending 5,595 chars
[00:24:19] [tab1]   chunk 1/3 ← got 5,011 chars
[00:24:27] [tab1]   chunk 2/3 → sending 5,844 chars
[00:25:18] [tab1]   chunk 2/3 ← got 5,497 chars
[00:25:26] [tab1]   chunk 3/3 → sending 2,843 chars
[00:26:42] [tab1]   chunk 3/3 ← got 3,861 chars
[00:26:42] [tab1]   wrote 012__شیخ_عبدالزهراء_معرفت_نفس_1اسفند_۴۰۴.book.md (14,373 chars)
[00:26:42] [tab1] 013: 28,143 chars in 6 chunk(s); 0 cached, sending 6.
[00:26:45] [tab1] Could not read the model label; check the window if the mode matters.
[00:26:45] [tab1]   chunk 1/6 → sending 4,596 chars
[00:27:54] [tab1]   chunk 1/6 ← got 5,078 chars
[00:28:03] [tab1]   chunk 2/6 → sending 5,218 chars
[00:28:54] [tab1]   chunk 2/6 ← got 6,497 chars
[00:29:02] [tab1]   chunk 3/6 → sending 4,718 chars
[00:29:49] [tab1]   chunk 3/6 ← got 5,578 chars
[00:29:57] [tab1]   chunk 4/6 → sending 4,680 chars
[00:31:18] [tab1]   chunk 4/6 ← got 4,422 chars
[00:31:26] [tab1]   chunk 5/6 → sending 5,020 chars
[00:32:01] [tab1]   chunk 5/6 ← got 4,494 chars
[00:32:09] [tab1]   chunk 6/6 → sending 3,918 chars
[00:33:22] [tab1]   chunk 6/6 ← got 6,135 chars
[00:33:22] [tab1]   wrote 013__شیخ_عبدالزهراء_شرح_کتب_علامه_حسن_زاده_آملی_8اسفند14031.book.md (32,214 chars)
[00:33:22] [tab1] 014: 28,136 chars in 6 chunk(s); 0 cached, sending 6.
[00:33:24] [tab1] Could not read the model label; check the window if the mode matters.
[00:33:24] [tab1]   chunk 1/6 → sending 4,327 chars
[00:34:43] [tab1]   chunk 1/6 ← got 6,782 chars
[00:34:51] [tab1]   chunk 2/6 → sending 5,388 chars
[00:36:06] [tab1]   chunk 2/6 ← got 6,541 chars
[00:36:14] [tab1]   chunk 3/6 → sending 5,049 chars
[00:37:41] [tab1]   chunk 3/6 ← got 7,448 chars
[00:37:49] [tab1]   chunk 4/6 → sending 5,192 chars
[00:39:08] [tab1]   chunk 4/6 ← got 6,785 chars
[00:39:16] [tab1]   chunk 5/6 → sending 5,560 chars
[00:40:18] [tab1]   chunk 5/6 ← got 6,765 chars
[00:40:26] [tab1]   chunk 6/6 → sending 2,626 chars
[00:41:03] [tab1]   chunk 6/6 ← got 3,303 chars
[00:41:03] [tab1]   wrote 014_شیخ_عبدالزهراء_شرح_کتب_علامه_حسن_زاده_آملی_15اسفند1403_1.book.md (37,634 chars)
[00:41:03] [tab1] 015: 12,848 chars in 3 chunk(s); 0 cached, sending 3.
[00:41:04] [tab1] Could not read the model label; check the window if the mode matters.
[00:41:04] [tab1]   chunk 1/3 → sending 5,124 chars
[00:42:52] [tab1]   chunk 1/3 ← got 6,298 chars
[00:43:00] [tab1]   chunk 2/3 → sending 5,403 chars
[00:45:00] [tab1]   chunk 2/3 ← got 6,776 chars
[00:45:08] [tab1]   chunk 3/3 → sending 2,324 chars
[00:46:05] [tab1]   chunk 3/3 ← got 3,382 chars
[00:46:05] [tab1]   wrote 015_حجت_الاسلام_بیات_شرح_کتب_علامه_حسن_زاده_آملی_15اسفند1403_2.book.md (16,460 chars)
[00:46:05] [tab1] 016: 34,738 chars in 7 chunk(s); 0 cached, sending 7.
[00:46:06] [tab1] Could not read the model label; check the window if the mode matters.
[00:46:06] [tab1]   chunk 1/7 → sending 4,349 chars
[00:47:44] [tab1]   chunk 1/7 ← got 7,869 chars
[00:47:52] [tab1]   chunk 2/7 → sending 4,874 chars
[00:49:42] [tab1]   chunk 2/7 ← got 8,698 chars
[00:49:50] [tab1]   chunk 3/7 → sending 5,567 chars
[00:52:00] [tab1]   chunk 3/7 ← got 9,595 chars
[00:52:08] [tab1]   chunk 4/7 → sending 5,293 chars
[00:53:49] [tab1]   chunk 4/7 ← got 7,095 chars
[00:53:57] [tab1]   chunk 5/7 → sending 5,311 chars
[00:55:34] [tab1]   chunk 5/7 ← got 6,618 chars
[00:55:42] [tab1]   chunk 6/7 → sending 5,572 chars
[00:57:02] [tab1]   chunk 6/7 ← got 5,108 chars
[00:57:10] [tab1]   chunk 7/7 → sending 3,780 chars
[00:58:50] [tab1]   chunk 7/7 ← got 7,300 chars
[00:58:50] [tab1]   wrote 016_حجت_الاسلام_بیات_شرح_کتب_علامه_حسن_زاده_آملی_22اسفند1403_1.book.md (52,295 chars)
[00:58:50] [tab1] 017: 7,601 chars in 2 chunk(s); 0 cached, sending 2.
[00:58:51] [tab1] Could not read the model label; check the window if the mode matters.
[00:58:51] [tab1]   chunk 1/2 → sending 5,121 chars
[01:01:08] [tab1]   chunk 1/2 ← got 6,792 chars
[01:01:16] [tab1]   chunk 2/2 → sending 2,482 chars
[01:02:35] [tab1]   chunk 2/2 ← got 4,345 chars
[01:02:35] [tab1]   wrote 017_حجت_الاسلام_بیات_شرح_کتب_علامه_حسن_زاده_آملی_22اسفند1403_2.book.md (11,139 chars)
[01:02:35] [tab1] 018: 26,323 chars in 5 chunk(s); 0 cached, sending 5.
[01:02:38] [tab1] Rate limited; waiting 20s (used 0s of 1800s).
[01:03:00] [tab1] Rate limit cleared after 22s.
[01:03:00] [tab1] Could not read the model label; check the window if the mode matters.
[01:03:00] [tab1]   chunk 1/5 → sending 5,969 chars
[01:04:52] [tab1]   chunk 1/5 ← got 8,228 chars
[01:05:00] [tab1]   chunk 2/5 → sending 5,231 chars
[01:06:59] [tab1]   chunk 2/5 ← got 9,190 chars
[01:07:07] [tab1]   chunk 3/5 → sending 5,731 chars
[01:08:31] [tab1]   chunk 3/5 ← got 7,938 chars
[01:08:39] [tab1]   chunk 4/5 → sending 4,923 chars
[01:09:23] [tab1]   chunk 4/5 ← got 5,059 chars
[01:09:31] [tab1]   chunk 5/5 → sending 4,477 chars
[01:10:49] [tab1]   chunk 5/5 ← got 6,663 chars
[01:10:49] [tab1]   wrote 018_حجت_السلام_بیات_شرح_کتاب_دروس_معرفت_نفس_علامه_حسن_زاده_آملی_27فروردین1404.book.md (37,086 chars)
[01:10:49] [tab1] 019: 15,324 chars in 3 chunk(s); 0 cached, sending 3.
[01:10:51] [tab1] Could not read the model label; check the window if the mode matters.
[01:10:51] [tab1]   chunk 1/3 → sending 4,853 chars
[01:12:21] [tab1]   chunk 1/3 ← got 5,782 chars
[01:12:29] [tab1]   chunk 2/3 → sending 5,167 chars
[01:14:06] [tab1]   chunk 2/3 ← got 7,515 chars
[01:14:14] [tab1]   chunk 3/3 → sending 5,308 chars
[01:15:45] [tab1]   chunk 3/3 ← got 5,859 chars
[01:15:45] [tab1]   wrote 019_حجت_السلام_بیات_شرح_کتاب_دروس_معرفت_نفس_علامه_حسن_زاده_آملی_27فروردین1404 (1).book.md (19,160 chars)
[01:15:45] [tab1] 020: 30,170 chars in 6 chunk(s); 0 cached, sending 6.
[01:15:46] [tab1] Could not read the model label; check the window if the mode matters.
[01:15:46] [tab1]   chunk 1/6 → sending 5,390 chars
[01:17:20] [tab1]   chunk 1/6 ← got 6,348 chars
[01:17:28] [tab1]   chunk 2/6 → sending 4,854 chars
[01:18:57] [tab1]   chunk 2/6 ← got 5,583 chars
[01:19:05] [tab1]   chunk 3/6 → sending 5,358 chars
[01:20:29] [tab1]   chunk 3/6 ← got 5,627 chars
[01:20:37] [tab1]   chunk 4/6 → sending 5,143 chars
[01:21:47] [tab1]   chunk 4/6 ← got 6,150 chars
[01:21:55] [tab1]   chunk 5/6 → sending 4,875 chars
[01:23:03] [tab1]   chunk 5/6 ← got 6,910 chars
[01:23:11] [tab1]   chunk 6/6 → sending 4,557 chars
[01:24:21] [tab1]   chunk 6/6 ← got 4,622 chars
[01:24:21] [tab1]   wrote 020_معرفت نفس_درس_11..book.md (35,250 chars)
[01:24:21] [tab1] 021: 11,279 chars in 3 chunk(s); 0 cached, sending 3.
[01:24:22] [tab1] Could not read the model label; check the window if the mode matters.
[01:24:22] [tab1]   chunk 1/3 → sending 4,720 chars
[01:26:35] [tab1]   chunk 1/3 ← got 4,998 chars
[01:26:43] [tab1]   chunk 2/3 → sending 5,387 chars
[01:27:52] [tab1]   chunk 2/3 ← got 5,916 chars
[01:28:00] [tab1]   chunk 3/3 → sending 1,174 chars
[01:28:43] [tab1]   chunk 3/3 ← got 2,581 chars
[01:28:43] [tab1]   wrote 021_حجت_الاسلام_بیات_شرح_دورس_معرفت_نفس_علامه_حسن_زاده_آملی_3اردیبهشت1404 (1).book.md (13,499 chars)
[01:28:43] [tab1] 022: 31,262 chars in 6 chunk(s); 0 cached, sending 6.
[01:28:44] [tab1] Could not read the model label; check the window if the mode matters.
[01:28:44] [tab1]   chunk 1/6 → sending 5,869 chars
[01:29:14] [tab1] Could not fill the message box (TimeoutError); retrying.
[01:45:24] [tab1] 022: No finished reply after 900s. Thinking mode can be slow — retry with a larger --response-timeout, or check the browser window for a captcha or usage limit.
[01:45:24] [tab1] 023: 10,673 chars in 2 chunk(s); 0 cached, sending 2.
[01:45:44] [tab1] Could not read the model label; check the window if the mode matters.
[01:45:44] [tab1]   chunk 1/2 → sending 5,509 chars
[01:57:53] [tab1]   chunk 1/2 ← got 7,097 chars
[01:58:01] [tab1]   chunk 2/2 → sending 5,167 chars
[02:13:07] [tab1] 023: No finished reply after 900s. Thinking mode can be slow — retry with a larger --response-timeout, or check the browser window for a captcha or usage limit.
[02:13:07] [tab1] 024: 36,683 chars in 7 chunk(s); 0 cached, sending 7.
[02:13:28] [tab1] Could not read the model label; check the window if the mode matters.
[02:13:28] [tab1]   chunk 1/7 → sending 5,658 chars
[02:14:13] [tab1] 024: unexpected error: Page.wait_for_timeout: Target page, context or browser has been closed
[02:14:13] [tab1] 025: 14,639 chars in 3 chunk(s); 0 cached, sending 3.
[02:14:13] [tab1] 025: unexpected error: Page.goto: Target page, context or browser has been closed
[02:14:13] [tab1] 026: 35,976 chars in 8 chunk(s); 0 cached, sending 8.
[02:14:13] [tab1] 026: unexpected error: Page.goto: Target page, context or browser has been closed
[02:14:13] [tab1] 027: 21,451 chars in 4 chunk(s); 0 cached, sending 4.
[02:14:13] [tab1] 027: unexpected error: Page.goto: Target page, context or browser has been closed
[02:14:13] [tab1] 028: 17,409 chars in 4 chunk(s); 0 cached, sending 4.
[02:14:13] [tab1] 028: unexpected error: Page.goto: Target page, context or browser has been closed
[02:14:13] [tab1] 029: 35,745 chars in 7 chunk(s); 0 cached, sending 7.
[02:14:13] [tab1] 029: unexpected error: Page.goto: Target page, context or browser has been closed
[02:14:13] [tab1] 030: 21,673 chars in 4 chunk(s); 0 cached, sending 4.
[02:14:13] [tab1] 030: unexpected error: Page.goto: Target page, context or browser has been closed
[02:14:13] [tab1] 031: 42,341 chars in 9 chunk(s); 0 cached, sending 9.
[02:14:13] [tab1] 031: unexpected error: Page.goto: Target page, context or browser has been closed
[02:14:13] [tab1] 032: 38,747 chars in 8 chunk(s); 0 cached, sending 8.
[02:14:13] [tab1] 032: unexpected error: Page.goto: Target page, context or browser has been closed
[02:14:13] [tab1] 033: 43,822 chars in 9 chunk(s); 0 cached, sending 9.
[02:14:13] [tab1] 033: unexpected error: Page.goto: Target page, context or browser has been closed
[02:14:13] [tab1] 034: 11,404 chars in 2 chunk(s); 0 cached, sending 2.
[02:14:13] [tab1] 034: unexpected error: Page.goto: Target page, context or browser has been closed
[02:14:13] [tab1] 035: 45,990 chars in 9 chunk(s); 0 cached, sending 9.
[02:14:13] [tab1] 035: unexpected error: Page.goto: Target page, context or browser has been closed
[02:14:13] [tab1] 036: 33,677 chars in 7 chunk(s); 0 cached, sending 7.
[02:14:13] [tab1] 036: unexpected error: Page.goto: Target page, context or browser has been closed
[02:14:13] [tab1] 037: 11,908 chars in 3 chunk(s); 0 cached, sending 3.
[02:14:13] [tab1] 037: unexpected error: Page.goto: Target page, context or browser has been closed
[02:14:13] [tab1] 038: 32,089 chars in 7 chunk(s); 0 cached, sending 7.
[02:14:13] [tab1] 038: unexpected error: Page.goto: Target page, context or browser has been closed
[02:14:13] [tab1] 039: 25,028 chars in 5 chunk(s); 0 cached, sending 5.
[02:14:13] [tab1] 039: unexpected error: Page.goto: Target page, context or browser has been closed
[02:14:13] [tab1] 040: 44,851 chars in 9 chunk(s); 0 cached, sending 9.
[02:14:13] [tab1] 040: unexpected error: Page.goto: Target page, context or browser has been closed
[02:14:13] [tab1] 041: 19,608 chars in 4 chunk(s); 0 cached, sending 4.
[02:14:13] [tab1] 041: unexpected error: Page.goto: Target page, context or browser has been closed
[02:14:13] [tab1] 042: 54,249 chars in 10 chunk(s); 0 cached, sending 10.
[02:14:13] [tab1] 042: unexpected error: Page.goto: Target page, context or browser has been closed
[02:14:13] [tab1] 043: 46,562 chars in 9 chunk(s); 0 cached, sending 9.
[02:14:13] [tab1] 043: unexpected error: Page.goto: Target page, context or browser has been closed
[02:14:13] [tab1] 044: 15,901 chars in 3 chunk(s); 0 cached, sending 3.
[02:14:13] [tab1] 044: unexpected error: Page.goto: Target page, context or browser has been closed
[02:14:13] [tab1] 045: 48,417 chars in 10 chunk(s); 0 cached, sending 10.
[02:14:13] [tab1] 045: unexpected error: Page.goto: Target page, context or browser has been closed
[02:14:13] [tab1] 046: 21,033 chars in 4 chunk(s); 0 cached, sending 4.
[02:14:13] [tab1] 046: unexpected error: Page.goto: Target page, context or browser has been closed
[02:14:13] [tab1] 047: 54,630 chars in 10 chunk(s); 0 cached, sending 10.
[02:14:13] [tab1] 047: unexpected error: Page.goto: Target page, context or browser has been closed
[02:14:13] [tab1] 048: 11,012 chars in 3 chunk(s); 0 cached, sending 3.
[02:14:13] [tab1] 048: unexpected error: Page.goto: Target page, context or browser has been closed
[02:14:13] [tab1] 049: 48,236 chars in 9 chunk(s); 0 cached, sending 9.
[02:14:13] [tab1] 049: unexpected error: Page.goto: Target page, context or browser has been closed
[02:14:13] [tab1] 050: 11,515 chars in 2 chunk(s); 0 cached, sending 2.
[02:14:13] [tab1] 050: unexpected error: Page.goto: Target page, context or browser has been closed
[02:14:13] [tab1] 051: 43,648 chars in 9 chunk(s); 0 cached, sending 9.
[02:14:13] [tab1] 051: unexpected error: Page.goto: Target page, context or browser has been closed
[02:14:13] [tab1] 052: 11,932 chars in 3 chunk(s); 0 cached, sending 3.
[02:14:13] [tab1] 052: unexpected error: Page.goto: Target page, context or browser has been closed
[02:14:13] [tab1] 053: 47,368 chars in 10 chunk(s); 0 cached, sending 10.
[02:14:13] [tab1] 053: unexpected error: Page.goto: Target page, context or browser has been closed
[02:14:13] [tab1] 054: 18,910 chars in 4 chunk(s); 0 cached, sending 4.
[02:14:13] [tab1] 054: unexpected error: Page.goto: Target page, context or browser has been closed
[02:14:13] [tab1] 055: 45,886 chars in 9 chunk(s); 0 cached, sending 9.
[02:14:13] [tab1] 055: unexpected error: Page.goto: Target page, context or browser has been closed
[02:14:13] [tab1] 056: 18,662 chars in 4 chunk(s); 0 cached, sending 4.
[02:14:13] [tab1] 056: unexpected error: Page.goto: Target page, context or browser has been closed
[02:14:13] [tab1] 057: 45,478 chars in 9 chunk(s); 0 cached, sending 9.
[02:14:13] [tab1] 057: unexpected error: Page.goto: Target page, context or browser has been closed
[02:14:13] [tab1] 058: 24,265 chars in 5 chunk(s); 0 cached, sending 5.
[02:14:13] [tab1] 058: unexpected error: Page.goto: Target page, context or browser has been closed
[02:14:13] [tab1] 059: 36,033 chars in 7 chunk(s); 0 cached, sending 7.
[02:14:13] [tab1] 059: unexpected error: Page.goto: Target page, context or browser has been closed
[02:14:13] [tab1] 060: 15,754 chars in 3 chunk(s); 0 cached, sending 3.
[02:14:13] [tab1] 060: unexpected error: Page.goto: Target page, context or browser has been closed
[02:14:13] [tab1] 061: 43,452 chars in 8 chunk(s); 0 cached, sending 8.
[02:14:13] [tab1] 061: unexpected error: Page.goto: Target page, context or browser has been closed
[02:14:13] [tab1] 062: 32,796 chars in 7 chunk(s); 0 cached, sending 7.
[02:14:13] [tab1] 062: unexpected error: Page.goto: Target page, context or browser has been closed
[02:14:13] [tab1] 063: 13,197 chars in 3 chunk(s); 0 cached, sending 3.
[02:14:13] [tab1] 063: unexpected error: Page.goto: Target page, context or browser has been closed
[02:14:13] [tab1] 064: 36,019 chars in 7 chunk(s); 0 cached, sending 7.
[02:14:13] [tab1] 064: unexpected error: Page.goto: Target page, context or browser has been closed
[02:14:13] [tab1] 065: 45,579 chars in 10 chunk(s); 0 cached, sending 10.
[02:14:13] [tab1] 065: unexpected error: Page.goto: Target page, context or browser has been closed
[02:14:13] [tab1] 066: 41,197 chars in 8 chunk(s); 0 cached, sending 8.
[02:14:13] [tab1] 066: unexpected error: Page.goto: Target page, context or browser has been closed
[02:14:13] [tab1] 067: 47,995 chars in 10 chunk(s); 0 cached, sending 10.
[02:14:13] [tab1] 067: unexpected error: Page.goto: Target page, context or browser has been closed
[02:14:13] [tab1] 068: 1,054 chars in 1 chunk(s); 0 cached, sending 1.
[02:14:13] [tab1] 068: unexpected error: Page.goto: Target page, context or browser has been closed
[02:14:13] [tab1] 069: 37,519 chars in 8 chunk(s); 0 cached, sending 8.
[02:14:13] [tab1] 069: unexpected error: Page.goto: Target page, context or browser has been closed
[02:14:13] [tab1] 070: 47,712 chars in 9 chunk(s); 0 cached, sending 9.
[02:14:13] [tab1] 070: unexpected error: Page.goto: Target page, context or browser has been closed
[02:14:13] [tab1] 071: 7,935 chars in 2 chunk(s); 0 cached, sending 2.
[02:14:13] [tab1] 071: unexpected error: Page.goto: Target page, context or browser has been closed
[02:14:13] [tab1] 072: 3,095 chars in 1 chunk(s); 0 cached, sending 1.
[02:14:13] [tab1] 072: unexpected error: Page.goto: Target page, context or browser has been closed
[02:14:13] [tab1] 073: 2,031 chars in 1 chunk(s); 0 cached, sending 1.
[02:14:13] [tab1] 073: unexpected error: Page.goto: Target page, context or browser has been closed
[02:14:13] [tab1] 074: 40,315 chars in 8 chunk(s); 0 cached, sending 8.
[02:14:13] [tab1] 074: unexpected error: Page.goto: Target page, context or browser has been closed
[02:14:13] [tab1] 075: 2,774 chars in 1 chunk(s); 0 cached, sending 1.
[02:14:13] [tab1] 075: unexpected error: Page.goto: Target page, context or browser has been closed
[02:14:13] Done with 54 item(s) unfinished. Rerun to resume from the cache.
=== book pass 11-75 Fri Aug 28 08:51:50 PDT 2026 ===
[08:51:50] Opening 1 tab(s) for 54 item(s).
[08:51:50] [tab1] 022: 31,262 chars in 6 chunk(s); 0 cached, sending 6.
[08:51:53] [tab1] Could not read the model label; check the window if the mode matters.
[08:51:53] [tab1]   chunk 1/6 → sending 5,869 chars
[08:52:36] [tab1]   chunk 1/6 ← got 5,856 chars
[08:52:44] [tab1]   chunk 2/6 → sending 5,208 chars
[08:53:43] [tab1]   chunk 2/6 ← got 4,995 chars
[08:53:51] [tab1]   chunk 3/6 → sending 4,734 chars
[08:54:50] [tab1]   chunk 3/6 ← got 4,444 chars
[08:54:58] [tab1]   chunk 4/6 → sending 5,586 chars
[08:56:10] [tab1]   chunk 4/6 ← got 5,831 chars
[08:56:18] [tab1]   chunk 5/6 → sending 5,892 chars
[08:57:12] [tab1]   chunk 5/6 ← got 6,060 chars
[08:57:20] [tab1]   chunk 6/6 → sending 3,980 chars
[08:58:24] [tab1]   chunk 6/6 ← got 5,209 chars
[08:58:24] [tab1]   wrote 022_معرفت نفس_درس_12..book.md (32,405 chars)
[08:58:24] [tab1] 023: 10,673 chars in 2 chunk(s); 1 cached, sending 1.
[08:58:26] [tab1] Could not read the model label; check the window if the mode matters.
[08:58:26] [tab1]   chunk 2/2 → sending 5,167 chars
[09:00:21] [tab1]   chunk 2/2 ← got 7,338 chars
[09:00:21] [tab1]   wrote 023_حجت_الاسلام_بیات_شرح_دروس_معرفت_نفس_24_اردیبهشت_1404_22.book.md (14,437 chars)
[09:00:21] [tab1] 024: 36,683 chars in 7 chunk(s); 0 cached, sending 7.
[09:00:22] [tab1] Could not read the model label; check the window if the mode matters.
[09:00:22] [tab1]   chunk 1/7 → sending 5,658 chars
[09:03:19] [tab1]   chunk 1/7 ← got 7,654 chars
[09:03:27] [tab1]   chunk 2/7 → sending 5,622 chars
[09:05:06] [tab1]   chunk 2/7 ← got 7,666 chars
[09:05:14] [tab1]   chunk 3/7 → sending 5,705 chars
[09:06:14] [tab1]   chunk 3/7 ← got 6,178 chars
[09:06:22] [tab1]   chunk 4/7 → sending 5,564 chars
[09:07:42] [tab1]   chunk 4/7 ← got 7,577 chars
[09:07:50] [tab1]   chunk 5/7 → sending 5,456 chars
[09:08:58] [tab1]   chunk 5/7 ← got 5,703 chars
[09:09:06] [tab1]   chunk 6/7 → sending 5,671 chars
[09:10:21] [tab1]   chunk 6/7 ← got 5,655 chars
[09:10:29] [tab1]   chunk 7/7 → sending 3,015 chars
[09:11:18] [tab1]   chunk 7/7 ← got 4,376 chars
[09:11:18] [tab1]   wrote 024_معرفت نفس_درس_13..book.md (44,821 chars)
[09:11:18] [tab1] 025: 14,639 chars in 3 chunk(s); 0 cached, sending 3.
[09:11:20] [tab1] Could not read the model label; check the window if the mode matters.
[09:11:20] [tab1]   chunk 1/3 → sending 5,639 chars
[09:27:38] [tab1] 025: No finished reply after 900s. Thinking mode can be slow — retry with a larger --response-timeout, or check the browser window for a captcha or usage limit.
[09:27:38] [tab1] 026: 35,976 chars in 8 chunk(s); 0 cached, sending 8.
[09:28:00] [tab1] Could not read the model label; check the window if the mode matters.
[09:28:00] [tab1]   chunk 1/8 → sending 4,669 chars
[09:29:20] [tab1]   chunk 1/8 ← got 7,007 chars
[09:29:28] [tab1]   chunk 2/8 → sending 4,897 chars
[09:40:24] [tab1]   chunk 2/8 ← got 8,036 chars
[09:40:32] [tab1]   chunk 3/8 → sending 5,011 chars
[09:41:54] [tab1]   chunk 3/8 ← got 7,860 chars
[09:42:02] [tab1]   chunk 4/8 → sending 5,061 chars
[09:57:38] [tab1] 026: No finished reply after 900s. Thinking mode can be slow — retry with a larger --response-timeout, or check the browser window for a captcha or usage limit.
[09:57:38] [tab1] 027: 21,451 chars in 4 chunk(s); 0 cached, sending 4.
[09:57:40] [tab1] Could not read the model label; check the window if the mode matters.
[09:57:40] [tab1]   chunk 1/4 → sending 5,509 chars
[10:04:32] [tab1]   chunk 1/4 ← got 5,736 chars
[10:04:40] [tab1]   chunk 2/4 → sending 4,127 chars
[10:20:42] [tab1] 027: No finished reply after 900s. Thinking mode can be slow — retry with a larger --response-timeout, or check the browser window for a captcha or usage limit.
[10:20:42] [tab1] 028: 17,409 chars in 4 chunk(s); 0 cached, sending 4.
[10:20:45] [tab1] Could not read the model label; check the window if the mode matters.
[10:20:45] [tab1]   chunk 1/4 → sending 5,677 chars
[10:34:52] [tab1]   chunk 1/4 ← got 7,571 chars
[10:35:00] [tab1]   chunk 2/4 → sending 5,582 chars
[10:35:57] [tab1]   chunk 2/4 ← got 5,785 chars
[10:36:05] [tab1]   chunk 3/4 → sending 5,021 chars
[10:36:47] [tab1]   chunk 3/4 ← got 5,429 chars
[10:36:56] [tab1]   chunk 4/4 → sending 1,132 chars
[10:37:13] [tab1]   chunk 4/4 ← got 1,870 chars
[10:37:13] [tab1]   wrote 028_#اهمیت_جهل_شناسی ۱۸-۴-۴۰۴_1.book.md (20,661 chars)
[10:37:13] [tab1] 029: 35,745 chars in 7 chunk(s); 0 cached, sending 7.
[10:37:14] [tab1] Could not read the model label; check the window if the mode matters.
[10:37:14] [tab1]   chunk 1/7 → sending 5,210 chars
[10:40:42] [tab1]   chunk 1/7 ← got 7,135 chars
[10:40:50] [tab1]   chunk 2/7 → sending 5,298 chars
[10:41:48] [tab1]   chunk 2/7 ← got 6,229 chars
[10:41:56] [tab1]   chunk 3/7 → sending 5,358 chars
[10:43:35] [tab1]   chunk 3/7 ← got 8,014 chars
[10:43:43] [tab1]   chunk 4/7 → sending 5,251 chars
[10:44:50] [tab1]   chunk 4/7 ← got 7,903 chars
[10:44:58] [tab1]   chunk 5/7 → sending 5,027 chars
[10:46:09] [tab1]   chunk 5/7 ← got 6,282 chars
[10:46:17] [tab1]   chunk 6/7 → sending 5,256 chars
[10:47:35] [tab1]   chunk 6/7 ← got 7,117 chars
[10:47:43] [tab1]   chunk 7/7 → sending 4,354 chars
[10:48:41] [tab1]   chunk 7/7 ← got 5,334 chars
[10:48:41] [tab1]   wrote 029_حجت الاسلام بیات_25تیر1404_توسل_1_1_1 (1).book.md (48,026 chars)
[10:48:41] [tab1] 030: 21,673 chars in 4 chunk(s); 0 cached, sending 4.
[10:48:42] [tab1] Could not read the model label; check the window if the mode matters.
[10:48:42] [tab1]   chunk 1/4 → sending 5,821 chars
[10:50:08] [tab1]   chunk 1/4 ← got 4,475 chars
[10:50:16] [tab1]   chunk 2/4 → sending 5,361 chars
[10:51:31] [tab1]   chunk 2/4 ← got 6,239 chars
[10:51:39] [tab1]   chunk 3/4 → sending 5,485 chars
[10:52:29] [tab1]   chunk 3/4 ← got 4,161 chars
[10:52:37] [tab1]   chunk 4/4 → sending 5,011 chars
[10:53:54] [tab1]   chunk 4/4 ← got 6,474 chars
[10:53:54] [tab1]   wrote 030_حجت الاسلام بیات_25تیر1404_2 (1).book.md (21,355 chars)
[10:53:54] [tab1] 031: 42,341 chars in 9 chunk(s); 0 cached, sending 9.
[10:53:55] [tab1] Could not read the model label; check the window if the mode matters.
[10:53:55] [tab1]   chunk 1/9 → sending 4,889 chars
[10:55:40] [tab1]   chunk 1/9 ← got 6,157 chars
[10:55:48] [tab1]   chunk 2/9 → sending 4,664 chars
[10:56:52] [tab1]   chunk 2/9 ← got 6,927 chars
[10:57:00] [tab1]   chunk 3/9 → sending 5,287 chars
[10:57:58] [tab1]   chunk 3/9 ← got 5,450 chars
[10:58:06] [tab1]   chunk 4/9 → sending 4,187 chars
[10:59:10] [tab1]   chunk 4/9 ← got 5,569 chars
[10:59:18] [tab1]   chunk 5/9 → sending 5,457 chars
[11:00:49] [tab1]   chunk 5/9 ← got 5,125 chars
[11:00:57] [tab1]   chunk 6/9 → sending 5,726 chars
[11:01:54] [tab1]   chunk 6/9 ← got 6,214 chars
[11:02:02] [tab1]   chunk 7/9 → sending 4,029 chars
[11:03:03] [tab1]   chunk 7/9 ← got 5,978 chars
[11:03:11] [tab1]   chunk 8/9 → sending 5,769 chars
[11:04:17] [tab1]   chunk 8/9 ← got 7,107 chars
[11:04:25] [tab1]   chunk 9/9 → sending 2,340 chars
[11:05:18] [tab1]   chunk 9/9 ← got 4,331 chars
[11:05:18] [tab1]   wrote 031__شیخ_عبدالزهراء_شرح_کتاب_دروس_معرفت_نفس_8مرداد14042.book.md (52,874 chars)
[11:05:18] [tab1] 032: 38,747 chars in 8 chunk(s); 0 cached, sending 8.
[11:05:19] [tab1] Could not read the model label; check the window if the mode matters.
[11:05:19] [tab1]   chunk 1/8 → sending 5,900 chars
[11:06:49] [tab1]   chunk 1/8 ← got 8,544 chars
[11:06:57] [tab1]   chunk 2/8 → sending 5,408 chars
[11:08:16] [tab1]   chunk 2/8 ← got 6,794 chars
[11:08:24] [tab1]   chunk 3/8 → sending 4,818 chars
[11:09:32] [tab1]   chunk 3/8 ← got 6,383 chars
[11:09:40] [tab1]   chunk 4/8 → sending 4,761 chars
[11:10:47] [tab1]   chunk 4/8 ← got 7,881 chars
[11:10:55] [tab1]   chunk 5/8 → sending 5,288 chars
[11:12:27] [tab1]   chunk 5/8 ← got 9,295 chars
[11:12:35] [tab1]   chunk 6/8 → sending 5,443 chars
[11:13:40] [tab1]   chunk 6/8 ← got 6,886 chars
[11:13:48] [tab1]   chunk 7/8 → sending 5,093 chars
[11:15:21] [tab1]   chunk 7/8 ← got 7,642 chars
[11:15:29] [tab1]   chunk 8/8 → sending 2,045 chars
[11:16:24] [tab1]   chunk 8/8 ← got 4,584 chars
[11:16:24] [tab1]   wrote 032_شیخ_عبدالزهراء_دروس_معرفت_نفس_14مرداد1404.book.md (58,023 chars)
[11:16:24] [tab1] 033: 43,822 chars in 9 chunk(s); 0 cached, sending 9.
[11:16:25] [tab1] Could not read the model label; check the window if the mode matters.
[11:16:25] [tab1]   chunk 1/9 → sending 4,568 chars
[11:17:42] [tab1]   chunk 1/9 ← got 5,978 chars
[11:17:50] [tab1]   chunk 2/9 → sending 4,888 chars
[11:18:51] [tab1]   chunk 2/9 ← got 5,321 chars
[11:18:59] [tab1]   chunk 3/9 → sending 5,507 chars
[11:19:48] [tab1]   chunk 3/9 ← got 5,170 chars
[11:19:56] [tab1]   chunk 4/9 → sending 5,475 chars
[11:21:07] [tab1]   chunk 4/9 ← got 7,186 chars
[11:21:15] [tab1]   chunk 5/9 → sending 5,130 chars
[11:22:16] [tab1]   chunk 5/9 ← got 5,085 chars
[11:22:24] [tab1]   chunk 6/9 → sending 5,301 chars
[11:23:21] [tab1]   chunk 6/9 ← got 5,516 chars
[11:23:29] [tab1]   chunk 7/9 → sending 5,393 chars
[11:24:11] [tab1]   chunk 7/9 ← got 5,223 chars
[11:24:19] [tab1]   chunk 8/9 → sending 5,156 chars
[11:25:02] [tab1]   chunk 8/9 ← got 6,732 chars
[11:25:10] [tab1]   chunk 9/9 → sending 2,413 chars
[11:25:55] [tab1]   chunk 9/9 ← got 3,352 chars
[11:25:55] [tab1]   wrote 033_شیخ_عبدالزهراء_شرح_کتب_علامه_حسن_زاده_آملی_دروس_نفس_28مرداد404.book.md (49,579 chars)
[11:25:55] [tab1] 034: 11,404 chars in 2 chunk(s); 0 cached, sending 2.
[11:25:56] [tab1] Could not read the model label; check the window if the mode matters.
[11:25:56] [tab1]   chunk 1/2 → sending 5,462 chars
[11:26:47] [tab1]   chunk 1/2 ← got 5,677 chars
[11:26:55] [tab1]   chunk 2/2 → sending 5,946 chars
[11:28:19] [tab1]   chunk 2/2 ← got 7,762 chars
[11:28:19] [tab1]   wrote 034_شیخ_عبدالزهراء_شرح_کتب_علامه_حسن_زاده_آملی_دروس_نفس_28مرداد4042.book.md (13,441 chars)
[11:28:19] [tab1] 035: 45,990 chars in 9 chunk(s); 0 cached, sending 9.
[11:28:20] [tab1] Could not read the model label; check the window if the mode matters.
[11:28:20] [tab1]   chunk 1/9 → sending 4,996 chars
[11:30:02] [tab1]   chunk 1/9 ← got 6,745 chars
[11:30:10] [tab1]   chunk 2/9 → sending 5,174 chars
[11:31:08] [tab1]   chunk 2/9 ← got 5,627 chars
[11:31:16] [tab1]   chunk 3/9 → sending 5,246 chars
[11:31:59] [tab1]   chunk 3/9 ← got 5,355 chars
[11:32:07] [tab1]   chunk 4/9 → sending 5,111 chars
[11:33:16] [tab1]   chunk 4/9 ← got 7,944 chars
[11:33:24] [tab1]   chunk 5/9 → sending 4,709 chars
[11:34:16] [tab1]   chunk 5/9 ← got 5,326 chars
[11:34:24] [tab1]   chunk 6/9 → sending 5,222 chars
[11:35:25] [tab1]   chunk 6/9 ← got 5,732 chars
[11:35:33] [tab1]   chunk 7/9 → sending 5,366 chars
[11:36:48] [tab1]   chunk 7/9 ← got 7,216 chars
[11:36:57] [tab1]   chunk 8/9 → sending 4,948 chars
[11:37:53] [tab1]   chunk 8/9 ← got 6,745 chars
[11:38:01] [tab1]   chunk 9/9 → sending 5,228 chars
[11:38:48] [tab1]   chunk 9/9 ← got 5,510 chars
[11:38:48] [tab1]   wrote 035_شیخ عبدالزهراء_29مرداد1404.book.md (56,216 chars)
[11:38:48] [tab1] 036: 33,677 chars in 7 chunk(s); 0 cached, sending 7.
[11:38:49] [tab1] Could not read the model label; check the window if the mode matters.
[11:38:49] [tab1]   chunk 1/7 → sending 4,827 chars
[11:40:41] [tab1]   chunk 1/7 ← got 6,539 chars
[11:40:49] [tab1]   chunk 2/7 → sending 4,902 chars
[11:41:53] [tab1]   chunk 2/7 ← got 6,226 chars
[11:42:01] [tab1]   chunk 3/7 → sending 5,406 chars
[11:43:11] [tab1]   chunk 3/7 ← got 6,037 chars
[11:43:19] [tab1]   chunk 4/7 → sending 5,328 chars
[11:44:23] [tab1]   chunk 4/7 ← got 7,903 chars
[11:44:31] [tab1]   chunk 5/7 → sending 5,779 chars
[11:45:18] [tab1]   chunk 5/7 ← got 6,427 chars
[11:45:26] [tab1]   chunk 6/7 → sending 5,376 chars
[11:46:20] [tab1]   chunk 6/7 ← got 6,426 chars
[11:46:28] [tab1]   chunk 7/7 → sending 2,066 chars
[11:47:08] [tab1]   chunk 7/7 ← got 3,828 chars
[11:47:08] [tab1]   wrote 036_سخنرانی شب جمعه 06-06-1404(2).book.md (43,398 chars)
[11:47:08] [tab1] 037: 11,908 chars in 3 chunk(s); 0 cached, sending 3.
[11:47:09] [tab1] Could not read the model label; check the window if the mode matters.
[11:47:09] [tab1]   chunk 1/3 → sending 4,921 chars
[11:48:36] [tab1]   chunk 1/3 ← got 7,048 chars
[11:48:44] [tab1]   chunk 2/3 → sending 5,783 chars
[11:49:49] [tab1]   chunk 2/3 ← got 7,676 chars
[11:49:57] [tab1]   chunk 3/3 → sending 1,206 chars
[11:50:30] [tab1]   chunk 3/3 ← got 1,898 chars
[11:50:30] [tab1]   wrote 037_پرسش و پاسخ شب جمعه 06-06-1404.book.md (16,626 chars)
[11:50:30] [tab1] 038: 32,089 chars in 7 chunk(s); 0 cached, sending 7.
[11:50:31] [tab1] Could not read the model label; check the window if the mode matters.
[11:50:31] [tab1]   chunk 1/7 → sending 4,646 chars
[11:51:24] [tab1]   chunk 1/7 ← got 5,908 chars
[11:51:32] [tab1]   chunk 2/7 → sending 4,945 chars
[11:52:35] [tab1]   chunk 2/7 ← got 6,436 chars
[11:52:43] [tab1]   chunk 3/7 → sending 5,449 chars
[11:53:18] [tab1]   chunk 3/7 ← got 5,864 chars
[11:53:26] [tab1]   chunk 4/7 → sending 5,440 chars
[11:54:38] [tab1]   chunk 4/7 ← got 6,261 chars
[11:54:46] [tab1]   chunk 5/7 → sending 5,033 chars
[11:55:42] [tab1]   chunk 5/7 ← got 5,246 chars
[11:55:50] [tab1]   chunk 6/7 → sending 5,092 chars
[11:56:44] [tab1]   chunk 6/7 ← got 5,432 chars
[11:56:52] [tab1]   chunk 7/7 → sending 1,490 chars
[11:57:29] [tab1]   chunk 7/7 ← got 1,684 chars
[11:57:29] [tab1]   wrote 038_شیخ_عبدالزهراء_شرح_کتاب_دروس_معرفت_نفس_علامه_حسن_زاده_آملی_16شهریور1.book.md (36,843 chars)
[11:57:29] [tab1] 039: 25,028 chars in 5 chunk(s); 0 cached, sending 5.
[11:57:31] [tab1] Could not read the model label; check the window if the mode matters.
[11:57:31] [tab1]   chunk 1/5 → sending 5,490 chars
[11:58:52] [tab1]   chunk 1/5 ← got 5,810 chars
[11:59:00] [tab1]   chunk 2/5 → sending 5,294 chars
[12:00:07] [tab1]   chunk 2/5 ← got 7,415 chars
[12:00:15] [tab1]   chunk 3/5 → sending 5,122 chars
[12:01:05] [tab1]   chunk 3/5 ← got 6,066 chars
[12:01:13] [tab1]   chunk 4/5 → sending 5,402 chars
[12:01:54] [tab1]   chunk 4/5 ← got 5,689 chars
[12:02:02] [tab1]   chunk 5/5 → sending 3,725 chars
[12:02:35] [tab1]   chunk 5/5 ← got 3,312 chars
[12:02:35] [tab1]   wrote 039__شیخ_عبدالزهراء_شرح_کتاب_دروس_معرفت_نفس_علامه_حسن_زاده_آملی_16شهریور1.book.md (28,300 chars)
[12:02:35] [tab1] 040: 44,851 chars in 9 chunk(s); 0 cached, sending 9.
[12:02:36] [tab1] Could not read the model label; check the window if the mode matters.
[12:02:36] [tab1]   chunk 1/9 → sending 4,398 chars
[12:03:43] [tab1]   chunk 1/9 ← got 5,272 chars
[12:03:51] [tab1]   chunk 2/9 → sending 5,316 chars
[12:04:53] [tab1]   chunk 2/9 ← got 9,023 chars
[12:05:01] [tab1]   chunk 3/9 → sending 5,314 chars
[12:06:18] [tab1]   chunk 3/9 ← got 5,704 chars
[12:06:26] [tab1]   chunk 4/9 → sending 5,442 chars
[12:07:41] [tab1]   chunk 4/9 ← got 7,925 chars
[12:07:49] [tab1]   chunk 5/9 → sending 5,445 chars
[12:08:38] [tab1]   chunk 5/9 ← got 7,181 chars
[12:08:46] [tab1]   chunk 6/9 → sending 5,203 chars
[12:10:02] [tab1]   chunk 6/9 ← got 6,645 chars
[12:10:10] [tab1]   chunk 7/9 → sending 5,039 chars
[12:10:59] [tab1]   chunk 7/9 ← got 5,277 chars
[12:11:07] [tab1]   chunk 8/9 → sending 5,195 chars
[12:12:13] [tab1]   chunk 8/9 ← got 6,485 chars
[12:12:21] [tab1]   chunk 9/9 → sending 3,508 chars
[12:12:55] [tab1]   chunk 9/9 ← got 3,971 chars
[12:12:55] [tab1]   wrote 040_شیخ_عبدالزهراء_شرح_کتاب_دروس_نفس_علامه_حسن_زاده_آملی_17شهریور1404.book.md (57,499 chars)
[12:12:55] [tab1] 041: 19,608 chars in 4 chunk(s); 0 cached, sending 4.
[12:12:56] [tab1] Could not read the model label; check the window if the mode matters.
[12:12:56] [tab1]   chunk 1/4 → sending 5,846 chars
[12:13:58] [tab1]   chunk 1/4 ← got 3,862 chars
[12:14:06] [tab1]   chunk 2/4 → sending 5,208 chars
[12:15:07] [tab1]   chunk 2/4 ← got 5,557 chars
[12:15:15] [tab1]   chunk 3/4 → sending 5,528 chars
[12:16:01] [tab1]   chunk 3/4 ← got 4,953 chars
[12:16:09] [tab1]   chunk 4/4 → sending 3,030 chars
[12:16:39] [tab1]   chunk 4/4 ← got 3,592 chars
[12:16:39] [tab1]   wrote 041__شیخ_عبدالزهراء_شرح_کتاب_دروس_نفس_علامه_حسن_زاده_آملی_17شهریور1404.book.md (17,970 chars)
[12:16:39] [tab1] 042: 54,249 chars in 10 chunk(s); 0 cached, sending 10.
[12:16:40] [tab1] Could not read the model label; check the window if the mode matters.
[12:16:40] [tab1]   chunk 1/10 → sending 4,803 chars
[12:18:24] [tab1]   chunk 1/10 ← got 6,173 chars
[12:18:32] [tab1]   chunk 2/10 → sending 5,046 chars
[12:19:49] [tab1]   chunk 2/10 ← got 7,583 chars
[12:19:57] [tab1]   chunk 3/10 → sending 5,879 chars
[12:21:06] [tab1]   chunk 3/10 ← got 6,861 chars
[12:21:14] [tab1]   chunk 4/10 → sending 5,949 chars
[12:22:25] [tab1]   chunk 4/10 ← got 7,186 chars
[12:22:33] [tab1]   chunk 5/10 → sending 5,701 chars
[12:23:33] [tab1]   chunk 5/10 ← got 6,742 chars
[12:23:41] [tab1]   chunk 6/10 → sending 5,231 chars
[12:24:27] [tab1]   chunk 6/10 ← got 5,764 chars
[12:24:35] [tab1]   chunk 7/10 → sending 5,328 chars
[12:25:42] [tab1]   chunk 7/10 ← got 6,923 chars
[12:25:50] [tab1]   chunk 8/10 → sending 5,570 chars
[12:27:01] [tab1]   chunk 8/10 ← got 6,041 chars
[12:27:09] [tab1]   chunk 9/10 → sending 5,662 chars
[12:27:50] [tab1]   chunk 9/10 ← got 3,523 chars
[12:27:58] [tab1]   chunk 10/10 → sending 5,092 chars
[12:28:50] [tab1]   chunk 10/10 ← got 6,253 chars
[12:28:50] [tab1]   wrote 042_شیخ_عبدالزهراء_شرح_کتاب_معرفت_نفس_علامه_حسن_زاده_آملی_18شهریور140.book.md (63,067 chars)
[12:28:50] [tab1] 043: 46,562 chars in 9 chunk(s); 0 cached, sending 9.
[12:28:51] [tab1] Could not read the model label; check the window if the mode matters.
[12:28:51] [tab1]   chunk 1/9 → sending 5,091 chars
[12:30:00] [tab1]   chunk 1/9 ← got 8,486 chars
[12:30:08] [tab1]   chunk 2/9 → sending 5,681 chars
[12:31:00] [tab1]   chunk 2/9 ← got 6,045 chars
[12:31:08] [tab1]   chunk 3/9 → sending 5,816 chars
[12:32:10] [tab1]   chunk 3/9 ← got 6,859 chars
[12:32:18] [tab1]   chunk 4/9 → sending 5,464 chars
[12:33:06] [tab1]   chunk 4/9 ← got 5,884 chars
[12:33:14] [tab1]   chunk 5/9 → sending 5,677 chars
[12:34:15] [tab1]   chunk 5/9 ← got 7,178 chars
[12:34:23] [tab1]   chunk 6/9 → sending 5,549 chars
[12:35:34] [tab1]   chunk 6/9 ← got 7,095 chars
[12:35:42] [tab1]   chunk 7/9 → sending 5,091 chars
[12:36:44] [tab1]   chunk 7/9 ← got 6,576 chars
[12:36:52] [tab1]   chunk 8/9 → sending 5,073 chars
[12:37:46] [tab1]   chunk 8/9 ← got 5,567 chars
[12:37:54] [tab1]   chunk 9/9 → sending 3,129 chars
[12:38:28] [tab1]   chunk 9/9 ← got 4,749 chars
[12:38:28] [tab1]   wrote 043__شیخ_عبدالزهرا_شرح_کتاب_دروس_معرفت_نفس_علامه_حسن_زاده_آملی_26شهریور14.book.md (58,455 chars)
[12:38:28] [tab1] 044: 15,901 chars in 3 chunk(s); 0 cached, sending 3.
[12:38:29] [tab1] Could not read the model label; check the window if the mode matters.
[12:38:29] [tab1]   chunk 1/3 → sending 5,406 chars
[12:39:20] [tab1]   chunk 1/3 ← got 4,819 chars
[12:39:28] [tab1]   chunk 2/3 → sending 5,378 chars
[12:40:18] [tab1]   chunk 2/3 ← got 5,438 chars
[12:40:26] [tab1]   chunk 3/3 → sending 5,121 chars
[12:41:23] [tab1]   chunk 3/3 ← got 6,557 chars
[12:41:23] [tab1]   wrote 044__شیخ_عبدالزهراء_شرح_کتاب_دروس_معرفت_نفس_علامه_حسن_زاده_آملی_26شهریور2.book.md (16,818 chars)
[12:41:23] [tab1] 045: 48,417 chars in 10 chunk(s); 0 cached, sending 10.
[12:41:24] [tab1] Could not read the model label; check the window if the mode matters.
[12:41:24] [tab1]   chunk 1/10 → sending 5,266 chars
[12:43:17] [tab1]   chunk 1/10 ← got 6,939 chars
[12:43:25] [tab1]   chunk 2/10 → sending 5,384 chars
[12:44:38] [tab1]   chunk 2/10 ← got 6,070 chars
[12:44:46] [tab1]   chunk 3/10 → sending 5,355 chars
[12:45:51] [tab1]   chunk 3/10 ← got 7,813 chars
[12:45:59] [tab1]   chunk 4/10 → sending 5,185 chars
[12:46:53] [tab1]   chunk 4/10 ← got 5,832 chars
[12:47:01] [tab1]   chunk 5/10 → sending 5,331 chars
[12:48:01] [tab1]   chunk 5/10 ← got 5,854 chars
[12:48:09] [tab1]   chunk 6/10 → sending 5,024 chars
[12:49:15] [tab1]   chunk 6/10 ← got 7,829 chars
[12:49:23] [tab1]   chunk 7/10 → sending 4,518 chars
[12:50:10] [tab1]   chunk 7/10 ← got 5,449 chars
[12:50:18] [tab1]   chunk 8/10 → sending 5,106 chars
[12:51:19] [tab1]   chunk 8/10 ← got 5,735 chars
[12:51:27] [tab1]   chunk 9/10 → sending 5,320 chars
[12:52:16] [tab1]   chunk 9/10 ← got 6,055 chars
[12:52:24] [tab1]   chunk 10/10 → sending 1,937 chars
[12:52:53] [tab1]   chunk 10/10 ← got 3,563 chars
[12:52:53] [tab1]   wrote 045__شیخ_عبدالزهراء_شرح_کتاب_معرفت_نفس_علامه_حسن_زاده_آملی_2مهر140412.book.md (61,157 chars)
[12:52:53] [tab1] 046: 21,033 chars in 4 chunk(s); 0 cached, sending 4.
[12:52:54] [tab1] Could not read the model label; check the window if the mode matters.
[12:52:54] [tab1]   chunk 1/4 → sending 5,629 chars
[12:54:01] [tab1]   chunk 1/4 ← got 7,870 chars
[12:54:09] [tab1]   chunk 2/4 → sending 5,461 chars
[12:55:18] [tab1]   chunk 2/4 ← got 9,802 chars
[12:55:26] [tab1]   chunk 3/4 → sending 4,161 chars
[12:56:12] [tab1]   chunk 3/4 ← got 5,013 chars
[12:56:20] [tab1]   chunk 4/4 → sending 5,786 chars
[12:57:08] [tab1]   chunk 4/4 ← got 6,698 chars
[12:57:08] [tab1]   wrote 046__شیخ_عبدالزهراء_شرح_کتاب_معرفت_نفس_علامه_حسن_زاده_آملی_2مهر1404.book.md (29,389 chars)
[12:57:08] [tab1] 047: 54,630 chars in 10 chunk(s); 0 cached, sending 10.
[12:57:09] [tab1] Could not read the model label; check the window if the mode matters.
[12:57:09] [tab1]   chunk 1/10 → sending 4,873 chars
[12:58:55] [tab1]   chunk 1/10 ← got 7,314 chars
[12:59:03] [tab1]   chunk 2/10 → sending 5,230 chars
[12:59:51] [tab1]   chunk 2/10 ← got 4,993 chars
[12:59:59] [tab1]   chunk 3/10 → sending 5,468 chars
[13:01:06] [tab1]   chunk 3/10 ← got 6,944 chars
[13:01:14] [tab1]   chunk 4/10 → sending 5,835 chars
[13:02:23] [tab1]   chunk 4/10 ← got 5,486 chars
[13:02:31] [tab1]   chunk 5/10 → sending 5,994 chars
[13:03:47] [tab1]   chunk 5/10 ← got 7,129 chars
[13:03:55] [tab1]   chunk 6/10 → sending 5,490 chars
[13:04:55] [tab1]   chunk 6/10 ← got 6,353 chars
[13:05:03] [tab1]   chunk 7/10 → sending 5,648 chars
[13:06:02] [tab1]   chunk 7/10 ← got 6,248 chars
[13:06:10] [tab1]   chunk 8/10 → sending 4,873 chars
[13:07:05] [tab1]   chunk 8/10 ← got 4,790 chars
[13:07:13] [tab1]   chunk 9/10 → sending 5,432 chars
[13:08:25] [tab1]   chunk 9/10 ← got 5,609 chars
[13:08:33] [tab1]   chunk 10/10 → sending 5,799 chars
[13:09:41] [tab1]   chunk 10/10 ← got 6,954 chars
[13:09:41] [tab1]   wrote 047_شیخ عبدالزهراء_9 مهر 1404_1_1_1.book.md (61,838 chars)
[13:09:41] [tab1] 048: 11,012 chars in 3 chunk(s); 0 cached, sending 3.
[13:09:42] [tab1] Could not read the model label; check the window if the mode matters.
[13:09:42] [tab1]   chunk 1/3 → sending 4,114 chars
[13:10:24] [tab1]   chunk 1/3 ← got 4,468 chars
[13:10:32] [tab1]   chunk 2/3 → sending 4,349 chars
[13:11:12] [tab1]   chunk 2/3 ← got 3,590 chars
[13:11:20] [tab1]   chunk 3/3 → sending 2,550 chars
[13:11:46] [tab1]   chunk 3/3 ← got 3,328 chars
[13:11:46] [tab1]   wrote 048__شیخ عبدالزهراء_9 مهر 1404_2_1(2).book.md (11,390 chars)
[13:11:46] [tab1] 049: 48,236 chars in 9 chunk(s); 0 cached, sending 9.
[13:11:47] [tab1] Could not read the model label; check the window if the mode matters.
[13:11:47] [tab1]   chunk 1/9 → sending 4,754 chars
[13:12:58] [tab1]   chunk 1/9 ← got 7,917 chars
[13:13:06] [tab1]   chunk 2/9 → sending 5,057 chars
[13:14:25] [tab1]   chunk 2/9 ← got 5,225 chars
[13:14:33] [tab1]   chunk 3/9 → sending 5,640 chars
[13:31:57] [tab1] 049: No finished reply after 900s. Thinking mode can be slow — retry with a larger --response-timeout, or check the browser window for a captcha or usage limit.
[13:31:57] [tab1] 050: 11,515 chars in 2 chunk(s); 0 cached, sending 2.
[13:32:16] [tab1] 050: unexpected error: Page.goto: net::ERR_TIMED_OUT at https://chatgpt.com/?model=gpt-5-thinking
Call log:
  - navigating to "https://chatgpt.com/?model=gpt-5-thinking", waiting until "domcontentloaded"

[13:32:16] [tab1] 051: 43,648 chars in 9 chunk(s); 0 cached, sending 9.
[13:32:16] [tab1] 051: unexpected error: Page.goto: Navigation to "https://chatgpt.com/?model=gpt-5-thinking" is interrupted by another navigation to "chrome-error://chromewebdata/"
Call log:
  - navigating to "https://chatgpt.com/?model=gpt-5-thinking", waiting until "domcontentloaded"

[13:32:16] [tab1] 052: 11,932 chars in 3 chunk(s); 0 cached, sending 3.
[13:32:17] [tab1] 052: unexpected error: Page.goto: Navigation to "https://chatgpt.com/?model=gpt-5-thinking" is interrupted by another navigation to "https://chatgpt.com/?model=gpt-5-thinking"
Call log:
  - navigating to "https://chatgpt.com/?model=gpt-5-thinking", waiting until "domcontentloaded"

[13:32:17] [tab1] 053: 47,368 chars in 10 chunk(s); 0 cached, sending 10.
[13:32:17] [tab1] 053: unexpected error: Page.goto: Navigation to "https://chatgpt.com/?model=gpt-5-thinking" is interrupted by another navigation to "https://chatgpt.com/?model=gpt-5-thinking"
Call log:
  - navigating to "https://chatgpt.com/?model=gpt-5-thinking", waiting until "domcontentloaded"

[13:32:17] [tab1] 054: 18,910 chars in 4 chunk(s); 0 cached, sending 4.
[13:32:17] [tab1] 054: unexpected error: Page.goto: Navigation to "https://chatgpt.com/?model=gpt-5-thinking" is interrupted by another navigation to "https://chatgpt.com/?model=gpt-5-thinking"
Call log:
  - navigating to "https://chatgpt.com/?model=gpt-5-thinking", waiting until "domcontentloaded"

[13:32:17] [tab1] 055: 45,886 chars in 9 chunk(s); 0 cached, sending 9.
[13:32:17] [tab1] 055: unexpected error: Page.goto: Navigation to "https://chatgpt.com/?model=gpt-5-thinking" is interrupted by another navigation to "https://chatgpt.com/?model=gpt-5-thinking"
Call log:
  - navigating to "https://chatgpt.com/?model=gpt-5-thinking", waiting until "domcontentloaded"

[13:32:17] [tab1] 056: 18,662 chars in 4 chunk(s); 0 cached, sending 4.
[13:32:17] [tab1] 056: unexpected error: Page.goto: Navigation to "https://chatgpt.com/?model=gpt-5-thinking" is interrupted by another navigation to "https://chatgpt.com/?model=gpt-5-thinking"
Call log:
  - navigating to "https://chatgpt.com/?model=gpt-5-thinking", waiting until "domcontentloaded"

[13:32:17] [tab1] 057: 45,478 chars in 9 chunk(s); 0 cached, sending 9.
[13:49:48] [tab1] 057: unexpected error: Page.goto: Timeout 120000ms exceeded.
Call log:
  - navigating to "https://chatgpt.com/?model=gpt-5-thinking", waiting until "domcontentloaded"

[13:49:48] [tab1] 058: 24,265 chars in 5 chunk(s); 0 cached, sending 5.
[13:50:00] [tab1] Could not read the model label; check the window if the mode matters.
[13:50:00] [tab1]   chunk 1/5 → sending 5,541 chars
[13:50:39] [tab1]   chunk 1/5 ← got 3,669 chars
[13:50:47] [tab1]   chunk 2/5 → sending 5,477 chars
[14:07:33] [tab1] 058: No finished reply after 900s. Thinking mode can be slow — retry with a larger --response-timeout, or check the browser window for a captcha or usage limit.
[14:07:33] [tab1] 059: 36,033 chars in 7 chunk(s); 0 cached, sending 7.
[14:07:53] [tab1] Could not read the model label; check the window if the mode matters.
[14:07:53] [tab1]   chunk 1/7 → sending 4,821 chars
[14:09:21] [tab1]   chunk 1/7 ← got 4,457 chars
[14:09:29] [tab1]   chunk 2/7 → sending 4,817 chars
[14:10:01] [tab1]   chunk 2/7 ← got 4,384 chars
[14:10:09] [tab1]   chunk 3/7 → sending 5,295 chars
[14:11:25] [tab1]   chunk 3/7 ← got 7,655 chars
[14:11:33] [tab1]   chunk 4/7 → sending 5,674 chars
[14:12:22] [tab1]   chunk 4/7 ← got 5,987 chars
[14:12:30] [tab1]   chunk 5/7 → sending 5,574 chars
[14:13:31] [tab1]   chunk 5/7 ← got 6,048 chars
[14:13:39] [tab1]   chunk 6/7 → sending 5,260 chars
[14:14:43] [tab1]   chunk 6/7 ← got 5,996 chars
[14:14:51] [tab1]   chunk 7/7 → sending 4,600 chars
[14:15:44] [tab1]   chunk 7/7 ← got 6,656 chars
[14:15:44] [tab1]   wrote 059_حجه_الاسلام_عبدالزهراء_دروس_معرفت_نفس_۲۱_آبان_۴۰۴_6.book.md (41,195 chars)
[14:15:44] [tab1] 060: 15,754 chars in 3 chunk(s); 0 cached, sending 3.
[14:15:45] [tab1] Could not read the model label; check the window if the mode matters.
[14:15:45] [tab1]   chunk 1/3 → sending 5,966 chars
[14:17:04] [tab1]   chunk 1/3 ← got 5,925 chars
[14:17:12] [tab1]   chunk 2/3 → sending 5,551 chars
[14:18:04] [tab1]   chunk 2/3 ← got 6,642 chars
[14:18:12] [tab1]   chunk 3/3 → sending 4,241 chars
[14:18:54] [tab1]   chunk 3/3 ← got 5,164 chars
[14:18:54] [tab1]   wrote 060_حجه_الاسلام_عبدالزهراء_دروس_معرفت_نفس_بحث_۲۱_آبان_۴۰۴.book.md (17,735 chars)
[14:18:54] [tab1] 061: 43,452 chars in 8 chunk(s); 0 cached, sending 8.
[14:18:55] [tab1] Could not read the model label; check the window if the mode matters.
[14:18:55] [tab1]   chunk 1/8 → sending 5,688 chars
[14:20:14] [tab1]   chunk 1/8 ← got 7,542 chars
[14:20:22] [tab1]   chunk 2/8 → sending 4,999 chars
[14:21:17] [tab1]   chunk 2/8 ← got 6,669 chars
[14:21:25] [tab1]   chunk 3/8 → sending 5,748 chars
[14:22:31] [tab1]   chunk 3/8 ← got 5,636 chars
[14:22:39] [tab1]   chunk 4/8 → sending 4,983 chars
[14:23:43] [tab1]   chunk 4/8 ← got 5,912 chars
[14:23:51] [tab1]   chunk 5/8 → sending 5,539 chars
[14:24:37] [tab1]   chunk 5/8 ← got 5,369 chars
[14:24:45] [tab1]   chunk 6/8 → sending 5,663 chars
[14:25:40] [tab1]   chunk 6/8 ← got 6,203 chars
[14:25:48] [tab1]   chunk 7/8 → sending 5,388 chars
[14:26:45] [tab1]   chunk 7/8 ← got 5,744 chars
[14:26:53] [tab1]   chunk 8/8 → sending 5,456 chars
[14:28:11] [tab1]   chunk 8/8 ← got 7,033 chars
[14:28:11] [tab1]   wrote 061_حجت_الاسلام_عبدالزهرا_شرح_کتاب_دروس_معرفت_نفس_علامه_حسن_زاده_آملی.book.md (50,122 chars)
[14:28:11] [tab1] 062: 32,796 chars in 7 chunk(s); 0 cached, sending 7.
[14:28:12] [tab1] Could not read the model label; check the window if the mode matters.
[14:28:12] [tab1]   chunk 1/7 → sending 5,630 chars
[14:30:00] [tab1]   chunk 1/7 ← got 8,004 chars
[14:30:08] [tab1]   chunk 2/7 → sending 4,933 chars
[14:31:03] [tab1]   chunk 2/7 ← got 7,669 chars
[14:31:11] [tab1]   chunk 3/7 → sending 5,368 chars
[14:32:22] [tab1]   chunk 3/7 ← got 7,317 chars
[14:32:30] [tab1]   chunk 4/7 → sending 5,363 chars
[14:34:03] [tab1]   chunk 4/7 ← got 10,425 chars
[14:34:11] [tab1]   chunk 5/7 → sending 5,008 chars
[14:35:17] [tab1]   chunk 5/7 ← got 7,458 chars
[14:35:25] [tab1]   chunk 6/7 → sending 5,202 chars
[14:36:48] [tab1]   chunk 6/7 ← got 6,909 chars
[14:36:56] [tab1]   chunk 7/7 → sending 1,299 chars
[14:37:28] [tab1]   chunk 7/7 ← got 2,670 chars
[14:37:28] [tab1]   wrote 062_سخنرانی حاج آقا بیات 1404.book.md (50,464 chars)
[14:37:28] [tab1] 063: 13,197 chars in 3 chunk(s); 0 cached, sending 3.
[14:37:29] [tab1] Could not read the model label; check the window if the mode matters.
[14:37:29] [tab1]   chunk 1/3 → sending 5,506 chars
[14:38:04] [tab1]   chunk 1/3 ← got 5,162 chars
[14:38:12] [tab1]   chunk 2/3 → sending 5,243 chars
[14:38:39] [tab1]   chunk 2/3 ← got 4,793 chars
[14:38:47] [tab1]   chunk 3/3 → sending 2,451 chars
[14:39:10] [tab1]   chunk 3/3 ← got 3,472 chars
[14:39:10] [tab1]   wrote 063_حجت_الاسلام_عبدالزهرا_جمع_بندی_مقدمات_19آذر1404_3.book.md (13,431 chars)
[14:39:10] [tab1] 064: 36,019 chars in 7 chunk(s); 0 cached, sending 7.
[14:39:11] [tab1] Could not read the model label; check the window if the mode matters.
[14:39:11] [tab1]   chunk 1/7 → sending 4,400 chars
[14:39:41] [tab1] Could not fill the message box (TimeoutError); retrying.
[14:41:22] [tab1]   chunk 1/7 ← got 6,285 chars
[14:41:30] [tab1]   chunk 2/7 → sending 5,121 chars
[14:42:08] [tab1]   chunk 2/7 ← got 4,902 chars
[14:42:16] [tab1]   chunk 3/7 → sending 5,246 chars
[14:42:59] [tab1]   chunk 3/7 ← got 5,033 chars
[14:43:07] [tab1]   chunk 4/7 → sending 5,327 chars
[14:43:49] [tab1]   chunk 4/7 ← got 5,491 chars
[14:43:57] [tab1]   chunk 5/7 → sending 5,611 chars
[14:44:35] [tab1]   chunk 5/7 ← got 4,913 chars
[14:44:43] [tab1]   chunk 6/7 → sending 5,251 chars
[14:45:44] [tab1]   chunk 6/7 ← got 6,230 chars
[14:45:52] [tab1]   chunk 7/7 → sending 5,071 chars
[14:46:58] [tab1]   chunk 7/7 ← got 5,183 chars
[14:46:58] [tab1]   wrote 064_حجت_الاسلام_عبدالزهرا_جمع_بندی_مقدمات_19آذر1404_2_1_1.book.md (38,049 chars)
[14:46:58] [tab1] 065: 45,579 chars in 10 chunk(s); 0 cached, sending 10.
[14:46:59] [tab1] Could not read the model label; check the window if the mode matters.
[14:46:59] [tab1]   chunk 1/10 → sending 4,604 chars
[14:47:55] [tab1]   chunk 1/10 ← got 8,295 chars
[14:48:03] [tab1]   chunk 2/10 → sending 5,078 chars
[14:48:55] [tab1]   chunk 2/10 ← got 5,741 chars
[14:49:03] [tab1]   chunk 3/10 → sending 4,747 chars
[14:50:25] [tab1]   chunk 3/10 ← got 7,180 chars
[14:50:34] [tab1]   chunk 4/10 → sending 4,649 chars
[14:51:23] [tab1]   chunk 4/10 ← got 6,231 chars
[14:51:31] [tab1]   chunk 5/10 → sending 4,897 chars
[14:52:17] [tab1]   chunk 5/10 ← got 5,160 chars
[14:52:25] [tab1]   chunk 6/10 → sending 4,585 chars
[14:53:40] [tab1]   chunk 6/10 ← got 6,011 chars
[14:53:48] [tab1]   chunk 7/10 → sending 5,019 chars
[14:55:02] [tab1]   chunk 7/10 ← got 6,033 chars
[14:55:10] [tab1]   chunk 8/10 → sending 5,982 chars
[14:56:04] [tab1]   chunk 8/10 ← got 8,070 chars
[14:56:12] [tab1]   chunk 9/10 → sending 4,697 chars
[14:57:24] [tab1]   chunk 9/10 ← got 5,175 chars
[14:57:32] [tab1]   chunk 10/10 → sending 1,333 chars
[14:57:59] [tab1]   chunk 10/10 ← got 1,456 chars
[14:57:59] [tab1]   wrote 065_حجت الاسلام عبدالزهراء_دروس معرفت نفس_3دی1404_2.book.md (59,370 chars)
[14:57:59] [tab1] 066: 41,197 chars in 8 chunk(s); 0 cached, sending 8.
[14:58:00] [tab1] Could not read the model label; check the window if the mode matters.
[14:58:00] [tab1]   chunk 1/8 → sending 4,724 chars
[14:58:51] [tab1]   chunk 1/8 ← got 4,999 chars
[14:58:59] [tab1]   chunk 2/8 → sending 5,534 chars
[14:59:47] [tab1]   chunk 2/8 ← got 5,940 chars
[14:59:55] [tab1]   chunk 3/8 → sending 5,300 chars
[15:01:17] [tab1]   chunk 3/8 ← got 7,174 chars
[15:01:25] [tab1]   chunk 4/8 → sending 5,103 chars
[15:02:07] [tab1]   chunk 4/8 ← got 4,334 chars
[15:02:15] [tab1]   chunk 5/8 → sending 5,771 chars
[15:03:27] [tab1]   chunk 5/8 ← got 6,209 chars
[15:03:35] [tab1]   chunk 6/8 → sending 5,729 chars
[15:04:50] [tab1]   chunk 6/8 ← got 7,062 chars
[15:04:58] [tab1]   chunk 7/8 → sending 4,018 chars
[15:05:53] [tab1]   chunk 7/8 ← got 5,068 chars
[15:06:01] [tab1]   chunk 8/8 → sending 5,026 chars
[15:07:05] [tab1]   chunk 8/8 ← got 8,055 chars
[15:07:05] [tab1]   wrote 066_معرفت نفس ۲۴ دی ۴۰۴ مسجد بلال_1.book.md (48,855 chars)
[15:07:05] [tab1] 067: 47,995 chars in 10 chunk(s); 0 cached, sending 10.
[15:07:06] [tab1] Could not read the model label; check the window if the mode matters.
[15:07:06] [tab1]   chunk 1/10 → sending 4,524 chars
[15:08:18] [tab1]   chunk 1/10 ← got 7,998 chars
[15:08:26] [tab1]   chunk 2/10 → sending 5,740 chars
[15:09:38] [tab1]   chunk 2/10 ← got 6,308 chars
[15:09:46] [tab1]   chunk 3/10 → sending 5,122 chars
[15:10:53] [tab1]   chunk 3/10 ← got 6,929 chars
[15:11:01] [tab1]   chunk 4/10 → sending 4,863 chars
[15:11:50] [tab1]   chunk 4/10 ← got 5,952 chars
[15:11:58] [tab1]   chunk 5/10 → sending 5,379 chars
[15:13:02] [tab1]   chunk 5/10 ← got 8,357 chars
[15:13:10] [tab1]   chunk 6/10 → sending 5,059 chars
[15:14:18] [tab1]   chunk 6/10 ← got 7,173 chars
[15:14:26] [tab1]   chunk 7/10 → sending 4,854 chars
[15:15:16] [tab1]   chunk 7/10 ← got 6,103 chars
[15:15:24] [tab1]   chunk 8/10 → sending 4,862 chars
[15:16:28] [tab1]   chunk 8/10 ← got 6,882 chars
[15:16:36] [tab1]   chunk 9/10 → sending 4,780 chars
[15:17:32] [tab1]   chunk 9/10 ← got 6,831 chars
[15:17:40] [tab1]   chunk 10/10 → sending 2,822 chars
[15:18:43] [tab1]   chunk 10/10 ← got 4,977 chars
[15:18:43] [tab1]   wrote 067_استاد عبدالزهرا_8بهمن1404.book.md (67,528 chars)
[15:18:43] [tab1] 068: 1,054 chars in 1 chunk(s); 0 cached, sending 1.
[15:18:45] [tab1] Could not read the model label; check the window if the mode matters.
[15:18:45] [tab1]   chunk 1/1 → sending 1,054 chars
[15:19:08] [tab1]   chunk 1/1 ← got 1,356 chars
[15:19:08] [tab1]   wrote 068_نظر خاص علامه در مورد رهبر.book.md (1,356 chars)
[15:19:08] [tab1] 069: 37,519 chars in 8 chunk(s); 0 cached, sending 8.
[15:19:11] [tab1] Rate limited; waiting 20s (used 0s of 1800s).
[15:19:33] [tab1] Rate limit cleared after 22s.
[15:19:33] [tab1] Could not read the model label; check the window if the mode matters.
[15:19:33] [tab1]   chunk 1/8 → sending 4,642 chars
[15:20:26] [tab1]   chunk 1/8 ← got 5,537 chars
[15:20:34] [tab1]   chunk 2/8 → sending 4,593 chars
[15:21:35] [tab1]   chunk 2/8 ← got 6,926 chars
[15:21:43] [tab1]   chunk 3/8 → sending 4,500 chars
[15:22:44] [tab1]   chunk 3/8 ← got 5,949 chars
[15:22:52] [tab1]   chunk 4/8 → sending 5,231 chars
[15:24:05] [tab1]   chunk 4/8 ← got 5,822 chars
[15:24:13] [tab1]   chunk 5/8 → sending 5,283 chars
[15:25:08] [tab1]   chunk 5/8 ← got 6,127 chars
[15:25:16] [tab1]   chunk 6/8 → sending 5,441 chars
[15:26:20] [tab1]   chunk 6/8 ← got 7,468 chars
[15:26:28] [tab1]   chunk 7/8 → sending 4,464 chars
[15:27:08] [tab1]   chunk 7/8 ← got 5,745 chars
[15:27:16] [tab1]   chunk 8/8 → sending 3,373 chars
[15:28:27] [tab1]   chunk 8/8 ← got 4,711 chars
[15:28:27] [tab1]   wrote 069_کلاس معرفت نفس_استاد عبدالزهرا_29بهمن1404_3_1.book.md (48,299 chars)
[15:28:27] [tab1] 070: 47,712 chars in 9 chunk(s); 0 cached, sending 9.
[15:28:29] [tab1] Could not read the model label; check the window if the mode matters.
[15:28:29] [tab1]   chunk 1/9 → sending 5,085 chars
[15:29:58] [tab1]   chunk 1/9 ← got 6,340 chars
[15:30:06] [tab1]   chunk 2/9 → sending 5,674 chars
[15:30:51] [tab1]   chunk 2/9 ← got 6,020 chars
[15:30:59] [tab1]   chunk 3/9 → sending 5,567 chars
[15:31:57] [tab1]   chunk 3/9 ← got 6,652 chars
[15:32:05] [tab1]   chunk 4/9 → sending 4,946 chars
[15:33:32] [tab1]   chunk 4/9 ← got 7,308 chars
[15:33:40] [tab1]   chunk 5/9 → sending 5,989 chars
[15:34:31] [tab1]   chunk 5/9 ← got 5,981 chars
[15:34:39] [tab1]   chunk 6/9 → sending 5,618 chars
[15:35:40] [tab1]   chunk 6/9 ← got 6,117 chars
[15:35:48] [tab1]   chunk 7/9 → sending 5,534 chars
[15:36:42] [tab1]   chunk 7/9 ← got 6,552 chars
[15:36:50] [tab1]   chunk 8/9 → sending 4,777 chars
[15:37:38] [tab1]   chunk 8/9 ← got 4,295 chars
[15:37:46] [tab1]   chunk 9/9 → sending 4,533 chars
[15:38:45] [tab1]   chunk 9/9 ← got 5,915 chars
[15:38:45] [tab1]   wrote 070_حجت الاسلام عبدالزهرا_شرح کتاب دروس معرفت نفس علامه حسن زاده آملی_6اسفند1404_2.book.md (55,196 chars)
[15:38:45] [tab1] 071: 7,935 chars in 2 chunk(s); 0 cached, sending 2.
[15:38:46] [tab1] Could not read the model label; check the window if the mode matters.
[15:38:46] [tab1]   chunk 1/2 → sending 3,866 chars
[15:39:18] [tab1]   chunk 1/2 ← got 4,666 chars
[15:39:26] [tab1]   chunk 2/2 → sending 4,070 chars
[15:40:03] [tab1]   chunk 2/2 ← got 5,350 chars
[15:40:03] [tab1]   wrote 071_نکات شب دوم (1).book.md (10,018 chars)
[15:40:03] [tab1] 072: 3,095 chars in 1 chunk(s); 0 cached, sending 1.
[15:40:06] [tab1] Rate limited; waiting 20s (used 0s of 1800s).
[15:40:28] [tab1] Rate limit cleared after 22s.
[15:40:28] [tab1] Could not read the model label; check the window if the mode matters.
[15:40:28] [tab1]   chunk 1/1 → sending 3,097 chars
[15:40:33] [tab1] Rate limited; waiting 20s (used 0s of 1800s).
[15:40:55] [tab1] Rate limited; waiting 30s (used 22s of 1800s).
[15:41:27] [tab1] Rate limit cleared after 54s.
[15:41:31] [tab1]   chunk 1/1 ← got 3,697 chars
[15:41:31] [tab1]   wrote 072_نكته عرشى.book.md (3,697 chars)
[15:41:31] [tab1] 073: 2,031 chars in 1 chunk(s); 0 cached, sending 1.
[15:41:35] [tab1] Rate limited; waiting 20s (used 0s of 1800s).
[15:41:57] [tab1] Rate limit cleared after 22s.
[15:41:57] [tab1] Could not read the model label; check the window if the mode matters.
[15:41:57] [tab1]   chunk 1/1 → sending 2,032 chars
[15:42:41] [tab1]   chunk 1/1 ← got 2,997 chars
[15:42:41] [tab1]   wrote 073_اهتمام به معرفت نفس.book.md (2,997 chars)
[15:42:41] [tab1] 074: 40,315 chars in 8 chunk(s); 0 cached, sending 8.
[15:42:44] [tab1] Rate limited; waiting 20s (used 0s of 1800s).
[15:43:06] [tab1] Rate limit cleared after 22s.
[15:43:06] [tab1] Could not read the model label; check the window if the mode matters.
[15:43:06] [tab1]   chunk 1/8 → sending 4,906 chars
[15:44:20] [tab1]   chunk 1/8 ← got 7,413 chars
[15:44:28] [tab1]   chunk 2/8 → sending 5,366 chars
[15:46:06] [tab1]   chunk 2/8 ← got 7,688 chars
[15:46:14] [tab1]   chunk 3/8 → sending 4,645 chars
[15:47:43] [tab1]   chunk 3/8 ← got 6,903 chars
[15:47:51] [tab1]   chunk 4/8 → sending 4,530 chars
[15:49:14] [tab1]   chunk 4/8 ← got 6,192 chars
[15:49:22] [tab1]   chunk 5/8 → sending 5,831 chars
[15:50:27] [tab1]   chunk 5/8 ← got 7,764 chars
[15:50:35] [tab1]   chunk 6/8 → sending 5,457 chars
[15:51:17] [tab1]   chunk 6/8 ← got 6,451 chars
[15:51:25] [tab1]   chunk 7/8 → sending 5,498 chars
[15:52:08] [tab1]   chunk 7/8 ← got 5,595 chars
[15:52:16] [tab1]   chunk 8/8 → sending 4,092 chars
[15:52:56] [tab1]   chunk 8/8 ← got 5,164 chars
[15:52:56] [tab1]   wrote 074_جلسه معرفت نفس سه شنبه 1405.05.06.book.md (53,184 chars)
[15:52:56] [tab1] 075: 2,774 chars in 1 chunk(s); 0 cached, sending 1.
[15:52:58] [tab1] Could not read the model label; check the window if the mode matters.
[15:52:58] [tab1]   chunk 1/1 → sending 2,775 chars
[15:53:32] [tab1]   chunk 1/1 ← got 3,458 chars
[15:53:32] [tab1]   wrote 075_استاد عبدالزهرا.book.md (3,458 chars)
[15:53:32] Done with 13 item(s) unfinished. Rerun to resume from the cache.
=== book pass 11-75 Fri Aug 28 15:57:10 PDT 2026 ===
[15:57:10] Opening 1 tab(s) for 13 item(s).
[15:57:11] [tab1] 025: 14,639 chars in 3 chunk(s); 0 cached, sending 3.
[15:57:13] [tab1] Could not read the model label; check the window if the mode matters.
[15:57:13] [tab1]   chunk 1/3 → sending 5,639 chars
[15:58:10] [tab1]   chunk 1/3 ← got 5,497 chars
[15:58:18] [tab1]   chunk 2/3 → sending 5,649 chars
[15:59:11] [tab1]   chunk 2/3 ← got 7,621 chars
[15:59:19] [tab1]   chunk 3/3 → sending 3,354 chars
[16:00:10] [tab1]   chunk 3/3 ← got 5,549 chars
[16:00:10] [tab1]   wrote 025_حجت_الاسلام_بیات_شرح_کتاب_دروس_معرفت_نفس_علامه_حسن_زاده_آملی_7خرداد1404.book.md (18,671 chars)
[16:00:10] [tab1] 026: 35,976 chars in 8 chunk(s); 3 cached, sending 5.
[16:00:11] [tab1] Could not read the model label; check the window if the mode matters.
[16:00:11] [tab1]   chunk 4/8 → sending 5,061 chars
[16:00:41] [tab1] Could not fill the message box (TimeoutError); retrying.
[16:00:50] [tab1] Rate limited; waiting 20s (used 0s of 1800s).
[16:01:12] [tab1] Rate limit cleared after 22s.
[16:01:33] [tab1]   chunk 4/8 ← got 5,201 chars
[16:01:41] [tab1]   chunk 5/8 → sending 5,234 chars
[16:02:37] [tab1]   chunk 5/8 ← got 6,528 chars
[16:02:45] [tab1]   chunk 6/8 → sending 4,698 chars
[16:03:28] [tab1]   chunk 6/8 ← got 5,230 chars
[16:03:36] [tab1]   chunk 7/8 → sending 5,740 chars
[16:04:18] [tab1]   chunk 7/8 ← got 6,478 chars
[16:04:26] [tab1]   chunk 8/8 → sending 673 chars
[16:04:41] [tab1]   chunk 8/8 ← got 1,362 chars
[16:04:41] [tab1]   wrote 026_شیخ_عبدالزهراء_شرح_کتاب_دورس_معرفت_نفس_علامه_حسن_زاده_آملی_19خردا.book.md (47,716 chars)
[16:04:41] [tab1] 027: 21,451 chars in 4 chunk(s); 1 cached, sending 3.
[16:04:42] [tab1] Could not read the model label; check the window if the mode matters.
[16:04:42] [tab1]   chunk 2/4 → sending 4,127 chars
[16:05:23] [tab1]   chunk 2/4 ← got 4,002 chars
[16:05:31] [tab1]   chunk 3/4 → sending 5,905 chars
[16:06:24] [tab1]   chunk 3/4 ← got 7,467 chars
[16:06:32] [tab1]   chunk 4/4 → sending 5,915 chars
[16:07:26] [tab1]   chunk 4/4 ← got 7,085 chars
[16:07:26] [tab1]   wrote 027__شیخ_عبدالزهراء_شرح_کتاب_دورس_معرفت_نفس_علامه_حسن_زاده_آملی_19خرداد.book.md (24,296 chars)
[16:07:26] [tab1] 049: 48,236 chars in 9 chunk(s); 2 cached, sending 7.
[16:07:27] [tab1] Could not read the model label; check the window if the mode matters.
[16:07:27] [tab1]   chunk 3/9 → sending 5,640 chars
[16:07:33] [tab1] Rate limited; waiting 20s (used 0s of 1800s).
[16:07:55] [tab1] Rate limit cleared after 22s.
[16:08:24] [tab1]   chunk 3/9 ← got 5,854 chars
[16:08:32] [tab1]   chunk 4/9 → sending 5,653 chars
[16:09:16] [tab1]   chunk 4/9 ← got 5,405 chars
[16:09:24] [tab1]   chunk 5/9 → sending 5,588 chars
[16:09:59] [tab1]   chunk 5/9 ← got 5,988 chars
[16:10:07] [tab1]   chunk 6/9 → sending 5,544 chars
[16:10:41] [tab1]   chunk 6/9 ← got 5,363 chars
[16:10:49] [tab1]   chunk 7/9 → sending 5,706 chars
[16:11:38] [tab1]   chunk 7/9 ← got 6,639 chars
[16:11:46] [tab1]   chunk 8/9 → sending 5,562 chars
[16:12:30] [tab1]   chunk 8/9 ← got 5,442 chars
[16:12:38] [tab1]   chunk 9/9 → sending 4,742 chars
[16:13:26] [tab1]   chunk 9/9 ← got 5,999 chars
[16:13:26] [tab1]   wrote 049_شیخ_عبدالزهراء_شرح_کتاب_معرفت_نفس_علامه_حسن_زاده_آملی_16مهر1404.book.md (53,848 chars)
[16:13:26] [tab1] 050: 11,515 chars in 2 chunk(s); 0 cached, sending 2.
[16:13:27] [tab1] Could not read the model label; check the window if the mode matters.
[16:13:27] [tab1]   chunk 1/2 → sending 5,716 chars
[16:14:23] [tab1]   chunk 1/2 ← got 5,478 chars
[16:14:31] [tab1]   chunk 2/2 → sending 5,803 chars
[16:15:19] [tab1]   chunk 2/2 ← got 7,059 chars
[16:15:19] [tab1]   wrote 050_شیخ_عبدالزهراء_شرح_کتاب_معرفت_نفس_علامه_حسن_زاده_آملی_16مهر1404 (1).book.md (12,539 chars)
[16:15:19] [tab1] 051: 43,648 chars in 9 chunk(s); 0 cached, sending 9.
[16:15:20] [tab1] Could not read the model label; check the window if the mode matters.
[16:15:20] [tab1]   chunk 1/9 → sending 5,679 chars
[16:15:28] [tab1] Rate limited; waiting 20s (used 0s of 1800s).
[16:15:50] [tab1] Rate limit cleared after 22s.
[16:16:48] [tab1]   chunk 1/9 ← got 8,203 chars
[16:16:56] [tab1]   chunk 2/9 → sending 4,978 chars
[16:17:43] [tab1]   chunk 2/9 ← got 6,473 chars
[16:17:51] [tab1]   chunk 3/9 → sending 5,116 chars
[16:18:53] [tab1]   chunk 3/9 ← got 7,531 chars
[16:19:01] [tab1]   chunk 4/9 → sending 4,982 chars
[16:20:06] [tab1]   chunk 4/9 ← got 7,062 chars
[16:20:14] [tab1]   chunk 5/9 → sending 4,896 chars
[16:21:00] [tab1]   chunk 5/9 ← got 5,995 chars
[16:21:08] [tab1]   chunk 6/9 → sending 5,047 chars
[16:22:01] [tab1]   chunk 6/9 ← got 6,684 chars
[16:22:09] [tab1]   chunk 7/9 → sending 4,765 chars
[16:22:50] [tab1]   chunk 7/9 ← got 5,682 chars
[16:22:58] [tab1]   chunk 8/9 → sending 4,822 chars
[16:23:56] [tab1]   chunk 8/9 ← got 6,761 chars
[16:24:04] [tab1]   chunk 9/9 → sending 3,374 chars
[16:24:45] [tab1]   chunk 9/9 ← got 4,594 chars
[16:24:45] [tab1]   wrote 051_شرح_دروس_معرفت_نفس_علامه_حسن_زاده_آملی_23مهر1404_1_1_2_1_1_1_1.book.md (59,001 chars)
[16:24:45] [tab1] 052: 11,932 chars in 3 chunk(s); 0 cached, sending 3.
[16:24:47] [tab1] Could not read the model label; check the window if the mode matters.
[16:24:47] [tab1]   chunk 1/3 → sending 5,196 chars
[16:25:44] [tab1]   chunk 1/3 ← got 5,141 chars
[16:25:52] [tab1]   chunk 2/3 → sending 5,522 chars
[16:26:55] [tab1]   chunk 2/3 ← got 7,611 chars
[16:27:03] [tab1]   chunk 3/3 → sending 1,216 chars
[16:27:41] [tab1]   chunk 3/3 ← got 2,778 chars
[16:27:41] [tab1]   wrote 052_شرح_دروس_معرفت_نفس_علامه_حسن_زاده_آملی_23مهر1404_2.book.md (15,534 chars)
[16:27:41] [tab1] 053: 47,368 chars in 10 chunk(s); 0 cached, sending 10.
[16:27:42] [tab1] Could not read the model label; check the window if the mode matters.
[16:27:42] [tab1]   chunk 1/10 → sending 5,671 chars
[16:29:21] [tab1]   chunk 1/10 ← got 7,811 chars
[16:29:29] [tab1]   chunk 2/10 → sending 5,002 chars
[16:30:11] [tab1]   chunk 2/10 ← got 5,417 chars
[16:30:19] [tab1]   chunk 3/10 → sending 5,337 chars
[16:31:19] [tab1]   chunk 3/10 ← got 5,914 chars
[16:31:27] [tab1]   chunk 4/10 → sending 4,867 chars
[16:32:14] [tab1]   chunk 4/10 ← got 4,385 chars
[16:32:22] [tab1]   chunk 5/10 → sending 4,738 chars
[16:33:12] [tab1]   chunk 5/10 ← got 5,753 chars
[16:33:20] [tab1]   chunk 6/10 → sending 5,127 chars
[16:34:26] [tab1]   chunk 6/10 ← got 7,161 chars
[16:34:34] [tab1]   chunk 7/10 → sending 4,888 chars
[16:35:08] [tab1]   chunk 7/10 ← got 4,797 chars
[16:35:16] [tab1]   chunk 8/10 → sending 4,274 chars
[16:36:19] [tab1]   chunk 8/10 ← got 6,178 chars
[16:36:27] [tab1]   chunk 9/10 → sending 5,280 chars
[16:37:14] [tab1]   chunk 9/10 ← got 6,551 chars
[16:37:22] [tab1]   chunk 10/10 → sending 2,195 chars
[16:37:46] [tab1]   chunk 10/10 ← got 2,874 chars
[16:37:46] [tab1]   wrote 053_دروس معرفت نفس_30مهر1404_5_1.book.md (56,859 chars)
[16:37:46] [tab1] 054: 18,910 chars in 4 chunk(s); 0 cached, sending 4.
[16:37:47] [tab1] Could not read the model label; check the window if the mode matters.
[16:37:47] [tab1]   chunk 1/4 → sending 5,079 chars
[16:38:33] [tab1]   chunk 1/4 ← got 4,780 chars
[16:38:41] [tab1]   chunk 2/4 → sending 4,954 chars
[16:39:22] [tab1]   chunk 2/4 ← got 6,160 chars
[16:39:30] [tab1]   chunk 3/4 → sending 4,740 chars
[16:40:12] [tab1]   chunk 3/4 ← got 5,400 chars
[16:40:20] [tab1]   chunk 4/4 → sending 4,142 chars
[16:41:02] [tab1]   chunk 4/4 ← got 5,342 chars
[16:41:02] [tab1]   wrote 054_حجت الاسلام بیات_30مهر1404.book.md (21,688 chars)
[16:41:02] [tab1] 055: 45,886 chars in 9 chunk(s); 0 cached, sending 9.
[16:41:03] [tab1] Could not read the model label; check the window if the mode matters.
[16:41:03] [tab1]   chunk 1/9 → sending 4,698 chars
[16:41:54] [tab1]   chunk 1/9 ← got 6,371 chars
[16:42:02] [tab1]   chunk 2/9 → sending 4,968 chars
[16:42:43] [tab1]   chunk 2/9 ← got 5,625 chars
[16:42:51] [tab1]   chunk 3/9 → sending 5,018 chars
[16:43:32] [tab1]   chunk 3/9 ← got 5,531 chars
[16:43:40] [tab1]   chunk 4/9 → sending 5,248 chars
[16:44:42] [tab1]   chunk 4/9 ← got 7,530 chars
[16:44:50] [tab1]   chunk 5/9 → sending 4,533 chars
[16:45:17] [tab1]   chunk 5/9 ← got 4,638 chars
[16:45:25] [tab1]   chunk 6/9 → sending 5,074 chars
[16:46:06] [tab1]   chunk 6/9 ← got 5,765 chars
[16:46:14] [tab1]   chunk 7/9 → sending 4,402 chars
[16:46:47] [tab1]   chunk 7/9 ← got 4,605 chars
[16:46:55] [tab1]   chunk 8/9 → sending 5,966 chars
[16:47:30] [tab1]   chunk 8/9 ← got 5,899 chars
[16:47:38] [tab1]   chunk 9/9 → sending 5,991 chars
[16:48:21] [tab1]   chunk 9/9 ← got 8,074 chars
[16:48:21] [tab1]   wrote 055_کلاس_معرفت_نفس_علامه_حسن_زاده_آملی_شیخ_عبدالزهرا_7آبان1404_1_1.book.md (54,054 chars)
[16:48:21] [tab1] 056: 18,662 chars in 4 chunk(s); 0 cached, sending 4.
[16:48:22] [tab1] Could not read the model label; check the window if the mode matters.
[16:48:22] [tab1]   chunk 1/4 → sending 5,534 chars
[16:49:11] [tab1]   chunk 1/4 ← got 5,450 chars
[16:49:19] [tab1]   chunk 2/4 → sending 5,283 chars
[16:49:52] [tab1]   chunk 2/4 ← got 4,710 chars
[16:50:00] [tab1]   chunk 3/4 → sending 4,833 chars
[16:50:48] [tab1]   chunk 3/4 ← got 6,185 chars
[16:50:56] [tab1]   chunk 4/4 → sending 3,016 chars
[16:51:36] [tab1]   chunk 4/4 ← got 4,350 chars
[16:51:36] [tab1]   wrote 056_کلاس_معرفت_نفس_علامه_حسن_زاده_آملی_شیخ_عبدالزهرا_7آبان1404_2.book.md (20,701 chars)
[16:51:36] [tab1] 057: 45,478 chars in 9 chunk(s); 0 cached, sending 9.
[16:51:37] [tab1] Could not read the model label; check the window if the mode matters.
[16:51:37] [tab1]   chunk 1/9 → sending 5,058 chars
[16:53:00] [tab1]   chunk 1/9 ← got 5,983 chars
[16:53:08] [tab1]   chunk 2/9 → sending 4,958 chars
[16:54:10] [tab1]   chunk 2/9 ← got 4,945 chars
[16:54:18] [tab1]   chunk 3/9 → sending 5,264 chars
[16:54:58] [tab1]   chunk 3/9 ← got 4,841 chars
[16:55:06] [tab1]   chunk 4/9 → sending 5,450 chars
[16:55:56] [tab1]   chunk 4/9 ← got 6,293 chars
[16:56:04] [tab1]   chunk 5/9 → sending 5,584 chars
[16:57:04] [tab1]   chunk 5/9 ← got 6,009 chars
[16:57:12] [tab1]   chunk 6/9 → sending 4,551 chars
[16:57:52] [tab1]   chunk 6/9 ← got 4,936 chars
[16:58:00] [tab1]   chunk 7/9 → sending 5,112 chars
[16:58:44] [tab1]   chunk 7/9 ← got 5,337 chars
[16:58:52] [tab1]   chunk 8/9 → sending 4,659 chars
[16:59:56] [tab1]   chunk 8/9 ← got 6,343 chars
[17:00:04] [tab1]   chunk 9/9 → sending 4,852 chars
[17:01:07] [tab1]   chunk 9/9 ← got 7,024 chars
[17:01:07] [tab1]   wrote 057_حجت_الاسلام_عبدالزهرا_دروس_معرفت_نفس_علامه_حسن_زاده_آملی_14آبان1404.book.md (51,727 chars)
[17:01:07] [tab1] 058: 24,265 chars in 5 chunk(s); 1 cached, sending 4.
[17:01:08] [tab1] Could not read the model label; check the window if the mode matters.
[17:01:08] [tab1]   chunk 2/5 → sending 5,477 chars
[17:01:53] [tab1]   chunk 2/5 ← got 6,158 chars
[17:02:01] [tab1]   chunk 3/5 → sending 5,413 chars
[17:02:52] [tab1]   chunk 3/5 ← got 7,125 chars
[17:03:00] [tab1]   chunk 4/5 → sending 5,564 chars
[17:03:54] [tab1]   chunk 4/5 ← got 7,791 chars
[17:04:02] [tab1]   chunk 5/5 → sending 2,275 chars
[17:04:35] [tab1]   chunk 5/5 ← got 3,062 chars
[17:04:35] [tab1]   wrote 058_حجت_الاسلام_عبدالزهرا_دروس_معرفت_نفس_علامه_حسن_زاده_آملی_14آبان1404 (1).book.md (27,813 chars)
[17:04:35] Done.
=== summarize pass 11-75 Fri Aug 28 17:04:35 PDT 2026 ===
[17:04:35] Opening 1 tab(s) for 65 item(s).
[17:04:35] [tab1] 011: summarize 37,396 chars, 4 chunk(s), sending 4.
[17:04:38] [tab1] Could not read the model label; check the window if the mode matters.
[17:04:48] [tab1] Rate limited; waiting 20s (used 0s of 1800s).
[17:05:10] [tab1] Rate limit cleared after 22s.
[17:07:04] [tab1] Could not read the model label; check the window if the mode matters.
[17:07:16] [tab1] Rate limited; waiting 20s (used 0s of 1800s).
[17:07:38] [tab1] Rate limit cleared after 22s.
[17:07:42] [tab1]   wrote 011_حجت_الاسلام_بیات_معرفت_نفس_1اسفند1403_1.summary.md (4,326 chars)
[17:07:42] [tab1] 012: summarize 14,373 chars, 2 chunk(s), sending 2.
[17:07:46] [tab1] Rate limited; waiting 20s (used 0s of 1800s).
[17:08:08] [tab1] Rate limit cleared after 22s.
[17:08:08] [tab1] Could not read the model label; check the window if the mode matters.
[17:09:10] [tab1] Could not read the model label; check the window if the mode matters.
[17:09:38] [tab1]   wrote 012__شیخ_عبدالزهراء_معرفت_نفس_1اسفند_۴۰۴.summary.md (3,914 chars)
[17:09:38] [tab1] 013: summarize 32,214 chars, 3 chunk(s), sending 3.
[17:09:41] [tab1] Rate limited; waiting 20s (used 0s of 1800s).
[17:10:03] [tab1] Rate limit cleared after 22s.
[17:10:03] [tab1] Could not read the model label; check the window if the mode matters.
[17:10:40] [tab1] Rate limited; waiting 20s (used 0s of 1800s).
[17:11:02] [tab1] Rate limit cleared after 22s.
[17:12:36] [tab1] Could not read the model label; check the window if the mode matters.
[17:12:49] [tab1] Rate limited; waiting 20s (used 0s of 1800s).
[17:13:12] [tab1] Rate limit cleared after 22s.
[17:13:20] [tab1]   wrote 013__شیخ_عبدالزهراء_شرح_کتب_علامه_حسن_زاده_آملی_8اسفند14031.summary.md (5,678 chars)
[17:13:20] [tab1] 014: summarize 37,634 chars, 4 chunk(s), sending 4.
[17:13:23] [tab1] Rate limited; waiting 20s (used 0s of 1800s).
[17:13:45] [tab1] Rate limit cleared after 22s.
[17:13:45] [tab1] Could not read the model label; check the window if the mode matters.
[17:15:51] [tab1] Could not read the model label; check the window if the mode matters.
[17:16:21] [tab1] Could not fill the message box (TimeoutError); retrying.
[17:16:56] [tab1]   wrote 014_شیخ_عبدالزهراء_شرح_کتب_علامه_حسن_زاده_آملی_15اسفند1403_1.summary.md (3,906 chars)
[17:16:56] [tab1] 015: summarize 16,460 chars, 2 chunk(s), sending 2.
[17:16:59] [tab1] Could not read the model label; check the window if the mode matters.
[17:17:08] [tab1] Rate limited; waiting 20s (used 0s of 1800s).
[17:17:30] [tab1] Rate limit cleared after 22s.
[17:18:06] [tab1] Could not read the model label; check the window if the mode matters.
[17:18:13] [tab1] Rate limited; waiting 20s (used 0s of 1800s).
[17:18:35] [tab1] Rate limit cleared after 22s.
[17:18:39] [tab1]   wrote 015_حجت_الاسلام_بیات_شرح_کتب_علامه_حسن_زاده_آملی_15اسفند1403_2.summary.md (3,792 chars)
[17:18:39] [tab1] 016: summarize 52,295 chars, 5 chunk(s), sending 5.
[17:18:42] [tab1] Rate limited; waiting 20s (used 0s of 1800s).
[17:19:04] [tab1] Rate limit cleared after 22s.
[17:19:04] [tab1] Could not read the model label; check the window if the mode matters.
[17:22:03] [tab1] Could not read the model label; check the window if the mode matters.
[17:22:37] [tab1] 016: unexpected error: Locator.click: Timeout 30000ms exceeded.
Call log:
  - waiting for locator("button[data-testid='send-button']").first
    - locator resolved to <button aria-disabled="true" aria-label="Send prompt" data-testid="send-button" data-visually-disabled="" id="composer-submit-button" interestfor="_R_5ailn79rl9abarba6rmkmkqae5l55_" aria-describedby="_R_5ailn79rl9abarba6rmkmkqae5l55_" class="composer-submit-btn composer-submit-button-color h-9 can-hover:relative can-hover:after:absolute can-hover:after:-inset-x-1 can-hover:after:inset-y-0 can-hover:after:content-[''] w-9">…</button>
  - attempting click action
    2 × waiting for element to be visible, enabled and stable
      - element is not enabled
    - retrying click action
    - waiting 20ms
    2 × waiting for element to be visible, enabled and stable
      - element is not enabled
    - retrying click action
      - waiting 100ms
    5 × waiting for element to be visible, enabled and stable
      - element is not enabled
    - retrying click action
      - waiting 500ms
    51 × waiting for element to be visible, enabled and stable
       - element is visible, enabled and stable
       - scrolling into view if needed
       - done scrolling
       - <div data-state="open" class="fixed inset-0 z-50 before:starting:backdrop-blur-0 before:absolute before:inset-0 before:bg-gray-200/50 before:backdrop-blur-[1px] not-motion-reduce:before:transition not-motion-reduce:before:duration-250 dark:before:bg-black/50 before:starting:opacity-0">…</div> from <div class="absolute inset-0" data-ignore-for-page-load="true" id="modal-conversation-history-rate-limit" data-testid="modal-conversation-history-rate-limit">…</div> subtree intercepts pointer events
     - retrying click action
       - waiting 500ms

[17:22:37] [tab1] 017: summarize 11,139 chars, 1 chunk(s), sending 1.
[17:22:40] [tab1] Could not read the model label; check the window if the mode matters.
[17:23:09] [tab1] Rate limited; waiting 20s (used 0s of 1800s).
[17:23:32] [tab1] Rate limit cleared after 22s.
[17:23:35] [tab1]   wrote 017_حجت_الاسلام_بیات_شرح_کتب_علامه_حسن_زاده_آملی_22اسفند1403_2.summary.md (4,236 chars)
[17:23:35] [tab1] 018: summarize 37,086 chars, 4 chunk(s), sending 4.
[17:23:38] [tab1] Rate limited; waiting 20s (used 0s of 1800s).
[17:24:01] [tab1] Rate limit cleared after 22s.
[17:24:01] [tab1] Could not read the model label; check the window if the mode matters.
[17:24:12] [tab1] Rate limited; waiting 20s (used 0s of 1800s).
[17:24:34] [tab1] Rate limit cleared after 22s.
[17:34:24] [tab1] Could not fill the message box (TimeoutError); retrying.
[17:34:42] [tab1] Could not read the model label; check the window if the mode matters.
[17:35:19] [tab1]   wrote 018_حجت_السلام_بیات_شرح_کتاب_دروس_معرفت_نفس_علامه_حسن_زاده_آملی_27فروردین1404.summary.md (4,567 chars)
[17:35:19] [tab1] 019: summarize 19,160 chars, 2 chunk(s), sending 2.
[17:35:22] [tab1] Rate limited; waiting 20s (used 0s of 1800s).
[17:35:44] [tab1] Rate limit cleared after 22s.
[17:35:44] [tab1] Could not read the model label; check the window if the mode matters.
[17:36:53] [tab1] Could not read the model label; check the window if the mode matters.
[17:37:24] [tab1] 019: unexpected error: Locator.click: Timeout 30000ms exceeded.
Call log:
  - waiting for locator("button[data-testid='send-button']").first
    - locator resolved to <button aria-disabled="false" aria-label="Send prompt" data-testid="send-button" id="composer-submit-button" interestfor="_R_5ailn79rl9abarba6rmkmkqae5l55_" aria-describedby="_R_5ailn79rl9abarba6rmkmkqae5l55_" class="composer-submit-btn composer-submit-button-color h-9 can-hover:relative can-hover:after:absolute can-hover:after:-inset-x-1 can-hover:after:inset-y-0 can-hover:after:content-[''] w-9">…</button>
  - attempting click action
    2 × waiting for element to be visible, enabled and stable
      - element is visible, enabled and stable
      - scrolling into view if needed
      - done scrolling
      - <div data-state="open" class="fixed inset-0 z-50 before:starting:backdrop-blur-0 before:absolute before:inset-0 before:bg-gray-200/50 before:backdrop-blur-[1px] not-motion-reduce:before:transition not-motion-reduce:before:duration-250 dark:before:bg-black/50 before:starting:opacity-0">…</div> from <div class="absolute inset-0" data-ignore-for-page-load="true" id="modal-conversation-history-rate-limit" data-testid="modal-conversation-history-rate-limit">…</div> subtree intercepts pointer events
    - retrying click action
    - waiting 20ms
    2 × waiting for element to be visible, enabled and stable
      - element is visible, enabled and stable
      - scrolling into view if needed
      - done scrolling
      - <div data-state="open" class="fixed inset-0 z-50 before:starting:backdrop-blur-0 before:absolute before:inset-0 before:bg-gray-200/50 before:backdrop-blur-[1px] not-motion-reduce:before:transition not-motion-reduce:before:duration-250 dark:before:bg-black/50 before:starting:opacity-0">…</div> from <div class="absolute inset-0" data-ignore-for-page-load="true" id="modal-conversation-history-rate-limit" data-testid="modal-conversation-history-rate-limit">…</div> subtree intercepts pointer events
    - retrying click action
      - waiting 100ms
    56 × waiting for element to be visible, enabled and stable
       - element is visible, enabled and stable
       - scrolling into view if needed
       - done scrolling
       - <div data-state="open" class="fixed inset-0 z-50 before:starting:backdrop-blur-0 before:absolute before:inset-0 before:bg-gray-200/50 before:backdrop-blur-[1px] not-motion-reduce:before:transition not-motion-reduce:before:duration-250 dark:before:bg-black/50 before:starting:opacity-0">…</div> from <div class="absolute inset-0" data-ignore-for-page-load="true" id="modal-conversation-history-rate-limit" data-testid="modal-conversation-history-rate-limit">…</div> subtree intercepts pointer events
     - retrying click action
       - waiting 500ms

[17:37:24] [tab1] 020: summarize 35,250 chars, 3 chunk(s), sending 3.
[17:37:27] [tab1] Could not read the model label; check the window if the mode matters.
[17:37:39] [tab1] Rate limited; waiting 20s (used 0s of 1800s).
[17:38:01] [tab1] Rate limit cleared after 22s.
[17:39:36] [tab1] Could not read the model label; check the window if the mode matters.
[17:40:06] [tab1] Could not fill the message box (TimeoutError); retrying.
[17:40:46] [tab1]   wrote 020_معرفت نفس_درس_11..summary.md (4,444 chars)
[17:40:46] [tab1] 021: summarize 13,499 chars, 2 chunk(s), sending 2.
[17:40:49] [tab1] Rate limited; waiting 20s (used 0s of 1800s).
[17:41:11] [tab1] Rate limit cleared after 22s.
[17:41:11] [tab1] Could not read the model label; check the window if the mode matters.
[17:41:21] [tab1] Rate limited; waiting 20s (used 0s of 1800s).
[17:41:43] [tab1] Rate limit cleared after 22s.
[17:42:12] [tab1] Could not read the model label; check the window if the mode matters.
[17:42:44] [tab1]   wrote 021_حجت_الاسلام_بیات_شرح_دورس_معرفت_نفس_علامه_حسن_زاده_آملی_3اردیبهشت1404 (1).summary.md (4,144 chars)
[17:42:44] [tab1] 022: summarize 32,405 chars, 3 chunk(s), sending 3.
[17:42:47] [tab1] Rate limited; waiting 20s (used 0s of 1800s).
[17:43:09] [tab1] Rate limit cleared after 22s.
[17:43:09] [tab1] Could not read the model label; check the window if the mode matters.
[17:43:20] [tab1] Rate limited; waiting 20s (used 0s of 1800s).
[17:43:42] [tab1] Rate limit cleared after 22s.
[17:45:23] [tab1] Could not read the model label; check the window if the mode matters.
[17:45:37] [tab1] Rate limited; waiting 20s (used 0s of 1800s).
[17:45:59] [tab1] Rate limit cleared after 22s.
[17:46:09] [tab1]   wrote 022_معرفت نفس_درس_12..summary.md (5,352 chars)
[17:46:09] [tab1] 023: summarize 14,437 chars, 2 chunk(s), sending 2.
[17:46:12] [tab1] Rate limited; waiting 20s (used 0s of 1800s).
[17:46:34] [tab1] Rate limit cleared after 22s.
[17:46:34] [tab1] Could not read the model label; check the window if the mode matters.
[17:46:45] [tab1] Rate limited; waiting 20s (used 0s of 1800s).
[17:47:07] [tab1] Rate limit cleared after 22s.
[17:47:40] [tab1] Rate limited; waiting 20s (used 0s of 1800s).
[17:48:02] [tab1] Rate limit cleared after 22s.
[17:48:02] [tab1] Could not read the model label; check the window if the mode matters.
[17:48:27] [tab1]   wrote 023_حجت_الاسلام_بیات_شرح_دروس_معرفت_نفس_24_اردیبهشت_1404_22.summary.md (3,536 chars)
[17:48:27] [tab1] 024: summarize 44,821 chars, 4 chunk(s), sending 4.
[17:48:30] [tab1] Rate limited; waiting 20s (used 0s of 1800s).
[17:48:52] [tab1] Rate limit cleared after 22s.
[17:48:53] [tab1] Could not read the model label; check the window if the mode matters.
[17:51:18] [tab1] Could not read the model label; check the window if the mode matters.
[17:51:27] [tab1] Rate limited; waiting 20s (used 0s of 1800s).
[17:51:50] [tab1] Rate limited; waiting 30s (used 22s of 1800s).
[17:52:22] [tab1] Rate limit cleared after 54s.
[17:52:26] [tab1]   wrote 024_معرفت نفس_درس_13..summary.md (4,622 chars)
[17:52:26] [tab1] 025: summarize 18,671 chars, 2 chunk(s), sending 2.
[17:52:27] [tab1] Could not read the model label; check the window if the mode matters.
[17:53:00] [tab1] 025: unexpected error: Locator.click: Timeout 30000ms exceeded.
Call log:
  - waiting for locator("button[data-testid='send-button']").first
    - locator resolved to <button aria-disabled="true" aria-label="Send prompt" data-visually-disabled="" data-testid="send-button" id="composer-submit-button" interestfor="_R_5ailn79rl9abarba6rmkmkqae5l55_" aria-describedby="_R_5ailn79rl9abarba6rmkmkqae5l55_" class="composer-submit-btn composer-submit-button-color h-9 can-hover:relative can-hover:after:absolute can-hover:after:-inset-x-1 can-hover:after:inset-y-0 can-hover:after:content-[''] w-9">…</button>
  - attempting click action
    2 × waiting for element to be visible, enabled and stable
      - element is not enabled
    - retrying click action
    - waiting 20ms
    2 × waiting for element to be visible, enabled and stable
      - element is not enabled
    - retrying click action
      - waiting 100ms
    3 × waiting for element to be visible, enabled and stable
      - element is not enabled
    - retrying click action
      - waiting 500ms
    53 × waiting for element to be visible, enabled and stable
       - element is visible, enabled and stable
       - scrolling into view if needed
       - done scrolling
       - <div data-state="open" class="fixed inset-0 z-50 before:starting:backdrop-blur-0 before:absolute before:inset-0 before:bg-gray-200/50 before:backdrop-blur-[1px] not-motion-reduce:before:transition not-motion-reduce:before:duration-250 dark:before:bg-black/50 before:starting:opacity-0">…</div> from <div class="absolute inset-0" data-ignore-for-page-load="true" id="modal-conversation-history-rate-limit" data-testid="modal-conversation-history-rate-limit">…</div> subtree intercepts pointer events
     - retrying click action
       - waiting 500ms

[17:53:00] [tab1] 026: summarize 47,716 chars, 4 chunk(s), sending 4.
[17:53:02] [tab1] Could not read the model label; check the window if the mode matters.
[17:56:13] [tab1] Could not read the model label; check the window if the mode matters.
[17:57:03] [tab1]   wrote 026_شیخ_عبدالزهراء_شرح_کتاب_دورس_معرفت_نفس_علامه_حسن_زاده_آملی_19خردا.summary.md (4,853 chars)
[17:57:03] [tab1] 027: summarize 24,296 chars, 3 chunk(s), sending 3.
[17:57:06] [tab1] Rate limited; waiting 20s (used 0s of 1800s).
[17:57:28] [tab1] Rate limit cleared after 22s.
[17:57:28] [tab1] Could not read the model label; check the window if the mode matters.
[17:58:59] [tab1] Could not read the model label; check the window if the mode matters.
[17:59:30] [tab1] 027: unexpected error: Locator.click: Timeout 30000ms exceeded.
Call log:
  - waiting for locator("button[data-testid='send-button']").first
    - locator resolved to <button interestfor="_r_6d_" aria-disabled="false" aria-label="Send prompt" data-testid="send-button" aria-describedby="_r_6d_" id="composer-submit-button" class="composer-submit-btn composer-submit-button-color h-9 can-hover:relative can-hover:after:absolute can-hover:after:-inset-x-1 can-hover:after:inset-y-0 can-hover:after:content-[''] w-9">…</button>
  - attempting click action
    2 × waiting for element to be visible, enabled and stable
      - element is visible, enabled and stable
      - scrolling into view if needed
      - done scrolling
      - <div data-state="open" class="fixed inset-0 z-50 before:starting:backdrop-blur-0 before:absolute before:inset-0 before:bg-gray-200/50 before:backdrop-blur-[1px] not-motion-reduce:before:transition not-motion-reduce:before:duration-250 dark:before:bg-black/50 before:starting:opacity-0">…</div> from <div class="absolute inset-0" data-ignore-for-page-load="true" id="modal-conversation-history-rate-limit" data-testid="modal-conversation-history-rate-limit">…</div> subtree intercepts pointer events
    - retrying click action
    - waiting 20ms
    2 × waiting for element to be visible, enabled and stable
      - element is visible, enabled and stable
      - scrolling into view if needed
      - done scrolling
      - <div data-state="open" class="fixed inset-0 z-50 before:starting:backdrop-blur-0 before:absolute before:inset-0 before:bg-gray-200/50 before:backdrop-blur-[1px] not-motion-reduce:before:transition not-motion-reduce:before:duration-250 dark:before:bg-black/50 before:starting:opacity-0">…</div> from <div class="absolute inset-0" data-ignore-for-page-load="true" id="modal-conversation-history-rate-limit" data-testid="modal-conversation-history-rate-limit">…</div> subtree intercepts pointer events
    - retrying click action
      - waiting 100ms
    56 × waiting for element to be visible, enabled and stable
       - element is visible, enabled and stable
       - scrolling into view if needed
       - done scrolling
       - <div data-state="open" class="fixed inset-0 z-50 before:starting:backdrop-blur-0 before:absolute before:inset-0 before:bg-gray-200/50 before:backdrop-blur-[1px] not-motion-reduce:before:transition not-motion-reduce:before:duration-250 dark:before:bg-black/50 before:starting:opacity-0">…</div> from <div class="absolute inset-0" data-ignore-for-page-load="true" id="modal-conversation-history-rate-limit" data-testid="modal-conversation-history-rate-limit">…</div> subtree intercepts pointer events
     - retrying click action
       - waiting 500ms

[17:59:30] [tab1] 028: summarize 20,661 chars, 2 chunk(s), sending 2.
[17:59:33] [tab1] Could not read the model label; check the window if the mode matters.
[18:00:41] [tab1] Rate limited; waiting 20s (used 0s of 1800s).
[18:01:03] [tab1] Rate limit cleared after 22s.
[18:01:03] [tab1] Could not read the model label; check the window if the mode matters.
[18:01:08] [tab1] Rate limited; waiting 20s (used 0s of 1800s).
[18:01:30] [tab1] Rate limit cleared after 22s.
[18:01:35] [tab1]   wrote 028_#اهمیت_جهل_شناسی ۱۸-۴-۴۰۴_1.summary.md (3,801 chars)
[18:01:35] [tab1] 029: summarize 48,026 chars, 5 chunk(s), sending 5.
[18:01:39] [tab1] Rate limited; waiting 20s (used 0s of 1800s).
[18:02:01] [tab1] Rate limit cleared after 22s.
[18:02:01] [tab1] Could not read the model label; check the window if the mode matters.
[18:04:39] [tab1] Could not read the model label; check the window if the mode matters.
[18:05:21] [tab1]   wrote 029_حجت الاسلام بیات_25تیر1404_توسل_1_1_1 (1).summary.md (5,061 chars)
[18:05:21] [tab1] 030: summarize 21,355 chars, 2 chunk(s), sending 2.
[18:05:27] [tab1] Could not read the model label; check the window if the mode matters.
[18:06:42] [tab1] Rate limited; waiting 20s (used 0s of 1800s).
[18:07:04] [tab1] Rate limit cleared after 22s.
[18:07:04] [tab1] Could not read the model label; check the window if the mode matters.
[18:07:13] [tab1] Rate limited; waiting 20s (used 0s of 1800s).
[18:07:36] [tab1] Rate limit cleared after 22s.
[18:07:40] [tab1]   wrote 030_حجت الاسلام بیات_25تیر1404_2 (1).summary.md (4,958 chars)
[18:07:40] [tab1] 031: summarize 52,874 chars, 5 chunk(s), sending 5.
[18:07:41] [tab1] Could not read the model label; check the window if the mode matters.
[18:08:11] [tab1] Could not fill the message box (TimeoutError); retrying.
[18:11:05] [tab1] Could not read the model label; check the window if the mode matters.
[18:11:41] [tab1]   wrote 031__شیخ_عبدالزهراء_شرح_کتاب_دروس_معرفت_نفس_8مرداد14042.summary.md (4,614 chars)
[18:11:41] [tab1] 032: summarize 58,023 chars, 5 chunk(s), sending 5.
[18:11:45] [tab1] Could not read the model label; check the window if the mode matters.
[18:14:50] [tab1] Could not read the model label; check the window if the mode matters.
[18:15:31] [tab1]   wrote 032_شیخ_عبدالزهراء_دروس_معرفت_نفس_14مرداد1404.summary.md (4,836 chars)
[18:15:31] [tab1] 033: summarize 49,579 chars, 5 chunk(s), sending 5.
[18:15:34] [tab1] Rate limited; waiting 20s (used 0s of 1800s).
[18:15:57] [tab1] Rate limit cleared after 22s.
[18:15:57] [tab1] Could not read the model label; check the window if the mode matters.
[18:18:46] [tab1] Could not read the model label; check the window if the mode matters.
[18:19:34] [tab1]   wrote 033_شیخ_عبدالزهراء_شرح_کتب_علامه_حسن_زاده_آملی_دروس_نفس_28مرداد404.summary.md (33 chars)
[18:19:34] [tab1] 034: summarize 13,441 chars, 2 chunk(s), sending 2.
[18:19:37] [tab1] Rate limited; waiting 20s (used 0s of 1800s).
[18:19:59] [tab1] Rate limit cleared after 22s.
[18:19:59] [tab1] Could not read the model label; check the window if the mode matters.
[18:20:08] [tab1] Rate limited; waiting 20s (used 0s of 1800s).
[18:20:30] [tab1] Rate limit cleared after 22s.
[18:21:00] [tab1] Could not read the model label; check the window if the mode matters.
[18:21:09] [tab1] Rate limited; waiting 20s (used 0s of 1800s).
[18:21:31] [tab1] Rate limit cleared after 22s.
[18:21:36] [tab1]   wrote 034_شیخ_عبدالزهراء_شرح_کتب_علامه_حسن_زاده_آملی_دروس_نفس_28مرداد4042.summary.md (4,928 chars)
[18:21:36] [tab1] 035: summarize 56,216 chars, 5 chunk(s), sending 5.
[18:21:39] [tab1] Could not read the model label; check the window if the mode matters.
[18:24:59] [tab1] Could not read the model label; check the window if the mode matters.
[18:25:43] [tab1]   wrote 035_شیخ عبدالزهراء_29مرداد1404.summary.md (4,835 chars)
[18:25:43] [tab1] 036: summarize 43,398 chars, 4 chunk(s), sending 4.
[18:25:46] [tab1] Rate limited; waiting 20s (used 0s of 1800s).
[18:26:08] [tab1] Rate limit cleared after 22s.
[18:26:08] [tab1] Could not read the model label; check the window if the mode matters.
[18:26:33] [tab1] Rate limited; waiting 20s (used 0s of 1800s).
[18:26:55] [tab1] Rate limit cleared after 22s.
[18:28:57] [tab1] Could not read the model label; check the window if the mode matters.
[18:29:47] [tab1]   wrote 036_سخنرانی شب جمعه 06-06-1404(2).summary.md (4,586 chars)
[18:29:47] [tab1] 037: summarize 16,626 chars, 2 chunk(s), sending 2.
[18:29:50] [tab1] Rate limited; waiting 20s (used 0s of 1800s).
[18:30:12] [tab1] Rate limit cleared after 22s.
[18:30:12] [tab1] Could not read the model label; check the window if the mode matters.
[18:30:22] [tab1] Rate limited; waiting 20s (used 0s of 1800s).
[18:30:44] [tab1] Rate limit cleared after 22s.
[18:31:19] [tab1] Could not read the model label; check the window if the mode matters.
[18:31:26] [tab1] Rate limited; waiting 20s (used 0s of 1800s).
[18:31:49] [tab1] Rate limit cleared after 22s.
[18:31:53] [tab1]   wrote 037_پرسش و پاسخ شب جمعه 06-06-1404.summary.md (4,603 chars)
[18:31:53] [tab1] 038: summarize 36,843 chars, 4 chunk(s), sending 4.
[18:31:54] [tab1] Could not read the model label; check the window if the mode matters.
[18:32:04] [tab1] Rate limited; waiting 20s (used 0s of 1800s).
[18:32:26] [tab1] Rate limit cleared after 22s.
[18:34:09] [tab1] Could not read the model label; check the window if the mode matters.
[18:34:20] [tab1] Rate limited; waiting 20s (used 0s of 1800s).
[18:34:42] [tab1] Rate limit cleared after 22s.
[18:34:50] [tab1]   wrote 038_شیخ_عبدالزهراء_شرح_کتاب_دروس_معرفت_نفس_علامه_حسن_زاده_آملی_16شهریور1.summary.md (4,812 chars)
[18:34:50] [tab1] 039: summarize 28,300 chars, 3 chunk(s), sending 3.
[18:34:53] [tab1] Rate limited; waiting 20s (used 0s of 1800s).
[18:35:15] [tab1] Rate limit cleared after 22s.
[18:35:15] [tab1] Could not read the model label; check the window if the mode matters.
[18:37:01] [tab1] Could not read the model label; check the window if the mode matters.
[18:37:24] [tab1] Rate limited; waiting 20s (used 0s of 1800s).
[18:37:47] [tab1] Rate limit cleared after 22s.
[18:37:51] [tab1]   wrote 039__شیخ_عبدالزهراء_شرح_کتاب_دروس_معرفت_نفس_علامه_حسن_زاده_آملی_16شهریور1.summary.md (5,246 chars)
[18:37:51] [tab1] 040: summarize 57,499 chars, 5 chunk(s), sending 5.
[18:37:52] [tab1] Could not read the model label; check the window if the mode matters.
[18:37:53] [tab1] Could not fill the message box (BrowserFlowError); retrying.
[18:38:03] [tab1] Rate limited; waiting 20s (used 0s of 1800s).
[18:38:26] [tab1] Rate limit cleared after 22s.
[18:41:16] [tab1] Could not read the model label; check the window if the mode matters.
[18:42:04] [tab1]   wrote 040_شیخ_عبدالزهراء_شرح_کتاب_دروس_نفس_علامه_حسن_زاده_آملی_17شهریور1404.summary.md (138 chars)
[18:42:04] [tab1] 041: summarize 17,970 chars, 2 chunk(s), sending 2.
[18:42:06] [tab1] Could not read the model label; check the window if the mode matters.
[18:42:38] [tab1] 041: unexpected error: Locator.click: Timeout 30000ms exceeded.
Call log:
  - waiting for locator("button[data-testid='send-button']").first
    - locator resolved to <button aria-disabled="true" aria-label="Send prompt" data-testid="send-button" data-visually-disabled="" id="composer-submit-button" interestfor="_R_5ailn79rl9abarba6rmkmkqae5l55_" aria-describedby="_R_5ailn79rl9abarba6rmkmkqae5l55_" class="composer-submit-btn composer-submit-button-color h-9 can-hover:relative can-hover:after:absolute can-hover:after:-inset-x-1 can-hover:after:inset-y-0 can-hover:after:content-[''] w-9">…</button>
  - attempting click action
    2 × waiting for element to be visible, enabled and stable
      - element is not enabled
    - retrying click action
    - waiting 20ms
    2 × waiting for element to be visible, enabled and stable
      - element is not enabled
    - retrying click action
      - waiting 100ms
    5 × waiting for element to be visible, enabled and stable
      - element is not enabled
    - retrying click action
      - waiting 500ms
    51 × waiting for element to be visible, enabled and stable
       - element is visible, enabled and stable
       - scrolling into view if needed
       - done scrolling
       - <div data-state="open" class="fixed inset-0 z-50 before:starting:backdrop-blur-0 before:absolute before:inset-0 before:bg-gray-200/50 before:backdrop-blur-[1px] not-motion-reduce:before:transition not-motion-reduce:before:duration-250 dark:before:bg-black/50 before:starting:opacity-0">…</div> from <div class="absolute inset-0" data-ignore-for-page-load="true" id="modal-conversation-history-rate-limit" data-testid="modal-conversation-history-rate-limit">…</div> subtree intercepts pointer events
     - retrying click action
       - waiting 500ms

[18:42:38] [tab1] 042: summarize 63,067 chars, 6 chunk(s), sending 6.
[18:42:40] [tab1] Could not read the model label; check the window if the mode matters.
[18:43:10] [tab1] Could not fill the message box (TimeoutError); retrying.
[18:43:23] [tab1] Rate limited; waiting 20s (used 0s of 1800s).
[18:43:45] [tab1] Rate limit cleared after 22s.
[18:46:54] [tab1] Could not read the model label; check the window if the mode matters.
[18:47:30] [tab1] Rate limited; waiting 20s (used 0s of 1800s).
[18:47:52] [tab1] Rate limit cleared after 22s.
[18:47:57] [tab1]   wrote 042_شیخ_عبدالزهراء_شرح_کتاب_معرفت_نفس_علامه_حسن_زاده_آملی_18شهریور140.summary.md (164 chars)
[18:47:57] [tab1] 043: summarize 58,455 chars, 5 chunk(s), sending 5.
[18:47:58] [tab1] Could not read the model label; check the window if the mode matters.
[18:48:28] [tab1] Could not fill the message box (TimeoutError); retrying.
[18:48:38] [tab1] Rate limited; waiting 20s (used 0s of 1800s).
[18:49:00] [tab1] Rate limit cleared after 22s.
[18:52:10] [tab1] Could not read the model label; check the window if the mode matters.
[18:53:03] [tab1]   wrote 043__شیخ_عبدالزهرا_شرح_کتاب_دروس_معرفت_نفس_علامه_حسن_زاده_آملی_26شهریور14.summary.md (5,914 chars)
[18:53:03] [tab1] 044: summarize 16,818 chars, 2 chunk(s), sending 2.
[18:53:04] [tab1] Could not read the model label; check the window if the mode matters.
[18:53:07] [tab1] Rate limited; waiting 20s (used 0s of 1800s).
[18:53:29] [tab1] Rate limit cleared after 22s.
[18:53:37] [tab1] Rate limited; waiting 20s (used 0s of 1800s).
[18:53:59] [tab1] Rate limit cleared after 22s.
[18:54:32] [tab1] Could not read the model label; check the window if the mode matters.
[18:55:04] [tab1] 044: unexpected error: Locator.click: Timeout 30000ms exceeded.
Call log:
  - waiting for locator("button[data-testid='send-button']").first
    - locator resolved to <button aria-disabled="false" aria-label="Send prompt" data-testid="send-button" id="composer-submit-button" interestfor="_R_5ailn79rl9abarba6rmkmkqae5l55_" aria-describedby="_R_5ailn79rl9abarba6rmkmkqae5l55_" class="composer-submit-btn composer-submit-button-color h-9 can-hover:relative can-hover:after:absolute can-hover:after:-inset-x-1 can-hover:after:inset-y-0 can-hover:after:content-[''] w-9">…</button>
  - attempting click action
    2 × waiting for element to be visible, enabled and stable
      - element is visible, enabled and stable
      - scrolling into view if needed
      - done scrolling
      - <div data-state="open" class="fixed inset-0 z-50 before:starting:backdrop-blur-0 before:absolute before:inset-0 before:bg-gray-200/50 before:backdrop-blur-[1px] not-motion-reduce:before:transition not-motion-reduce:before:duration-250 dark:before:bg-black/50 before:starting:opacity-0">…</div> from <div class="absolute inset-0" data-ignore-for-page-load="true" id="modal-conversation-history-rate-limit" data-testid="modal-conversation-history-rate-limit">…</div> subtree intercepts pointer events
    - retrying click action
    - waiting 20ms
    2 × waiting for element to be visible, enabled and stable
      - element is visible, enabled and stable
      - scrolling into view if needed
      - done scrolling
      - <div data-state="open" class="fixed inset-0 z-50 before:starting:backdrop-blur-0 before:absolute before:inset-0 before:bg-gray-200/50 before:backdrop-blur-[1px] not-motion-reduce:before:transition not-motion-reduce:before:duration-250 dark:before:bg-black/50 before:starting:opacity-0">…</div> from <div class="absolute inset-0" data-ignore-for-page-load="true" id="modal-conversation-history-rate-limit" data-testid="modal-conversation-history-rate-limit">…</div> subtree intercepts pointer events
    - retrying click action
      - waiting 100ms
    56 × waiting for element to be visible, enabled and stable
       - element is visible, enabled and stable
       - scrolling into view if needed
       - done scrolling
       - <div data-state="open" class="fixed inset-0 z-50 before:starting:backdrop-blur-0 before:absolute before:inset-0 before:bg-gray-200/50 before:backdrop-blur-[1px] not-motion-reduce:before:transition not-motion-reduce:before:duration-250 dark:before:bg-black/50 before:starting:opacity-0">…</div> from <div class="absolute inset-0" data-ignore-for-page-load="true" id="modal-conversation-history-rate-limit" data-testid="modal-conversation-history-rate-limit">…</div> subtree intercepts pointer events
     - retrying click action
       - waiting 500ms

[18:55:04] [tab1] 045: summarize 61,157 chars, 6 chunk(s), sending 6.
[18:55:05] [tab1] Could not read the model label; check the window if the mode matters.
[18:55:16] [tab1] Rate limited; waiting 20s (used 0s of 1800s).
[18:55:38] [tab1] Rate limit cleared after 22s.
[18:59:44] [tab1] Could not read the model label; check the window if the mode matters.
[19:00:57] [tab1]   wrote 045__شیخ_عبدالزهراء_شرح_کتاب_معرفت_نفس_علامه_حسن_زاده_آملی_2مهر140412.summary.md (6,215 chars)
[19:00:57] [tab1] 046: summarize 29,389 chars, 3 chunk(s), sending 3.
[19:01:00] [tab1] Rate limited; waiting 20s (used 0s of 1800s).
[19:01:22] [tab1] Rate limit cleared after 22s.
[19:01:22] [tab1] Could not read the model label; check the window if the mode matters.
[19:01:33] [tab1] Rate limited; waiting 20s (used 0s of 1800s).
[19:01:55] [tab1] Rate limit cleared after 22s.
[19:03:04] [tab1] Could not read the model label; check the window if the mode matters.
[19:03:34] [tab1] Could not fill the message box (TimeoutError); retrying.
[19:03:42] [tab1] Rate limited; waiting 20s (used 0s of 1800s).
[19:04:04] [tab1] Rate limit cleared after 22s.
[19:04:08] [tab1]   wrote 046__شیخ_عبدالزهراء_شرح_کتاب_معرفت_نفس_علامه_حسن_زاده_آملی_2مهر1404.summary.md (4,577 chars)
[19:04:08] [tab1] 047: summarize 61,838 chars, 6 chunk(s), sending 6.
[19:04:11] [tab1] Rate limited; waiting 20s (used 0s of 1800s).
[19:04:33] [tab1] Rate limit cleared after 22s.
[19:04:33] [tab1] Could not read the model label; check the window if the mode matters.
[19:04:44] [tab1] Rate limited; waiting 20s (used 0s of 1800s).
[19:05:06] [tab1] Rate limit cleared after 22s.
[19:08:23] [tab1] Could not read the model label; check the window if the mode matters.
[19:09:13] [tab1] Rate limited; waiting 20s (used 0s of 1800s).
[19:09:35] [tab1] Rate limit cleared after 22s.
[19:09:40] [tab1]   wrote 047_شیخ عبدالزهراء_9 مهر 1404_1_1_1.summary.md (198 chars)
[19:09:40] [tab1] 048: summarize 11,390 chars, 1 chunk(s), sending 1.
[19:09:43] [tab1] Rate limited; waiting 20s (used 0s of 1800s).
[19:10:05] [tab1] Rate limit cleared after 22s.
[19:10:05] [tab1] Could not read the model label; check the window if the mode matters.
[19:10:37] [tab1]   wrote 048__شیخ عبدالزهراء_9 مهر 1404_2_1(2).summary.md (4,370 chars)
[19:10:37] [tab1] 049: summarize 53,848 chars, 5 chunk(s), sending 5.
[19:10:41] [tab1] Could not read the model label; check the window if the mode matters.
[19:10:50] [tab1] Rate limited; waiting 20s (used 0s of 1800s).
[19:11:12] [tab1] Rate limit cleared after 22s.
[19:13:50] [tab1] Could not read the model label; check the window if the mode matters.
[19:14:05] [tab1] Rate limited; waiting 20s (used 0s of 1800s).
[19:14:27] [tab1] Rate limit cleared after 22s.
[19:14:32] [tab1]   wrote 049_شیخ_عبدالزهراء_شرح_کتاب_معرفت_نفس_علامه_حسن_زاده_آملی_16مهر1404.summary.md (4,895 chars)
[19:14:32] [tab1] 050: summarize 12,539 chars, 2 chunk(s), sending 2.
[19:14:35] [tab1] Rate limited; waiting 20s (used 0s of 1800s).
[19:14:57] [tab1] Rate limit cleared after 22s.
[19:14:57] [tab1] Could not read the model label; check the window if the mode matters.
[19:15:48] [tab1] Could not read the model label; check the window if the mode matters.
[19:15:54] [tab1] Rate limited; waiting 20s (used 0s of 1800s).
[19:16:16] [tab1] Rate limit cleared after 22s.
[19:16:20] [tab1]   wrote 050_شیخ_عبدالزهراء_شرح_کتاب_معرفت_نفس_علامه_حسن_زاده_آملی_16مهر1404 (1).summary.md (4,298 chars)
[19:16:20] [tab1] 051: summarize 59,001 chars, 5 chunk(s), sending 5.
[19:16:24] [tab1] Could not read the model label; check the window if the mode matters.
[19:16:32] [tab1] Rate limited; waiting 20s (used 0s of 1800s).
[19:16:54] [tab1] Rate limit cleared after 22s.
[19:20:02] [tab1] Could not read the model label; check the window if the mode matters.
[19:20:49] [tab1]   wrote 051_شرح_دروس_معرفت_نفس_علامه_حسن_زاده_آملی_23مهر1404_1_1_2_1_1_1_1.summary.md (4,504 chars)
[19:20:49] [tab1] 052: summarize 15,534 chars, 2 chunk(s), sending 2.
[19:20:52] [tab1] Rate limited; waiting 20s (used 0s of 1800s).
[19:21:14] [tab1] Rate limit cleared after 22s.
[19:21:14] [tab1] Could not read the model label; check the window if the mode matters.
[19:22:19] [tab1] Could not read the model label; check the window if the mode matters.
[19:22:28] [tab1] Rate limited; waiting 20s (used 0s of 1800s).
[19:22:50] [tab1] Rate limit cleared after 22s.
[19:22:54] [tab1]   wrote 052_شرح_دروس_معرفت_نفس_علامه_حسن_زاده_آملی_23مهر1404_2.summary.md (4,095 chars)
[19:22:54] [tab1] 053: summarize 56,859 chars, 5 chunk(s), sending 5.
[19:22:58] [tab1] Could not read the model label; check the window if the mode matters.
[19:23:06] [tab1] Rate limited; waiting 20s (used 0s of 1800s).
[19:23:28] [tab1] Rate limit cleared after 22s.
[19:56:47] [tab1] 053: No finished reply after 900s. Thinking mode can be slow — retry with a larger --response-timeout, or check the browser window for a captcha or usage limit.
[19:56:47] [tab1] 054: summarize 21,688 chars, 2 chunk(s), sending 2.
[19:57:06] [tab1] 054: unexpected error: Page.goto: net::ERR_TIMED_OUT at https://chatgpt.com/?model=gpt-5-thinking
Call log:
  - navigating to "https://chatgpt.com/?model=gpt-5-thinking", waiting until "domcontentloaded"

[19:57:06] [tab1] 055: summarize 54,054 chars, 5 chunk(s), sending 5.
[19:57:06] [tab1] 055: unexpected error: Page.goto: Navigation to "https://chatgpt.com/?model=gpt-5-thinking" is interrupted by another navigation to "chrome-error://chromewebdata/"
Call log:
  - navigating to "https://chatgpt.com/?model=gpt-5-thinking", waiting until "domcontentloaded"

[19:57:06] [tab1] 056: summarize 20,701 chars, 2 chunk(s), sending 2.
[19:57:06] [tab1] 056: unexpected error: Page.goto: Navigation to "https://chatgpt.com/?model=gpt-5-thinking" is interrupted by another navigation to "https://chatgpt.com/?model=gpt-5-thinking"
Call log:
  - navigating to "https://chatgpt.com/?model=gpt-5-thinking", waiting until "domcontentloaded"

[19:57:06] [tab1] 057: summarize 51,727 chars, 5 chunk(s), sending 5.
[19:57:07] [tab1] 057: unexpected error: Page.goto: Navigation to "https://chatgpt.com/?model=gpt-5-thinking" is interrupted by another navigation to "https://chatgpt.com/?model=gpt-5-thinking"
Call log:
  - navigating to "https://chatgpt.com/?model=gpt-5-thinking", waiting until "domcontentloaded"

[19:57:07] [tab1] 058: summarize 27,813 chars, 3 chunk(s), sending 3.
[19:57:07] [tab1] 058: unexpected error: Page.goto: Navigation to "https://chatgpt.com/?model=gpt-5-thinking" is interrupted by another navigation to "https://chatgpt.com/?model=gpt-5-thinking"
Call log:
  - navigating to "https://chatgpt.com/?model=gpt-5-thinking", waiting until "domcontentloaded"

[19:57:07] [tab1] 059: summarize 41,195 chars, 4 chunk(s), sending 4.
[20:03:55] [tab1] 059: unexpected error: Page.goto: Timeout 120000ms exceeded.
Call log:
  - navigating to "https://chatgpt.com/?model=gpt-5-thinking", waiting until "domcontentloaded"

[20:03:55] [tab1] 060: summarize 17,735 chars, 2 chunk(s), sending 2.
[20:04:12] [tab1] Could not read the model label; check the window if the mode matters.
[20:21:45] [tab1] Could not read the model label; check the window if the mode matters.
[20:38:08] [tab1] 060: No finished reply after 900s. Thinking mode can be slow — retry with a larger --response-timeout, or check the browser window for a captcha or usage limit.
[20:38:08] [tab1] 061: summarize 50,122 chars, 5 chunk(s), sending 5.
[20:38:10] [tab1] Could not read the model label; check the window if the mode matters.
[20:54:24] [tab1] 061: unexpected error: Locator.click: Timeout 30000ms exceeded.
Call log:
  - waiting for locator("button[data-testid='send-button']").first
    - locator resolved to <button aria-disabled="true" interestfor="_r_ce_" aria-label="Send prompt" data-visually-disabled="" data-testid="send-button" aria-describedby="_r_ce_" id="composer-submit-button" class="composer-submit-btn composer-submit-button-color h-9 can-hover:relative can-hover:after:absolute can-hover:after:-inset-x-1 can-hover:after:inset-y-0 can-hover:after:content-[''] w-9">…</button>
  - attempting click action
    2 × waiting for element to be visible, enabled and stable
      - element is not enabled
    - retrying click action
    - waiting 20ms
    2 × waiting for element to be visible, enabled and stable
      - element is not enabled
    - retrying click action
      - waiting 100ms
    6 × waiting for element to be visible, enabled and stable
      - element is not enabled
    - retrying click action
      - waiting 500ms
    - waiting for element to be visible, enabled and stable

[20:54:24] [tab1] 062: summarize 50,464 chars, 5 chunk(s), sending 5.
[20:54:46] [tab1] Could not read the model label; check the window if the mode matters.
[21:10:33] [tab1] 062: unexpected error: Locator.click: Timeout 30000ms exceeded.
Call log:
  - waiting for locator("button[data-testid='send-button']").first
    - locator resolved to <button aria-disabled="true" interestfor="_r_8e_" aria-label="Send prompt" data-visually-disabled="" data-testid="send-button" aria-describedby="_r_8e_" id="composer-submit-button" class="composer-submit-btn composer-submit-button-color h-9 can-hover:relative can-hover:after:absolute can-hover:after:-inset-x-1 can-hover:after:inset-y-0 can-hover:after:content-[''] w-9">…</button>
  - attempting click action
    2 × waiting for element to be visible, enabled and stable
      - element is not enabled
    - retrying click action
    - waiting 20ms
    2 × waiting for element to be visible, enabled and stable
      - element is not enabled
    - retrying click action
      - waiting 100ms
    4 × waiting for element to be visible, enabled and stable
      - element is not enabled
    - retrying click action
      - waiting 500ms

[21:10:33] [tab1] 063: summarize 13,431 chars, 2 chunk(s), sending 2.
[21:10:56] [tab1] Could not read the model label; check the window if the mode matters.
[21:28:09] [tab1] 063: No finished reply after 900s. Thinking mode can be slow — retry with a larger --response-timeout, or check the browser window for a captcha or usage limit.
[21:28:09] [tab1] 064: summarize 38,049 chars, 4 chunk(s), sending 4.
[21:28:11] [tab1] Could not read the model label; check the window if the mode matters.
[21:44:18] [tab1] 064: No finished reply after 900s. Thinking mode can be slow — retry with a larger --response-timeout, or check the browser window for a captcha or usage limit.
[21:44:18] [tab1] 065: summarize 59,370 chars, 5 chunk(s), sending 5.
[21:44:38] [tab1] Could not read the model label; check the window if the mode matters.
[22:04:15] [tab1] 065: No finished reply after 900s. Thinking mode can be slow — retry with a larger --response-timeout, or check the browser window for a captcha or usage limit.
[22:04:15] [tab1] 066: summarize 48,855 chars, 5 chunk(s), sending 5.
[22:04:17] [tab1] Could not read the model label; check the window if the mode matters.
[22:13:41] [tab1] Could not read the model label; check the window if the mode matters.
[22:14:24] [tab1]   wrote 066_معرفت نفس ۲۴ دی ۴۰۴ مسجد بلال_1.summary.md (161 chars)
[22:14:24] [tab1] 067: summarize 67,528 chars, 6 chunk(s), sending 6.
[22:14:25] [tab1] Could not read the model label; check the window if the mode matters.
[22:18:24] [tab1] Could not read the model label; check the window if the mode matters.
[22:36:12] [tab1] 067: No finished reply after 900s. Thinking mode can be slow — retry with a larger --response-timeout, or check the browser window for a captcha or usage limit.
[22:36:12] [tab1] 068: summarize 1,356 chars, 1 chunk(s), sending 1.
[22:36:31] [tab1] 068: unexpected error: Page.goto: net::ERR_TIMED_OUT at https://chatgpt.com/?model=gpt-5-thinking
Call log:
  - navigating to "https://chatgpt.com/?model=gpt-5-thinking", waiting until "domcontentloaded"

[22:36:31] [tab1] 069: summarize 48,299 chars, 5 chunk(s), sending 5.
[22:36:31] [tab1] 069: unexpected error: Page.goto: Navigation to "https://chatgpt.com/?model=gpt-5-thinking" is interrupted by another navigation to "chrome-error://chromewebdata/"
Call log:
  - navigating to "https://chatgpt.com/?model=gpt-5-thinking", waiting until "domcontentloaded"

[22:36:31] [tab1] 070: summarize 55,196 chars, 5 chunk(s), sending 5.
[22:36:31] [tab1] 070: unexpected error: Page.goto: Navigation to "https://chatgpt.com/?model=gpt-5-thinking" is interrupted by another navigation to "https://chatgpt.com/?model=gpt-5-thinking"
Call log:
  - navigating to "https://chatgpt.com/?model=gpt-5-thinking", waiting until "domcontentloaded"

[22:36:31] [tab1] 071: summarize 10,018 chars, 1 chunk(s), sending 1.
[22:36:32] [tab1] 071: unexpected error: Page.goto: Navigation to "https://chatgpt.com/?model=gpt-5-thinking" is interrupted by another navigation to "https://chatgpt.com/?model=gpt-5-thinking"
Call log:
  - navigating to "https://chatgpt.com/?model=gpt-5-thinking", waiting until "domcontentloaded"

[22:36:32] [tab1] 072: summarize 3,697 chars, 1 chunk(s), sending 1.
[22:36:32] [tab1] 072: unexpected error: Page.goto: Navigation to "https://chatgpt.com/?model=gpt-5-thinking" is interrupted by another navigation to "https://chatgpt.com/?model=gpt-5-thinking"
Call log:
  - navigating to "https://chatgpt.com/?model=gpt-5-thinking", waiting until "domcontentloaded"

[22:36:32] [tab1] 073: summarize 2,997 chars, 1 chunk(s), sending 1.
[22:36:32] [tab1] 073: unexpected error: Page.goto: Navigation to "https://chatgpt.com/?model=gpt-5-thinking" is interrupted by another navigation to "https://chatgpt.com/?model=gpt-5-thinking"
Call log:
  - navigating to "https://chatgpt.com/?model=gpt-5-thinking", waiting until "domcontentloaded"

[22:36:32] [tab1] 074: summarize 53,184 chars, 5 chunk(s), sending 5.
[22:36:32] [tab1] 074: unexpected error: Page.goto: Navigation to "https://chatgpt.com/?model=gpt-5-thinking" is interrupted by another navigation to "https://chatgpt.com/?model=gpt-5-thinking"
Call log:
  - navigating to "https://chatgpt.com/?model=gpt-5-thinking", waiting until "domcontentloaded"

[22:36:32] [tab1] 075: summarize 3,458 chars, 1 chunk(s), sending 1.
[22:36:33] [tab1] 075: unexpected error: Page.goto: Navigation to "https://chatgpt.com/?model=gpt-5-thinking" is interrupted by another navigation to "https://chatgpt.com/?model=gpt-5-thinking"
Call log:
  - navigating to "https://chatgpt.com/?model=gpt-5-thinking", waiting until "domcontentloaded"

[22:36:33] Done with 28 item(s) unfinished. Rerun to resume from the cache.
=== book pass 11-75 Fri Aug 28 23:29:33 PDT 2026 ===
[23:29:34] Nothing to do (no matching *.txt, or all book outputs exist).
=== summarize pass 11-75 Fri Aug 28 23:29:34 PDT 2026 ===
[23:29:34] Opening 1 tab(s) for 28 item(s).
[23:29:34] [tab1] 016: summarize 52,295 chars, 5 chunk(s), sending 0.
[23:29:38] [tab1] Could not read the model label; check the window if the mode matters.
[23:46:13] [tab1] 016: No finished reply after 900s. Thinking mode can be slow — retry with a larger --response-timeout, or check the browser window for a captcha or usage limit.
[23:46:13] [tab1] 019: summarize 19,160 chars, 2 chunk(s), sending 0.
[23:46:36] [tab1] Could not read the model label; check the window if the mode matters.
[00:03:16] [tab1] 019: No finished reply after 900s. Thinking mode can be slow — retry with a larger --response-timeout, or check the browser window for a captcha or usage limit.
[00:03:16] [tab1] 025: summarize 18,671 chars, 2 chunk(s), sending 2.
[00:03:18] [tab1] Could not read the model label; check the window if the mode matters.
[00:13:33] [tab1] 025: unexpected error: Locator.click: Timeout 30000ms exceeded.
Call log:
  - waiting for locator("button[data-testid='send-button']").first
    - locator resolved to <button aria-disabled="false" interestfor="_r_1gn_" aria-label="Send prompt" data-testid="send-button" aria-describedby="_r_1gn_" id="composer-submit-button" class="composer-submit-btn composer-submit-button-color h-9 can-hover:relative can-hover:after:absolute can-hover:after:-inset-x-1 can-hover:after:inset-y-0 can-hover:after:content-[''] w-9">…</button>
  - attempting click action
    - waiting for element to be visible, enabled and stable
    - element is visible, enabled and stable
    - scrolling into view if needed
    - done scrolling
    - performing click action

[00:13:33] [tab1] 027: summarize 24,296 chars, 3 chunk(s), sending 0.
[00:13:36] [tab1] Could not read the model label; check the window if the mode matters.
[00:14:04] [tab1]   wrote 027__شیخ_عبدالزهراء_شرح_کتاب_دورس_معرفت_نفس_علامه_حسن_زاده_آملی_19خرداد.summary.md (4,315 chars)
[00:14:04] [tab1] 041: summarize 17,970 chars, 2 chunk(s), sending 2.
[00:14:05] [tab1] Could not read the model label; check the window if the mode matters.
[00:29:55] [tab1] 041: No finished reply after 900s. Thinking mode can be slow — retry with a larger --response-timeout, or check the browser window for a captcha or usage limit.
[00:29:55] [tab1] 044: summarize 16,818 chars, 2 chunk(s), sending 0.
[00:29:57] [tab1] Could not read the model label; check the window if the mode matters.
[00:30:36] [tab1]   wrote 044__شیخ_عبدالزهراء_شرح_کتاب_دروس_معرفت_نفس_علامه_حسن_زاده_آملی_26شهریور2.summary.md (4,498 chars)
[00:30:36] [tab1] 053: summarize 56,859 chars, 5 chunk(s), sending 1.
[00:30:37] [tab1] Could not read the model label; check the window if the mode matters.
[00:46:12] [tab1] 053: No finished reply after 900s. Thinking mode can be slow — retry with a larger --response-timeout, or check the browser window for a captcha or usage limit.
[00:46:12] [tab1] 054: summarize 21,688 chars, 2 chunk(s), sending 2.
[00:46:14] [tab1] Could not read the model label; check the window if the mode matters.
[01:03:40] [tab1] 054: No finished reply after 900s. Thinking mode can be slow — retry with a larger --response-timeout, or check the browser window for a captcha or usage limit.
[01:03:40] [tab1] 055: summarize 54,054 chars, 5 chunk(s), sending 5.
[01:03:43] [tab1] Could not read the model label; check the window if the mode matters.
[01:15:36] [tab1] Could not fill the message box (TargetClosedError); retrying.
[01:15:36] [tab1] 055: unexpected error: Page.wait_for_timeout: Target page, context or browser has been closed
[01:15:36] [tab1] 056: summarize 20,701 chars, 2 chunk(s), sending 2.
[01:15:36] [tab1] 056: unexpected error: Page.goto: Target page, context or browser has been closed
[01:15:36] [tab1] 057: summarize 51,727 chars, 5 chunk(s), sending 5.
[01:15:36] [tab1] 057: unexpected error: Page.goto: Target page, context or browser has been closed
[01:15:36] [tab1] 058: summarize 27,813 chars, 3 chunk(s), sending 3.
[01:15:36] [tab1] 058: unexpected error: Page.goto: Target page, context or browser has been closed
[01:15:36] [tab1] 059: summarize 41,195 chars, 4 chunk(s), sending 4.
[01:15:36] [tab1] 059: unexpected error: Page.goto: Target page, context or browser has been closed
[01:15:36] [tab1] 060: summarize 17,735 chars, 2 chunk(s), sending 0.
[01:15:36] [tab1] 060: unexpected error: Page.goto: Target page, context or browser has been closed
[01:15:36] [tab1] 061: summarize 50,122 chars, 5 chunk(s), sending 4.
[01:15:36] [tab1] 061: unexpected error: Page.goto: Target page, context or browser has been closed
[01:15:36] [tab1] 062: summarize 50,464 chars, 5 chunk(s), sending 4.
[01:15:36] [tab1] 062: unexpected error: Page.goto: Target page, context or browser has been closed
[01:15:36] [tab1] 063: summarize 13,431 chars, 2 chunk(s), sending 2.
[01:15:36] [tab1] 063: unexpected error: Page.goto: Target page, context or browser has been closed
[01:15:36] [tab1] 064: summarize 38,049 chars, 4 chunk(s), sending 3.
[01:15:36] [tab1] 064: unexpected error: Page.goto: Target page, context or browser has been closed
[01:15:36] [tab1] 065: summarize 59,370 chars, 5 chunk(s), sending 4.
[01:15:36] [tab1] 065: unexpected error: Page.goto: Target page, context or browser has been closed
[01:15:36] [tab1] 067: summarize 67,528 chars, 6 chunk(s), sending 0.
[01:15:36] [tab1] 067: unexpected error: Page.goto: Target page, context or browser has been closed
[01:15:36] [tab1] 068: summarize 1,356 chars, 1 chunk(s), sending 1.
[01:15:36] [tab1] 068: unexpected error: Page.goto: Target page, context or browser has been closed
[01:15:36] [tab1] 069: summarize 48,299 chars, 5 chunk(s), sending 5.
[01:15:36] [tab1] 069: unexpected error: Page.goto: Target page, context or browser has been closed
[01:15:36] [tab1] 070: summarize 55,196 chars, 5 chunk(s), sending 5.
[01:15:36] [tab1] 070: unexpected error: Page.goto: Target page, context or browser has been closed
[01:15:36] [tab1] 071: summarize 10,018 chars, 1 chunk(s), sending 1.
[01:15:36] [tab1] 071: unexpected error: Page.goto: Target page, context or browser has been closed
[01:15:36] [tab1] 072: summarize 3,697 chars, 1 chunk(s), sending 1.
[01:15:36] [tab1] 072: unexpected error: Page.goto: Target page, context or browser has been closed
[01:15:36] [tab1] 073: summarize 2,997 chars, 1 chunk(s), sending 1.
[01:15:36] [tab1] 073: unexpected error: Page.goto: Target page, context or browser has been closed
[01:15:36] [tab1] 074: summarize 53,184 chars, 5 chunk(s), sending 5.
[01:15:36] [tab1] 074: unexpected error: Page.goto: Target page, context or browser has been closed
[01:15:36] [tab1] 075: summarize 3,458 chars, 1 chunk(s), sending 1.
[01:15:36] [tab1] 075: unexpected error: Page.goto: Target page, context or browser has been closed
[01:15:36] Done with 26 item(s) unfinished. Rerun to resume from the cache.
=== book pass 11-75 Sat Aug 29 01:29:13 PDT 2026 ===
[01:29:13] Nothing to do (no matching *.txt, or all book outputs exist).
=== summarize pass 11-75 Sat Aug 29 01:29:13 PDT 2026 ===
[01:29:13] Opening 1 tab(s) for 26 item(s).
[01:29:13] [tab1] 016: summarize 52,295 chars, 5 chunk(s), sending 0.
[01:29:15] [tab1] Could not read the model label; check the window if the mode matters.
[01:29:59] [tab1]   wrote 016_حجت_الاسلام_بیات_شرح_کتب_علامه_حسن_زاده_آملی_22اسفند1403_1.summary.md (176 chars)
[01:29:59] [tab1] 019: summarize 19,160 chars, 2 chunk(s), sending 0.
[01:30:00] [tab1] Could not read the model label; check the window if the mode matters.
[01:30:44] [tab1]   wrote 019_حجت_السلام_بیات_شرح_کتاب_دروس_معرفت_نفس_علامه_حسن_زاده_آملی_27فروردین1404 (1).summary.md (4,297 chars)
[01:30:44] [tab1] 025: summarize 18,671 chars, 2 chunk(s), sending 1.
[01:30:45] [tab1] Could not read the model label; check the window if the mode matters.
[01:31:09] [tab1] Could not read the model label; check the window if the mode matters.
[01:31:38] [tab1]   wrote 025_حجت_الاسلام_بیات_شرح_کتاب_دروس_معرفت_نفس_علامه_حسن_زاده_آملی_7خرداد1404.summary.md (4,349 chars)
[01:31:38] [tab1] 041: summarize 17,970 chars, 2 chunk(s), sending 2.
[01:31:39] [tab1] Could not read the model label; check the window if the mode matters.
[01:32:47] [tab1] Could not read the model label; check the window if the mode matters.
[01:33:35] [tab1]   wrote 041__شیخ_عبدالزهراء_شرح_کتاب_دروس_نفس_علامه_حسن_زاده_آملی_17شهریور1404.summary.md (4,258 chars)
[01:33:35] [tab1] 053: summarize 56,859 chars, 5 chunk(s), sending 1.
[01:33:36] [tab1] Could not read the model label; check the window if the mode matters.
[01:34:07] [tab1] Could not read the model label; check the window if the mode matters.
[01:35:19] [tab1]   wrote 053_دروس معرفت نفس_30مهر1404_5_1.summary.md (5,294 chars)
[01:35:19] [tab1] 054: summarize 21,688 chars, 2 chunk(s), sending 1.
[01:35:20] [tab1] Could not read the model label; check the window if the mode matters.
[01:35:52] [tab1] Could not read the model label; check the window if the mode matters.
[01:36:18] [tab1]   wrote 054_حجت الاسلام بیات_30مهر1404.summary.md (3,924 chars)
[01:36:18] [tab1] 055: summarize 54,054 chars, 5 chunk(s), sending 2.
[01:36:18] [tab1] Could not read the model label; check the window if the mode matters.
[01:37:27] [tab1] Could not read the model label; check the window if the mode matters.
[01:38:06] [tab1]   wrote 055_کلاس_معرفت_نفس_علامه_حسن_زاده_آملی_شیخ_عبدالزهرا_7آبان1404_1_1.summary.md (119 chars)
[01:38:06] [tab1] 056: summarize 20,701 chars, 2 chunk(s), sending 2.
[01:38:07] [tab1] Could not read the model label; check the window if the mode matters.
[01:39:19] [tab1] Could not read the model label; check the window if the mode matters.
[01:40:10] [tab1]   wrote 056_کلاس_معرفت_نفس_علامه_حسن_زاده_آملی_شیخ_عبدالزهرا_7آبان1404_2.summary.md (4,347 chars)
[01:40:10] [tab1] 057: summarize 51,727 chars, 5 chunk(s), sending 5.
[01:40:11] [tab1] Could not read the model label; check the window if the mode matters.
[01:43:21] [tab1] Could not read the model label; check the window if the mode matters.
[01:44:17] [tab1]   wrote 057_حجت_الاسلام_عبدالزهرا_دروس_معرفت_نفس_علامه_حسن_زاده_آملی_14آبان1404.summary.md (123 chars)
[01:44:17] [tab1] 058: summarize 27,813 chars, 3 chunk(s), sending 3.
[01:44:18] [tab1] Could not read the model label; check the window if the mode matters.
[01:46:21] [tab1] Could not read the model label; check the window if the mode matters.
[01:47:05] [tab1]   wrote 058_حجت_الاسلام_عبدالزهرا_دروس_معرفت_نفس_علامه_حسن_زاده_آملی_14آبان1404 (1).summary.md (163 chars)
[01:47:05] [tab1] 059: summarize 41,195 chars, 4 chunk(s), sending 4.
[01:47:05] [tab1] Could not read the model label; check the window if the mode matters.
[01:49:37] [tab1] Could not read the model label; check the window if the mode matters.
[01:50:17] [tab1]   wrote 059_حجه_الاسلام_عبدالزهراء_دروس_معرفت_نفس_۲۱_آبان_۴۰۴_6.summary.md (129 chars)
[01:50:17] [tab1] 060: summarize 17,735 chars, 2 chunk(s), sending 0.
[01:50:18] [tab1] Could not read the model label; check the window if the mode matters.
[01:50:47] [tab1]   wrote 060_حجه_الاسلام_عبدالزهراء_دروس_معرفت_نفس_بحث_۲۱_آبان_۴۰۴.summary.md (50 chars)
[01:50:47] [tab1] 061: summarize 50,122 chars, 5 chunk(s), sending 4.
[01:50:48] [tab1] Could not read the model label; check the window if the mode matters.
[01:53:27] [tab1] Could not read the model label; check the window if the mode matters.
[01:54:37] [tab1]   wrote 061_حجت_الاسلام_عبدالزهرا_شرح_کتاب_دروس_معرفت_نفس_علامه_حسن_زاده_آملی.summary.md (5,698 chars)
[01:54:37] [tab1] 062: summarize 50,464 chars, 5 chunk(s), sending 4.
[01:54:38] [tab1] Could not read the model label; check the window if the mode matters.
[01:57:04] [tab1] Could not read the model label; check the window if the mode matters.
[01:57:13] [tab1] Rate limited; waiting 20s (used 0s of 1800s).
[01:57:35] [tab1] Rate limit cleared after 22s.
[01:57:44] [tab1] Rate limited; waiting 20s (used 0s of 1800s).
[01:58:06] [tab1] Rate limit cleared after 22s.
[01:58:11] [tab1]   wrote 062_سخنرانی حاج آقا بیات 1404.summary.md (116 chars)
[01:58:11] [tab1] 063: summarize 13,431 chars, 2 chunk(s), sending 2.
[01:58:14] [tab1] Could not read the model label; check the window if the mode matters.
[01:58:22] [tab1] Rate limited; waiting 20s (used 0s of 1800s).
[01:58:44] [tab1] Rate limit cleared after 22s.
[01:59:16] [tab1] Rate limited; waiting 20s (used 0s of 1800s).
[01:59:38] [tab1] Rate limit cleared after 22s.
[01:59:38] [tab1] Could not read the model label; check the window if the mode matters.
[02:00:04] [tab1]   wrote 063_حجت_الاسلام_عبدالزهرا_جمع_بندی_مقدمات_19آذر1404_3.summary.md (3,629 chars)
[02:00:04] [tab1] 064: summarize 38,049 chars, 4 chunk(s), sending 3.
[02:00:07] [tab1] Rate limited; waiting 20s (used 0s of 1800s).
[02:00:29] [tab1] Rate limit cleared after 22s.
[02:00:29] [tab1] Could not read the model label; check the window if the mode matters.
[02:02:03] [tab1] Could not read the model label; check the window if the mode matters.
[02:02:13] [tab1] Rate limited; waiting 20s (used 0s of 1800s).
[02:02:35] [tab1] Rate limit cleared after 22s.
[02:02:44] [tab1] Rate limited; waiting 20s (used 0s of 1800s).
[02:03:06] [tab1] Rate limit cleared after 22s.
[02:03:11] [tab1]   wrote 064_حجت_الاسلام_عبدالزهرا_جمع_بندی_مقدمات_19آذر1404_2_1_1.summary.md (179 chars)
[02:03:11] [tab1] 065: summarize 59,370 chars, 5 chunk(s), sending 4.
[02:03:13] [tab1] Could not read the model label; check the window if the mode matters.
[02:06:17] [tab1] Could not read the model label; check the window if the mode matters.
[02:07:01] [tab1] Rate limited; waiting 20s (used 0s of 1800s).
[02:07:23] [tab1] Rate limit cleared after 22s.
[02:07:28] [tab1]   wrote 065_حجت الاسلام عبدالزهراء_دروس معرفت نفس_3دی1404_2.summary.md (121 chars)
[02:07:28] [tab1] 067: summarize 67,528 chars, 6 chunk(s), sending 0.
[02:07:31] [tab1] Could not read the model label; check the window if the mode matters.
[02:08:23] [tab1] Rate limited; waiting 20s (used 0s of 1800s).
[02:08:45] [tab1] Rate limit cleared after 22s.
[02:08:49] [tab1]   wrote 067_استاد عبدالزهرا_8بهمن1404.summary.md (62 chars)
[02:08:49] [tab1] 068: summarize 1,356 chars, 1 chunk(s), sending 1.
[02:08:52] [tab1] Could not read the model label; check the window if the mode matters.
[02:09:14] [tab1]   wrote 068_نظر خاص علامه در مورد رهبر.summary.md (2,189 chars)
[02:09:14] [tab1] 069: summarize 48,299 chars, 5 chunk(s), sending 5.
[02:09:17] [tab1] Could not read the model label; check the window if the mode matters.
[02:09:25] [tab1] Rate limited; waiting 20s (used 0s of 1800s).
[02:09:47] [tab1] Rate limit cleared after 22s.
[02:12:49] [tab1] Could not read the model label; check the window if the mode matters.
[02:13:45] [tab1]   wrote 069_کلاس معرفت نفس_استاد عبدالزهرا_29بهمن1404_3_1.summary.md (5,407 chars)
[02:13:45] [tab1] 070: summarize 55,196 chars, 5 chunk(s), sending 5.
[02:13:48] [tab1] Could not read the model label; check the window if the mode matters.
[02:13:56] [tab1] Rate limited; waiting 20s (used 0s of 1800s).
[02:14:22] [tab1] Rate limited; waiting 30s (used 22s of 1800s).
[02:14:54] [tab1] Rate limit cleared after 54s.
[02:47:46] [tab1] 070: No finished reply after 900s. Thinking mode can be slow — retry with a larger --response-timeout, or check the browser window for a captcha or usage limit.
[02:47:46] [tab1] 071: summarize 10,018 chars, 1 chunk(s), sending 1.
[02:47:49] [tab1] Could not read the model label; check the window if the mode matters.
[02:48:19] [tab1]   wrote 071_نکات شب دوم (1).summary.md (3,654 chars)
[02:48:19] [tab1] 072: summarize 3,697 chars, 1 chunk(s), sending 1.
[02:48:20] [tab1] Could not read the model label; check the window if the mode matters.
[03:05:29] [tab1] 072: No finished reply after 900s. Thinking mode can be slow — retry with a larger --response-timeout, or check the browser window for a captcha or usage limit.
[03:05:29] [tab1] 073: summarize 2,997 chars, 1 chunk(s), sending 1.
[03:05:32] [tab1] Could not read the model label; check the window if the mode matters.
[03:05:51] [tab1]   wrote 073_اهتمام به معرفت نفس.summary.md (2,821 chars)
[03:05:51] [tab1] 074: summarize 53,184 chars, 5 chunk(s), sending 5.
[03:05:53] [tab1] Could not read the model label; check the window if the mode matters.
[03:22:02] [tab1] 074: No finished reply after 900s. Thinking mode can be slow — retry with a larger --response-timeout, or check the browser window for a captcha or usage limit.
[03:22:02] [tab1] 075: summarize 3,458 chars, 1 chunk(s), sending 1.
[03:22:25] [tab1] Could not read the model label; check the window if the mode matters.
[03:22:45] [tab1]   wrote 075_استاد عبدالزهرا.summary.md (2,867 chars)
[03:22:46] Done with 3 item(s) unfinished. Rerun to resume from the cache.
=== book pass 11-75 Sat Aug 29 06:01:44 PDT 2026 ===
[06:01:44] Nothing to do (no matching *.txt, or all book outputs exist).
=== summarize pass 11-75 Sat Aug 29 06:01:44 PDT 2026 ===
[06:01:44] Opening 1 tab(s) for 3 item(s).
[06:01:45] [tab1] 070: summarize 55,196 chars, 5 chunk(s), sending 3.
[06:01:47] [tab1] Could not read the model label; check the window if the mode matters.
[06:50:57] [tab1] Could not read the model label; check the window if the mode matters.
[07:06:39] [tab1] 070: No finished reply after 900s. Thinking mode can be slow — retry with a larger --response-timeout, or check the browser window for a captcha or usage limit.
[07:06:39] [tab1] 072: summarize 3,697 chars, 1 chunk(s), sending 1.
[07:06:41] [tab1] Could not read the model label; check the window if the mode matters.
[07:07:09] [tab1]   wrote 072_نكته عرشى.summary.md (2,925 chars)
[07:07:09] [tab1] 074: summarize 53,184 chars, 5 chunk(s), sending 5.
[07:07:10] [tab1] Could not read the model label; check the window if the mode matters.
[07:22:31] [tab1] 074: No finished reply after 900s. Thinking mode can be slow — retry with a larger --response-timeout, or check the browser window for a captcha or usage limit.
[07:22:31] Done with 2 item(s) unfinished. Rerun to resume from the cache.
=== book pass 11-75 Sat Aug 29 10:37:41 PDT 2026 ===
[10:37:41] Nothing to do (no matching *.txt, or all book outputs exist).
=== summarize pass 11-75 Sat Aug 29 10:37:41 PDT 2026 ===
[10:37:41] Opening 1 tab(s) for 2 item(s).
[10:37:42] [tab1] 070: summarize 55,196 chars, 5 chunk(s), sending 0.
[10:37:44] [tab1] Could not read the model label; check the window if the mode matters.
[10:38:29] [tab1]   wrote 070_حجت الاسلام عبدالزهرا_شرح کتاب دروس معرفت نفس علامه حسن زاده آملی_6اسفند1404_2.summary.md (5,007 chars)
[10:38:29] [tab1] 074: summarize 53,184 chars, 5 chunk(s), sending 5.
[10:38:30] [tab1] Could not read the model label; check the window if the mode matters.
[10:41:41] [tab1] Could not read the model label; check the window if the mode matters.
[10:42:19] [tab1]   wrote 074_جلسه معرفت نفس سه شنبه 1405.05.06.summary.md (4,693 chars)
[10:42:19] Done.
=== rebuild website Sat Aug 29 10:42:19 PDT 2026 ===
Output: /Users/mohammadreza/IslamASR/website/apps/web/public/data

  bayat      / marefat_nafs      75 sessions,  75 transcribed, 0:00

Wrote /Users/mohammadreza/IslamASR/website/apps/web/public/data/index.json
=== ALL DONE 11-75 Sat Aug 29 10:42:19 PDT 2026 ===
Output: /Users/mohammadreza/IslamASR/website/apps/web/public/data

  bayat      / marefat_nafs      75 sessions,  75 transcribed, 0:00

Wrote /Users/mohammadreza/IslamASR/website/apps/web/public/data/index.json
